{
    "Overall": {
        "samples": {
            "DominantAssumption": {
                "R0h1R1h1": 3,
                "R0h0R1h0": 6
            },
            "General": {
                "R0h1R1h1": 10,
                "R0h0R1h0": 10
            },
            "RelaxedDominantAssumption": {
                "R0h1R1h1": 3,
                "R0h0R1h0": 6
            }
        }
    },
    "PerTrafficStream": {},
    "ANOVA": {
        "samples": 10,
        "groundtruth": 6
    },
    "Kruskal": {
        "samples": 10,
        "groundtruth": 6
    },
    "EndToEndMean": {
        "R0h1R1h1": [
            586738138.5932654,
            586487993.6964204,
            584580784.6530079,
            585408736.5097276,
            584793523.9407626,
            585770962.5809867,
            587641518.7445778,
            586017350.7729326,
            589471937.0310761,
            587764455.3399719
        ],
        "R0h0R1h0": [
            588647473.501168,
            587076384.0217746,
            586585052.1291076,
            589393232.1081505,
            585870073.8595495,
            587875760.3922287,
            588484735.4550394,
            587171347.0899781,
            589556619.4436442,
            589626947.6546493
        ]
    },
    "EndToEndStd": {
        "R0h1R1h1": [
            25669594.65179204,
            20963571.504061162,
            23539915.309731204,
            30868541.34195081,
            26770071.847035978,
            29220493.064303115,
            22800566.213825885,
            23595739.07260142,
            19845730.486304037,
            27482804.8593778
        ],
        "R0h0R1h0": [
            22699853.443638552,
            20833615.429298718,
            21702567.468358476,
            27787756.106242273,
            24527860.199818622,
            26705284.04551527,
            22913256.202857405,
            23332542.241109796,
            20277483.97562135,
            21833277.16044436
        ]
    },
    "EndToEndSkew": {
        "R0h1R1h1": [
            -3.9381471078413184,
            -4.4896388807946,
            -3.777723128735101,
            -2.988737184862964,
            -2.8281931828311415,
            -4.670764564162176,
            -0.2561957433522214,
            -0.5437068983211824,
            -0.41868515446473054,
            -7.046763249529041
        ],
        "R0h0R1h0": [
            -0.4859120047023829,
            -3.7446899325152088,
            -1.4378257815162563,
            -0.5648720754141883,
            -0.3583442810730583,
            -1.7695525601861957,
            -0.3457307701868876,
            -0.23104052698550137,
            -1.499008443971651,
            -2.7305264219249863
        ]
    },
    "DropRate": [
        0.10733036793807749,
        0.10349359154737028,
        0.10113134000991313,
        0.11354367647794983,
        0.1125923055100626,
        0.10985341182888779,
        0.10500318530927596,
        0.12101889489929382,
        0.11071338954374041,
        0.10840699558250895
    ],
    "T0std": [
        22443480.583762534,
        19336127.181601837,
        20838152.8939475,
        27432715.28346483,
        24356840.13747385,
        24954680.432172034,
        22755874.58518352,
        23079319.801899742,
        19518262.64934581,
        20456402.39261269
    ],
    "T1std": {
        "R0h1R1h1": [
            832646.8868559463,
            779453.2138301783,
            849354.4060251686,
            998414.6779802701,
            694150.2939059306,
            712219.300144062,
            734045.7551064786,
            688491.9265415801,
            809815.2722330503,
            726284.7853110282
        ],
        "R0h0R1h0": [
            1605577.590405331,
            1252177.089412693,
            1343355.0576862616,
            1606627.2870557196,
            1350916.86358395,
            1260777.775973204,
            1700805.5097281241,
            1503274.3274293554,
            1426648.2256690578,
            1450339.3395663155
        ]
    },
    "T0Ineq": {
        "R0h1R1h1": 0,
        "R0h0R1h0": 0
    },
    "T0IneqMaxEpsilon": {
        "R0h1R1h1": 10,
        "R0h0R1h0": 10
    },
    "T0IneqRemovedZeroes": {
        "R0h1R1h1": 0,
        "R0h0R1h0": 0
    },
    "T1Ineq": {
        "R0h1R1h1": 0,
        "R0h0R1h0": 0
    },
    "T1IneqMaxEpsilon": {
        "R0h1R1h1": 0,
        "R0h0R1h0": 0
    },
    "T1IneqRemovedZeroes": {
        "R0h1R1h1": 0,
        "R0h0R1h0": 0
    },
    "experiments": 10
}