{
    "Overall": {
        "samples": {
            "DominantAssumption": {
                "R0h1R1h1": 47,
                "R0h0R1h0": 46
            },
            "General": {
                "R0h1R1h1": 50,
                "R0h0R1h0": 50
            },
            "RelaxedDominantAssumption": {
                "R0h1R1h1": 45,
                "R0h0R1h0": 45
            },
            "Basic": {
                "R0h1R1h1": 9,
                "R0h0R1h0": 39
            },
            "Basic_timeAvg": {
                "R0h1R1h1": 47,
                "R0h0R1h0": 47
            }
        }
    },
    "PerTrafficStream": {},
    "ANOVA": {
        "samples": 47,
        "groundtruth": 34
    },
    "Kruskal": {
        "samples": 46,
        "groundtruth": 31
    },
    "EndToEndMean": {
        "R0h1R1h1": [
            587843516.929929,
            592018864.8192352,
            583749596.4494766,
            580809967.9554647,
            586762516.9187759,
            583261641.0116279,
            589093742.0836545,
            589715879.1827788,
            585363287.4261122,
            587248594.2564964,
            584298793.6234919,
            585766714.3530641,
            588478694.3548238,
            583324788.0381953,
            594439080.5352372,
            580878218.1961616,
            584164866.0383401,
            586350820.1658692,
            587690921.4381839,
            586004454.9113693,
            583578868.6827815,
            586568090.2570854,
            587356653.5531768,
            588158690.9247335,
            591323655.6034874,
            592646641.0746095,
            579146618.6967413,
            582862427.8314811,
            585207395.7318857,
            591569267.7292082,
            587220997.6983066,
            586617241.1583217,
            591743742.6996579,
            591546411.670151,
            588647405.0255386,
            589353041.8724399,
            585855950.6045744,
            584336424.6861231,
            581208194.6386845,
            591123756.0644572,
            589986810.4271551,
            592026524.9949857,
            591532388.5470998,
            584992936.9623545,
            583978955.2414699,
            586919781.105117,
            583064441.8908968,
            592584635.1750174,
            591698527.8189656,
            582893389.6538548
        ],
        "R0h0R1h0": [
            588675524.0553439,
            592794293.4054103,
            585465945.2983397,
            581351007.1320925,
            586906024.8564749,
            583819247.3510487,
            589243822.1496826,
            590704913.315,
            586722035.4665382,
            587646014.7388073,
            585471834.836022,
            588440695.6625973,
            590652119.135,
            584214872.5786903,
            596178483.0310036,
            582846026.494263,
            584910006.3151238,
            588364254.5019387,
            589095902.6670264,
            587232514.8527892,
            584921542.1566863,
            589051234.9731096,
            588812539.8550776,
            589844672.8009479,
            592738697.5761614,
            594022046.7115453,
            579407704.1300126,
            584026205.8679868,
            585590835.0282655,
            593229514.779399,
            588115272.316589,
            587845763.1162707,
            593386609.4190644,
            592693652.3854262,
            589132592.6920246,
            589738415.7336729,
            587484038.2031524,
            585412037.8732173,
            583035698.1010363,
            592109423.4295313,
            591202274.4284194,
            593275515.3189595,
            592340348.83507,
            585983680.7268847,
            586367818.0095772,
            588696338.2509853,
            584575911.7628756,
            594617789.1968979,
            592592288.9025928,
            585278605.0105735
        ]
    },
    "EndToEndStd": {
        "R0h1R1h1": [
            22591875.948614784,
            23301227.974710282,
            25025281.891733516,
            23095929.11202034,
            18776296.49921752,
            21353029.469095953,
            27098934.95981868,
            25731998.306941982,
            26453763.88463184,
            25464149.40143691,
            22045411.246441483,
            24409933.315896377,
            25895347.512314335,
            21873944.422483515,
            25011270.027905066,
            21666324.97646798,
            25042253.50834593,
            24335468.793847032,
            20763843.65887348,
            23354100.59497074,
            26337429.385966882,
            25628851.397199087,
            24000653.912699666,
            22196889.82852969,
            22734198.28939117,
            18646868.48446043,
            20400540.68573812,
            26359345.687591888,
            25002739.358970422,
            23870301.039966553,
            20603169.095526572,
            25198367.073056344,
            21186456.908890955,
            21772384.242088784,
            19489935.955448292,
            19376167.03659973,
            23172159.049057,
            17071082.00469506,
            29350435.330302346,
            24236971.77245346,
            25809731.40304401,
            21913656.520663112,
            24720303.042978227,
            19198072.5374108,
            26461430.117427316,
            24859581.43001055,
            23036527.429611735,
            23045418.76633574,
            21356887.690083254,
            26697799.119621303
        ],
        "R0h0R1h0": [
            21365459.922469687,
            22584678.30064138,
            25261457.976508856,
            21822047.448369887,
            18667834.764784504,
            24606356.049477343,
            25018333.63433436,
            26697311.509452604,
            25120545.090023346,
            24579662.29763047,
            19599335.897790965,
            24857230.129186165,
            25019232.199041896,
            21039794.72884977,
            26260826.797264006,
            21153282.316564083,
            24026324.19752771,
            24960910.27701464,
            19749736.532969832,
            21833923.974041715,
            26373401.343297992,
            25714291.37153362,
            25605019.143001303,
            22301044.95091872,
            22083830.20762816,
            21680549.43517399,
            20846845.499704394,
            27366667.67499296,
            24047554.491144132,
            23294135.38357014,
            19921268.72583435,
            24982278.745932538,
            19399339.830448233,
            21386482.444675084,
            21503257.669082303,
            19518541.5798401,
            23530658.47753053,
            19882795.751745947,
            29694304.221714776,
            25091593.036223996,
            25069121.074539695,
            19644658.05371908,
            25169050.428204186,
            20412367.1401032,
            24942395.083311144,
            22603000.575288087,
            24121084.394346204,
            23289545.811139073,
            20875691.578431595,
            27169917.429029547
        ]
    },