{
    "Overall": {
        "samples": {
            "DominantAssumption": {
                "R0h1R1h1": 47,
                "R0h0R1h0": 47
            },
            "General": {
                "R0h1R1h1": 50,
                "R0h0R1h0": 50
            },
            "RelaxedDominantAssumption": {
                "R0h1R1h1": 41,
                "R0h0R1h0": 44
            },
            "Basic": {
                "R0h1R1h1": 9,
                "R0h0R1h0": 34
            },
            "Basic_timeAvg": {
                "R0h1R1h1": 44,
                "R0h0R1h0": 46
            }
        }
    },
    "PerTrafficStream": {},
    "ANOVA": {
        "samples": 46,
        "groundtruth": 22
    },
    "Kruskal": {
        "samples": 47,
        "groundtruth": 21
    },
    "EndToEndMean": {
        "R0h1R1h1": [
            585789030.7668232,
            593324836.0052898,
            589564127.0563284,
            583076844.1897316,
            594386365.8334438,
            591397248.1751555,
            585112881.753304,
            586015197.2697321,
            584158713.4273787,
            586298336.5904483,
            581612371.5996376,
            585327233.931636,
            585974978.04926,
            589060347.3088522,
            582813344.0195677,
            591678326.1779083,
            585638458.8826612,
            580660325.105832,
            591928730.7773508,
            584547944.4362689,
            591161442.6487685,
            584588497.7696984,
            586590703.2490524,
            579510298.5949683,
            587717849.8758944,
            588820895.439083,
            591632969.1976285,
            588226673.6867276,
            588145345.6151934,
            589942823.7261277,
            587770518.9590182,
            583756037.383529,
            585210113.9416782,
            582919539.2855868,
            588244432.8272371,
            586071434.0480056,
            586396949.4978286,
            586767082.4692699,
            582491868.2912273,
            582108181.4606361,
            588427925.7597432,
            584993755.5154498,
            587902729.480882,
            591363715.3582335,
            592265591.859045,
            591040448.93019,
            587170824.8159182,
            586066798.7546898,
            587748544.8592376,
            593011498.0386753
        ],
        "R0h0R1h0": [
            587793184.9676018,
            594504149.4063643,
            590759566.792933,
            584575865.1640806,
            594476760.8500725,
            593726942.3008783,
            585903279.855176,
            585081129.1613256,
            586212425.3687092,
            588384270.9838337,
            582448896.1058124,
            586514997.0796274,
            588440733.4748242,
            592428148.397633,
            584449372.3026552,
            594682986.0957614,
            587356956.0735923,
            582728575.1967787,
            592608633.9420975,
            586553457.0468152,
            592414204.9585655,
            585209400.3105886,
            588358472.5766262,
            582276334.736622,
            587940232.9787868,
            590461896.2783433,
            593495145.0983868,
            588004172.8024648,
            588695212.5636134,
            592196990.4556364,
            590158794.3493162,
            585322291.430648,
            585964463.1124105,
            584198846.9101528,
            589188778.2587966,
            587886513.6149546,
            585950850.8669589,
            587287882.3414375,
            583638070.2712967,
            584503668.5486854,
            589295161.8533051,
            586605722.5799458,
            588506567.4844546,
            593780163.0599529,
            592279579.360496,
            592716975.7081931,
            588920617.7074692,
            586863395.5614624,
            590027084.7029613,
            594370412.6840439
        ]
    },
    "EndToEndStd": {
        "R0h1R1h1": [
            25315188.86448405,
            23787266.205700103,
            25518176.08241877,
            23793890.967983685,
            22398834.32709739,
            25016499.15319843,
            19108752.283513997,
            22447885.59713489,
            22555714.55967124,
            26988267.59099731,
            21638715.4639513,
            19999828.11716305,
            26847406.721598055,
            24183765.863474615,
            23936246.337024365,
            21739608.516474556,
            19247690.216332838,
            25737540.880333286,
            20003837.89770073,
            22391987.48857025,
            22719671.190933995,
            21123496.60282297,
            23695108.886675846,
            23929421.47777075,
            26441673.790260103,
            20924747.953746717,
            28525522.2863535,
            24295827.325771164,
            19699738.11511903,
            26344281.405403055,
            25829212.651332095,
            31563395.438819464,
            24595278.164502975,
            24647637.69121857,
            21397939.52428112,
            24999652.84660169,
            28917220.745947555,
            24136613.542935025,
            22999322.290593885,
            25424745.547667272,
            23123534.77547779,
            22234386.740707558,
            21782790.92686795,
            26304663.3273108,
            23409287.618651766,
            25112829.109282818,
            23343295.412689615,
            22992047.215502318,
            24756154.540670037,
            28838026.02578395
        ],
        "R0h0R1h0": [
            21805667.728362683,
            20914147.038271215,
            24923686.582711738,
            23419239.93547545,
            24137485.55079833,
            21897006.741043556,
            18440214.740439136,
            25241155.41099822,
            23677098.884985887,
            27423259.736943413,
            22214321.99270221,
            21141805.83789755,
            26890962.086915877,
            23495358.93642416,
            23548327.629712343,
            22722740.450849332,
            16256643.024896728,
            25525203.694920585,
            21629127.851008683,
            19999262.75276609,
            23889543.569593422,
            20635929.36994202,
            23413342.6915667,
            22785208.211954683,
            24000143.045001764,
            22398166.278148934,
            28151816.696813922,
            23805995.718530856,
            20248753.679529976,
            24586883.613663875,
            26147461.72114284,
            28831513.98683737,
            23235940.82436705,
            26883460.407393936,
            21447929.161684327,
            26100426.749421258,
            29742296.956005745,
            23494915.702071905,
            22767445.15487413,
            22125107.153341565,
            21940849.627054434,
            23363436.785210725,
            24343894.646009006,
            24593144.46267093,
            20543488.513483156,
            26450804.877618402,
            22649009.118029,
            23879447.78075402,
            23000565.472821195,
            28879068.925067138
        ]
    },