{
    "Overall": {
        "samples": {
            "DominantAssumption": {
                "R0h1R1h1": 45,
                "R0h0R1h0": 47
            },
            "General": {
                "R0h1R1h1": 50,
                "R0h0R1h0": 50
            },
            "RelaxedDominantAssumption": {
                "R0h1R1h1": 44,
                "R0h0R1h0": 46
            },
            "Basic": {
                "R0h1R1h1": 9,
                "R0h0R1h0": 36
            },
            "Basic_timeAvg": {
                "R0h1R1h1": 44,
                "R0h0R1h0": 47
            }
        }
    },
    "PerTrafficStream": {},
    "ANOVA": {
        "samples": 45,
        "groundtruth": 31
    },
    "Kruskal": {
        "samples": 44,
        "groundtruth": 30
    },
    "EndToEndMean": {
        "R0h1R1h1": [
            589665201.211669,
            589503074.5208796,
            584380424.2516779,
            583952424.5981982,
            583667295.6575463,
            585501904.1619514,
            584803775.9021426,
            582768990.240991,
            591478069.5216396,
            581988441.9365505,
            593834076.6308571,
            583499346.9614778,
            586171478.7093296,
            589984489.9825144,
            582621203.9275917,
            587555336.6137209,
            585802352.0964162,
            586672949.5067428,
            589647427.8886111,
            583912828.8214204,
            589879519.9849398,
            589451097.9938924,
            585638993.167167,
            586283967.7755702,
            585992804.6155995,
            585180576.9619093,
            584815217.3784643,
            587965834.1809158,
            584228377.8898053,
            584906490.3006945,
            592919271.1956921,
            584523242.6378767,
            585048022.6294063,
            587222620.0970068,
            590155057.2624795,
            588142041.4748435,
            583342422.424841,
            587565705.2768173,
            588234282.3534155,
            590433497.7112676,
            588755422.5693582,
            586931864.0556917,
            585579603.6228532,
            590425507.7004416,
            584843157.0913777,
            588659188.7129693,
            588759766.9354473,
            587950115.3750567,
            581228074.6833035,
            583200891.921775
        ],
        "R0h0R1h0": [
            592006561.6482102,
            591012647.6780317,
            585359965.4629033,
            586531483.8222783,
            584111724.9928137,
            587402507.9468181,
            584577217.1083394,
            582731557.0345008,
            593577441.3258977,
            582889101.8828989,
            595238864.0299572,
            584101983.3620222,
            587299656.4242684,
            592614082.3021779,
            585059639.5937225,
            588684688.2764401,
            587238771.2803755,
            587817527.9450701,
            592018066.4231257,
            585696803.3100314,
            592260901.6276879,
            590633874.4249346,
            586255205.8882064,
            587720798.8719097,
            586958085.300505,
            586230950.5872453,
            586502155.3180305,
            588576921.1280683,
            585526823.2327123,
            585208414.2801846,
            593496878.6388888,
            587286913.201643,
            586464022.6370968,
            589633522.1639,
            591861205.4474546,
            588769724.2369436,
            584114238.2280641,
            588685822.8826722,
            589808104.384601,
            590985604.8247348,
            589445549.2411032,
            589224267.6115566,
            587075959.4625974,
            592236632.4681202,
            585413670.9994698,
            591706858.4431263,
            589518057.9557189,
            590520067.2154241,
            582263640.9224228,
            584625411.2299389
        ]
    },
    "EndToEndStd": {
        "R0h1R1h1": [
            20909018.903394654,
            26809938.10170387,
            19872603.85820714,
            31846773.841604162,
            18996312.73891846,
            23448842.04325205,
            20782255.25766003,
            24352717.22198577,
            23252397.40056127,
            23473946.062500797,
            24396761.15474552,
            21528289.539483514,
            23992020.779060133,
            25165569.744115688,
            24554914.016628895,
            26096790.43222291,
            24909409.382750798,
            22593125.589333054,
            26298611.914259795,
            25709856.162012752,
            28355130.19239412,
            24697806.202748735,
            17220186.46720196,
            25282520.275355134,
            19870985.598402202,
            22576119.523355186,
            23855940.203401573,
            26522534.153166536,
            26166694.589719158,
            18175669.257534385,
            16318988.794945627,
            22059514.745857716,
            24029798.09752777,
            24548117.003949795,
            23094764.598881092,
            26583382.02716921,
            18220395.859218832,
            17606928.877122138,
            26086372.38769087,
            25184038.2287497,
            21928178.603782926,
            24718342.689324025,
            19008885.68590964,
            22562059.478825692,
            20878743.459953204,
            27707016.8794077,
            24704095.175967753,
            21466672.06595734,
            19944835.672312383,
            26639572.871546283
        ],
        "R0h0R1h0": [
            19653125.54313466,
            26919227.205912746,
            19571782.03697239,
            26037047.054903753,
            18070373.23326059,
            23802660.2125468,
            20880863.329575922,
            23088298.94483369,
            22246946.961243927,
            25221094.892437372,
            21612279.079090886,
            21002794.082088932,
            23199937.6880741,
            26986541.559394304,
            24677255.798619676,
            25626688.02603626,
            25102244.27864315,
            23186867.715097833,
            28118724.649208296,
            24893820.27379929,
            25444149.916720085,
            23036570.509865668,
            17104411.530077234,
            26438383.436816495,
            19174359.922238592,
            19461202.93563667,
            23104796.190556973,
            25117878.728191976,
            26931626.628907032,
            18046756.91731704,
            17683881.381534398,
            22521670.592444792,
            21849771.833540704,
            25463448.03804684,
            22122997.894443687,
            27517448.166802518,
            19185264.957139056,
            17182770.868605338,
            24585454.425754335,
            24946843.453660168,
            21879147.754106242,
            26742305.09002755,
            19274075.21030711,
            22481848.2792634,
            19978630.76962692,
            24822374.550049018,
            25561749.1478072,
            21470027.58737604,
            20695598.76282826,
            24955565.92387105
        ]
    },