{
    "Overall": {
        "samples": {
            "DominantAssumption": {
                "R0h1R1h1": 46,
                "R0h0R1h0": 47
            },
            "General": {
                "R0h1R1h1": 50,
                "R0h0R1h0": 50
            },
            "RelaxedDominantAssumption": {
                "R0h1R1h1": 44,
                "R0h0R1h0": 43
            },
            "Basic": {
                "R0h1R1h1": 2,
                "R0h0R1h0": 29
            },
            "Basic_timeAvg": {
                "R0h1R1h1": 45,
                "R0h0R1h0": 47
            }
        }
    },
    "PerTrafficStream": {},
    "ANOVA": {
        "samples": 47,
        "groundtruth": 31
    },
    "Kruskal": {
        "samples": 47,
        "groundtruth": 29
    },
    "EndToEndMean": {
        "R0h1R1h1": [
            584046058.2275697,
            581994310.2985109,
            588048295.1892793,
            590623880.1730205,
            588277040.876706,
            588915476.7447002,
            584541341.7143192,
            587414284.5556048,
            587798930.236305,
            589239569.7687796,
            590971576.1075124,
            584904669.4950219,
            586187417.3400493,
            581156128.024612,
            585669448.9953282,
            585158566.1574316,
            589047092.2234918,
            591937977.0505357,
            585931660.7690876,
            588818650.805493,
            586800401.4671351,
            589118658.2168591,
            590246636.2476497,
            590480592.237486,
            581164384.4397955,
            585900101.0042648,
            589450413.7557118,
            592864780.4904832,
            588005386.4670215,
            584498936.1080699,
            590919302.2851423,
            581875800.9845153,
            581378667.5474027,
            585821602.0623039,
            587331487.3435569,
            582252314.085186,
            584067870.4869565,
            592811579.8942243,
            591396819.9323704,
            588890591.8253095,
            588787192.9761021,
            583762801.4349806,
            588904824.0851159,
            587439132.2498866,
            592433612.8769953,
            586358843.3311273,
            585536126.8493214,
            588928580.8604542,
            586983853.9207304,
            585773045.9407275
        ],
        "R0h0R1h0": [
            585210457.9484837,
            583241589.6899388,
            588534352.5762712,
            592011161.7532539,
            591238735.2270514,
            589972294.9675647,
            586757868.3102655,
            587331472.6868283,
            589904815.6877853,
            590337493.1397965,
            592677248.0940489,
            585434136.2212039,
            587821624.0148883,
            581522580.755871,
            586925948.3673252,
            586875154.3467292,
            591174452.0576683,
            590910519.2510303,
            586945057.0333942,
            590263151.4591575,
            588878452.3859428,
            591037057.4019071,
            591474299.8899434,
            590999287.0026672,
            583165262.730239,
            586559867.0632318,
            589340175.8825758,
            593847969.9786532,
            589215082.2623831,
            587006356.8414088,
            591702295.3031771,
            584177508.4910076,
            581742881.2460798,
            587205603.9774712,
            589177125.8444331,
            584822585.0647585,
            584774625.3794917,
            594648612.7830223,
            592818041.4252545,
            589673803.3076649,
            590034878.1276822,
            584777254.3813897,
            591273935.4800365,
            589086971.2468275,
            594381277.1821862,
            587992048.4516356,
            587066895.2209507,
            590784799.3513937,
            587650473.6683773,
            587386944.7037623
        ]
    },
    "EndToEndStd": {
        "R0h1R1h1": [
            19956828.03107301,
            25414659.215793297,
            17156914.044757195,
            22947502.509048343,
            28918508.836918816,
            23903244.183469374,
            26456253.060350034,
            20250220.684060704,
            25912273.605983783,
            20861913.728984665,
            20735367.954004608,
            25390936.407837097,
            26021684.93318248,
            21849113.266163953,
            26987453.054658875,
            22766198.397176858,
            22436925.73958017,
            23514870.405893095,
            20435649.19584152,
            22603712.87918355,
            25379213.246961698,
            21448157.39231019,
            23741238.49821059,
            25774327.99490216,
            26820607.5122811,
            25866626.26136523,
            24869952.605376657,
            23081994.32383678,
            25190791.411195233,
            31752204.91703158,
            23839422.989187464,
            23877708.70488579,
            26396897.982256126,
            25262011.840316143,
            22074125.98642588,
            26338840.2181681,
            22846933.5627446,
            22636832.236705318,
            27167897.422843285,
            23613008.179378852,
            23925987.499471273,
            26711642.455450855,
            21898733.365689315,
            21808977.778054934,
            23980678.37974414,
            24896531.040711526,
            24281722.94048898,
            24354557.0914858,
            22744649.63124564,
            23995394.31861126
        ],
        "R0h0R1h0": [
            18549820.528439857,
            24166175.97390032,
            17889818.01217642,
            21570663.95380878,
            28373321.430016734,
            25816467.371392522,
            25906952.83728184,
            21935362.33768916,
            25391638.012663078,
            21243756.619361453,
            19500767.342409063,
            24931898.417937163,
            24808902.15905027,
            22864129.753219455,
            27606789.68157924,
            22602949.68719961,
            22937905.91480701,
            22692087.279979277,
            19587117.34737686,
            21796623.997450545,
            24145184.515022013,
            20052928.218855746,
            23932080.07898974,
            24651395.896911137,
            24295516.39285891,
            24785854.05144822,
            25398115.689406656,
            23872224.035831455,
            26321528.74243697,
            25120100.02655924,
            24473065.08209157,
            22957086.326778274,
            25509570.074963797,
            24379891.911053635,
            21045456.654936984,
            27539272.438747752,
            23832706.75369713,
            22264010.852694146,
            28097163.32265411,
            24678859.510286305,
            23946808.061865233,
            25648178.130232833,
            20919138.8933523,
            22277753.428124636,
            24162758.172098737,
            24297450.440898884,
            24284962.299779978,
            26887228.238039345,
            23837249.76872297,
            25266460.805451244
        ]
    },