{
    "Overall": {
        "samples": {
            "DominantAssumption": {
                "R0h1R1h1": 0,
                "R0h0R1h0": 1
            },
            "General": {
                "R0h1R1h1": 1,
                "R0h0R1h0": 1
            }
        }
    },
    "PerTrafficStream": {
        "samples": {
            "DominantAssumption": {
                "R0h1R1h1": 1,
                "R0h0R1h0": 1
            },
            "General": {
                "R0h1R1h1": 1,
                "R0h0R1h0": 1
            }
        }
    },
    "ANOVA": 1,
    "Kruskal": 0,
    "EndToEndMean": {
        "R0h1R1h1": 464219106.8154003,
        "R0h0R1h0": 581697273.347512
    },
    "EndToEndStd": {
        "R0h1R1h1": 469175026.85967064,
        "R0h0R1h0": 695685651.7642862
    },
    "EndToEndSkew": {
        "R0h1R1h1": 1.912798241111045,
        "R0h0R1h0": 2.468836751443515
    },
    "experiments": 1
}