{
    "Overall": {
        "samples": {
            "DominantAssumption": {
                "R0h1R1h1": 48,
                "R0h0R1h0": 45
            },
            "General": {
                "R0h1R1h1": 50,
                "R0h0R1h0": 50
            },
            "RelaxedDominantAssumption": {
                "R0h1R1h1": 46,
                "R0h0R1h0": 44
            },
            "Basic": {
                "R0h1R1h1": 2,
                "R0h0R1h0": 33
            },
            "Basic_timeAvg": {
                "R0h1R1h1": 48,
                "R0h0R1h0": 45
            }
        }
    },
    "PerTrafficStream": {},
    "ANOVA": {
        "samples": 49,
        "groundtruth": 22
    },
    "Kruskal": {
        "samples": 49,
        "groundtruth": 16
    },
    "EndToEndMean": {
        "R0h1R1h1": [
            663572300.4055513,
            664920707.5413723,
            667941554.8288574,
            665323645.9418478,
            665686841.2049567,
            673878194.7776905,
            657084557.6530507,
            666942510.3962759,
            662279494.9194139,
            665266897.883188,
            661942814.9067223,
            666355839.3547423,
            666312288.753638,
            664854099.9731579,
            658700308.5260429,
            662993488.1701847,
            659353008.2321475,
            659852642.7936789,
            662592927.2895283,
            664452535.7864321,
            667526024.0300207,
            662455080.2533436,
            662271507.3388124,
            666423378.2755556,
            663696273.6129197,
            657632309.0596199,
            664318166.8105781,
            668843440.8786975,
            660397911.4437902,
            668766243.6448197,
            663115243.8096693,
            660653723.9489617,
            666665985.7690042,
            665100485.7099667,
            670366496.1331323,
            665293693.9926335,
            661814091.3280565,
            666726679.7186803,
            663749840.214023,
            662892090.1534954,
            666180854.1790447,
            665754383.6606479,
            662693308.6308327,
            662685475.3029913,
            663373699.4472522,
            659644496.2777778,
            660901116.8117211,
            659171279.8540622,
            660077060.0302414,
            667445746.2200501
        ],
        "R0h0R1h0": [
            665347278.7422824,
            666113571.4630764,
            671643254.824178,
            667404974.254514,
            666675717.2189227,
            675474586.3771429,
            657685242.1443543,
            666615213.2936221,
            664741004.6572438,
            668350224.1170213,
            663558688.5696522,
            668084229.5304527,
            667384613.4904951,
            666336142.332676,
            660284511.3241992,
            664251890.5189346,
            662674041.8373225,
            663345355.5422786,
            667063597.919,
            665998876.4473412,
            667971665.5101999,
            665657442.4856166,
            662956951.6344236,
            668377017.1017355,
            665015460.3690192,
            661395800.5890068,
            665419737.280493,
            670202372.4680009,
            662375655.209421,
            671078492.3866801,
            667221363.7863336,
            662345602.8940147,
            668367660.6550395,
            668552731.6954716,
            671672880.8045793,
            666226173.4313487,
            663124141.4087591,
            668038133.095317,
            666157184.6846846,
            665832045.4876531,
            666867614.8265347,
            667246222.9154131,
            663442746.439391,
            663465303.2950721,
            665891455.8116629,
            664152674.1142623,
            663241912.3331317,
            658523009.9819431,
            661201111.8391807,
            670464429.6571835
        ]
    },
    "EndToEndStd": {
        "R0h1R1h1": [
            31715149.451885287,
            30955284.08894777,
            32628168.527712513,
            28523729.542407405,
            31309776.27150283,
            28506835.337599818,
            26642383.442521814,
            21437703.534953617,
            30200568.185941685,
            27617409.466701947,
            30995036.81151355,
            26112196.96595034,
            28182056.12353569,
            27365552.899813253,
            26609838.517311558,
            31538574.55214733,
            30911478.011400696,
            28804294.518710256,
            26636640.205706105,
            26991847.95812306,
            28584689.364957098,
            30843282.589293543,
            22314126.31208314,
            30260660.686486997,
            27137608.35460663,
            31160362.83040699,
            25916039.808486488,
            30036451.67468675,
            26144688.895225935,
            26920136.48547255,
            28259880.65636871,
            33156263.242833562,
            29451430.107139338,
            29347925.848311182,
            22874415.991565008,
            26000923.304494973,
            35958328.09462353,
            30851821.628165532,
            23283307.24343233,
            24242127.87300156,
            31460208.326473463,
            26716103.811948072,
            23814088.972218465,
            26809225.035692487,
            23837712.462044805,
            29836578.262112245,
            28435183.66529882,
            20621905.911674306,
            27004456.46668633,
            27963973.91636579
        ],
        "R0h0R1h0": [
            30985744.864608407,
            31603736.188728217,
            30874511.26360541,
            28378653.44309457,
            32084867.323381916,
            27326065.40773189,
            25432508.148149483,
            22561207.368058264,
            33030070.690352295,
            25523665.790046304,
            32245092.446729086,
            25179320.27047189,
            28622044.682425223,
            28665026.799306642,
            30030870.38760426,
            31556399.672026467,
            28203140.41808365,
            30856314.700726595,
            28376945.573494595,
            26026835.57829121,
            29687870.68241851,
            30518883.887872096,
            24751304.104712833,
            30566698.777698,
            28970608.3937079,
            30994268.2940535,
            26039240.12595597,
            28773401.307091862,
            26439031.567645106,
            26775985.517885435,
            29244864.233179446,
            33054516.44161549,
            28898213.000606317,
            30676079.078523703,
            24271170.039950643,
            26051411.135487057,
            35555835.12817998,
            32189863.249420192,
            23857926.50555985,
            24884613.098577656,
            30665004.376639407,
            28503202.02080635,
            24310742.25589038,
            27206787.713808324,
            24258657.351555236,
            29231110.717823222,
            23635339.838176493,
            24849980.96079567,
            26836386.779295657,
            28577074.479129784
        ]
    },