{
    "Overall": {
        "samples": {
            "DominantAssumption": {
                "R0h1R1h1": 0,
                "R0h0R1h0": 0
            },
            "General": {
                "R0h1R1h1": 1,
                "R0h0R1h0": 1
            },
            "RelaxedDominantAssumption": {
                "R0h1R1h1": 1,
                "R0h0R1h0": 0
            }
        }
    },
    "PerTrafficStream": {},
    "ANOVA": {
        "samples": 1,
        "groundtruth": 1
    },
    "Kruskal": {
        "samples": 1,
        "groundtruth": 1
    },
    "EndToEndMean": {
        "R0h1R1h1": [
            43296434.708552934
        ],
        "R0h0R1h0": [
            44415738.9462179
        ]
    },
    "EndToEndStd": {
        "R0h1R1h1": [
            2246961.768523745
        ],
        "R0h0R1h0": [
            3494867.081405406
        ]
    },
    "EndToEndSkew": {
        "R0h1R1h1": [
            -3.7238204800218075
        ],
        "R0h0R1h0": [
            -3.092378974053245
        ]
    },
    "DropRate": [
        0.0
    ],
    "T0std": [
        4114570.84619009
    ],
    "T1std": {
        "R0h1R1h1": [
            3976142.6106780614
        ],
        "R0h0R1h0": [
            4374988.330300876
        ]
    },
    "T0Ineq": {
        "R0h1R1h1": 1,
        "R0h0R1h0": 1
    },
    "T0IneqMaxEpsilon": {
        "R0h1R1h1": 1,
        "R0h0R1h0": 1
    },
    "T0IneqRemovedZeroes": {
        "R0h1R1h1": 1,
        "R0h0R1h0": 1
    },
    "T1Ineq": {
        "R0h1R1h1": 0,
        "R0h0R1h0": 0
    },
    "T1IneqMaxEpsilon": {
        "R0h1R1h1": 0,
        "R0h0R1h0": 0
    },
    "T1IneqRemovedZeroes": {
        "R0h1R1h1": 1,
        "R0h0R1h0": 1
    },
    "experiments": 1
}