{
    "Overall": {
        "samples": {
            "DominantAssumption": {
                "R0h1R1h1": 69,
                "R0h0R1h0": 74
            },
            "General": {
                "R0h1R1h1": 100,
                "R0h0R1h0": 100
            }
        }
    },
    "PerTrafficStream": {
        "samples": {
            "DominantAssumption": {
                "R0h1R1h1": 100,
                "R0h0R1h0": 100
            },
            "General": {
                "R0h1R1h1": 100,
                "R0h0R1h0": 100
            }
        }
    },
    "ANOVA": 92,
    "Kruskal": 74,
    "EndToEndMean": {
        "R0h1R1h1": 472130494.3784567,
        "R0h0R1h0": 580529503.4940969
    },
    "EndToEndStd": {
        "R0h1R1h1": 468905375.9075258,
        "R0h0R1h0": 670898416.6328182
    },
    "EndToEndSkew": {
        "R0h1R1h1": 1.7763244277890393,
        "R0h0R1h0": 2.1572389060609334
    },
    "experiments": 100
}