{
    "Overall": {
        "samples": {
            "DominantAssumption": {
                "R0h1R1h1": 48,
                "R0h0R1h0": 48
            },
            "General": {
                "R0h1R1h1": 50,
                "R0h0R1h0": 50
            },
            "RelaxedDominantAssumption": {
                "R0h1R1h1": 46,
                "R0h0R1h0": 47
            },
            "Basic": {
                "R0h1R1h1": 1,
                "R0h0R1h0": 33
            },
            "Basic_timeAvg": {
                "R0h1R1h1": 46,
                "R0h0R1h0": 48
            }
        }
    },
    "PerTrafficStream": {},
    "ANOVA": {
        "samples": 47,
        "groundtruth": 16
    },
    "Kruskal": {
        "samples": 47,
        "groundtruth": 13
    },
    "EndToEndMean": {
        "R0h1R1h1": [
            667076575.7201241,
            665384537.6280745,
            658607659.3974519,
            660724396.4450971,
            664442804.4336684,
            659657523.5731498,
            669944021.0463152,
            660894765.3460847,
            664262226.056002,
            667175961.0701306,
            666119762.0736476,
            660869804.1756926,
            664888193.2641461,
            673986904.1670582,
            662434373.46475,
            665163070.612364,
            659933636.3131261,
            665511671.4636118,
            660158417.8520504,
            661758775.0922792,
            663121535.6073939,
            660986135.8581152,
            665410529.7382481,
            663681508.0965518,
            661910154.9492047,
            662975150.5839028,
            660988865.2739518,
            669706975.9531368,
            661435756.7190062,
            662822729.1473527,
            664629499.9946563,
            654258118.0051762,
            666046162.7976848,
            661741192.8190104,
            662189476.8551344,
            667404777.9509854,
            664418834.5835658,
            663099550.6609948,
            663285613.7523973,
            666947744.6497502,
            661223406.948678,
            667726653.1899849,
            657827461.7384777,
            666272107.6793914,
            664963930.2819295,
            661399269.6965125,
            668462436.2192421,
            660136436.526459,
            661123386.8728793,
            665779482.4073184
        ],
        "R0h0R1h0": [
            669392950.1737323,
            668655218.4919513,
            660522250.0728086,
            663199758.9613876,
            666585910.216286,
            664204398.3187666,
            673418274.0979049,
            661670657.5167812,
            667221710.0494267,
            669855707.8108988,
            668499928.3904043,
            662491707.5259215,
            667300691.0624614,
            675305810.4028542,
            662347753.279589,
            668558702.3905408,
            663694099.8370907,
            668684079.6516988,
            664396990.8804773,
            663878493.6039914,
            666127608.2898463,
            662372192.028386,
            669719101.6712495,
            664997784.3371418,
            665393806.3127341,
            663501919.9328203,
            664080159.8555667,
            672336240.5204952,
            663697061.1286632,
            663916232.1145202,
            666941505.9467957,
            656170533.0513188,
            666886622.0699662,
            664167347.1074313,
            665345288.9145894,
            668264892.5559574,
            665115464.4268268,
            665207787.9238037,
            663297777.4616344,
            667548455.6110427,
            661633336.830111,
            670777779.9172821,
            658779146.1043648,
            667839929.9965433,
            667252057.812228,
            662273730.9745032,
            668644729.2127961,
            661522340.0129085,
            664728063.4434335,
            668454404.5749698
        ]
    },
    "EndToEndStd": {
        "R0h1R1h1": [
            28125092.950535692,
            23361794.62526961,
            30108616.432768602,
            25990109.26372973,
            28210162.72416625,
            28256924.591340564,
            30466839.358810384,
            31047500.04920405,
            30936017.242279224,
            31488862.4274646,
            28464188.017955177,
            28198748.551055446,
            22406300.517394625,
            24803631.472519983,
            31983324.54881546,
            26508831.466737073,
            27122568.15231023,
            25617213.00739903,
            26579001.545986284,
            23802062.644880284,
            25446583.265378665,
            26821816.117382888,
            31831006.79976453,
            23421043.093803428,
            30203874.456814248,
            23225515.117012084,
            32693770.786260024,
            28236722.282520514,
            29336181.75389846,
            25245693.103499077,
            29377313.93200497,
            30110467.10516448,
            22161729.33602004,
            24257006.119802594,
            29423297.694903098,
            23543874.9640368,
            26691141.763565432,
            31133467.758813307,
            28383975.238410383,
            27635643.35949767,
            25094733.819393855,
            25660589.588428635,
            31314435.71762201,
            21134725.17327847,
            31622488.62478762,
            28250877.131032273,
            23061654.101725105,
            26501158.157044727,
            26243188.154647343,
            34803655.4662126
        ],
        "R0h0R1h0": [
            27205883.875130355,
            23923930.767822832,
            31705327.53877453,
            25420524.299782075,
            28242377.52747748,
            24376022.988852713,
            30050931.311001264,
            31423710.59615172,
            30473672.565909624,
            32160892.85055038,
            29220785.278496526,
            29045489.132234614,
            21364839.966305163,
            24886819.50806655,
            33134549.7316445,
            27610106.393849306,
            25122753.975889295,
            24472394.389095087,
            27737126.75974251,
            24617422.77893691,
            25128007.3031233,
            28157994.254956067,
            31813906.70140895,
            20878936.8195018,
            28592337.624672387,
            23289499.540088035,
            33478706.007031556,
            29941209.41139249,
            29542795.834980942,
            27256054.765039183,
            26772405.094690688,
            32233934.32742155,
            22888776.74021583,
            24425010.69806294,
            26766154.59374703,
            26569684.534143317,
            25270661.888626967,
            30919813.922633678,
            27417760.881906424,
            29534189.456019316,
            24084250.440002624,
            25601946.80866292,
            33092973.76285225,
            21850766.301850393,
            31551746.275826126,
            28787819.44797802,
            25182106.727373358,
            29124198.941120442,
            24285122.993085593,
            35274581.04861683
        ]
    },