{
    "Overall": {
        "samples": {
            "DominantAssumption": {
                "R0h1R1h1": 48,
                "R0h0R1h0": 47
            },
            "General": {
                "R0h1R1h1": 50,
                "R0h0R1h0": 50
            },
            "RelaxedDominantAssumption": {
                "R0h1R1h1": 48,
                "R0h0R1h0": 47
            },
            "Basic": {
                "R0h1R1h1": 2,
                "R0h0R1h0": 39
            },
            "Basic_timeAvg": {
                "R0h1R1h1": 48,
                "R0h0R1h0": 48
            }
        }
    },
    "PerTrafficStream": {},
    "ANOVA": {
        "samples": 46,
        "groundtruth": 11
    },
    "Kruskal": {
        "samples": 48,
        "groundtruth": 12
    },
    "EndToEndMean": {
        "R0h1R1h1": [
            654633709.8548303,
            665249757.2436261,
            663970801.4408466,
            669623224.2917536,
            666554807.5618321,
            657219798.736004,
            669665541.6924243,
            663160625.5673438,
            661129674.4620237,
            665721699.9620758,
            663704944.1341194,
            658944927.3659835,
            666406351.8896137,
            660505209.0360647,
            660880154.9679186,
            658903507.4235911,
            661803047.8299426,
            663558822.2178712,
            664092854.2671582,
            658746060.6746376,
            665878365.2415344,
            658789330.9831064,
            662365960.3293896,
            663223384.7401072,
            663212873.778053,
            669138158.050839,
            666101916.8447315,
            661800072.956778,
            661912268.6159233,
            667015579.5332177,
            660674786.3363807,
            660685517.2233415,
            658399013.0438048,
            661523069.5618438,
            661212126.8551378,
            670141398.2921554,
            665297938.2141424,
            660760705.2498066,
            657552347.0382369,
            666846496.677403,
            660462710.644572,
            659412278.2355393,
            659248903.202087,
            671070589.7386422,
            658879039.2195425,
            664572021.1773086,
            663509241.0435596,
            659113648.1485922,
            664400619.9788932,
            660832213.7731597
        ],
        "R0h0R1h0": [
            656868392.2873474,
            666416896.8371582,
            664689657.0254203,
            672875355.9362842,
            669029293.9549439,
            660465597.7993515,
            670918283.0197856,
            664763655.445005,
            664249087.7757317,
            667285751.2566576,
            665189573.329744,
            661627135.3286853,
            665574204.0880361,
            661113214.9846619,
            663313583.5838535,
            661721746.9328095,
            664718280.313427,
            664263328.4932708,
            668137907.4567703,
            660877945.6293156,
            666265716.7126623,
            661170436.0554172,
            665439912.1137911,
            664501628.3648311,
            664942763.9245915,
            671391986.633475,
            668808138.0448759,
            661808817.3771521,
            663489610.105108,
            665747824.4750788,
            662485054.9718113,
            662282884.3150928,
            658683792.3095005,
            665583168.0944651,
            662154832.7516582,
            672550828.3857173,
            668123139.3057561,
            663733614.266358,
            660696769.7769989,
            667559512.881417,
            662784311.0174887,
            662380858.1838766,
            661946800.9395154,
            672831964.2443855,
            659844858.5337168,
            666321816.7773958,
            664199199.7383013,
            660730805.533925,
            666049379.5798723,
            662875764.3567818
        ]
    },
    "EndToEndStd": {
        "R0h1R1h1": [
            33744169.35979649,
            32084558.56485932,
            31789028.981081657,
            33410942.81267426,
            24542918.578933388,
            30433359.972881198,
            22792732.470528305,
            21195858.9435517,
            30087185.77980481,
            23591072.48461022,
            23945461.43230687,
            24933581.055502847,
            27191871.66821746,
            26237480.50338894,
            26366573.324392516,
            26210825.12528824,
            28651079.93801153,
            29062539.79567709,
            35030708.64948326,
            25595093.778006673,
            25991141.484826416,
            27357901.968265805,
            28199201.740065623,
            23974136.263234533,
            27973274.748368457,
            28740583.052588068,
            27886789.64410919,
            30336807.039647996,
            28498340.54868543,
            24026508.32230207,
            28788197.977535915,
            24498963.81378971,
            26821457.944787595,
            32879444.83192069,
            29934000.470308967,
            24366475.071288217,
            26205790.631479263,
            27185186.55848316,
            28245508.831552602,
            23361067.23760009,
            28008164.02058617,
            27976191.93059201,
            26794562.08447411,
            28978545.314471774,
            30171942.806575567,
            27755139.898516368,
            30457933.692015264,
            26411188.83451815,
            23962663.856760737,
            25240864.77648043
        ],
        "R0h0R1h0": [
            33616593.838414736,
            33049459.454763312,
            32660169.399003923,
            33916219.254507415,
            25158757.68304994,
            29819474.14983117,
            23442067.107552055,
            23167265.80172105,
            29539863.343622558,
            23801197.21070745,
            23354658.564685453,
            25356004.655666575,
            26379965.994623188,
            26121262.205368634,
            26303330.56667074,
            27629102.764937073,
            27321157.617315132,
            29329746.08660551,
            34248754.36864271,
            26058418.608504236,
            27674184.232154135,
            27368697.29005836,
            29101264.847510286,
            24145148.941872466,
            27012345.232773665,
            28432144.336545523,
            28341025.092219952,
            31426528.079972718,
            29479392.232703794,
            26001206.02062579,
            31674042.65292717,
            24178583.531512618,
            27409245.762537498,
            34387984.18211938,
            30332046.06873884,
            24107634.521028742,
            25830601.561252676,
            27790919.21167765,
            28508480.009771198,
            25427818.477818266,
            27812862.40495068,
            28888040.352237746,
            27381939.605180092,
            27384920.618704826,
            32507671.77842415,
            31460354.956780456,
            31965495.391973786,
            25536960.841271974,
            22957600.179067906,
            25375872.75553907
        ]
    },