{
    "Overall": {
        "samples": {
            "DominantAssumption": {
                "R0h1R1h1": 1,
                "R0h0R1h0": 1
            },
            "General": {
                "R0h1R1h1": 1,
                "R0h0R1h0": 1
            }
        }
    },
    "PerTrafficStream": {
        "samples": {
            "DominantAssumption": {
                "R0h1R1h1": 1,
                "R0h0R1h0": 1
            },
            "General": {
                "R0h1R1h1": 1,
                "R0h0R1h0": 1
            }
        }
    },
    "ANOVA": 1,
    "Kruskal": 1,
    "EndToEndMean": {
        "R0h1R1h1": 464457822.93273884,
        "R0h0R1h0": 578593949.0381565
    },
    "EndToEndStd": {
        "R0h1R1h1": 466155069.9072626,
        "R0h0R1h0": 664464377.7255281
    },
    "EndToEndSkew": {
        "R0h1R1h1": 1.83598361101141,
        "R0h0R1h0": 2.032812432819028
    },
    "experiments": 1
}