{
    "Overall": {
        "samples": {
            "DominantAssumption": {
                "R0h1R1h1": 47,
                "R0h0R1h0": 43
            },
            "General": {
                "R0h1R1h1": 50,
                "R0h0R1h0": 50
            },
            "RelaxedDominantAssumption": {
                "R0h1R1h1": 47,
                "R0h0R1h0": 40
            },
            "Basic": {
                "R0h1R1h1": 2,
                "R0h0R1h0": 32
            },
            "Basic_timeAvg": {
                "R0h1R1h1": 47,
                "R0h0R1h0": 42
            }
        }
    },
    "PerTrafficStream": {},
    "ANOVA": {
        "samples": 47,
        "groundtruth": 10
    },
    "Kruskal": {
        "samples": 47,
        "groundtruth": 9
    },
    "EndToEndMean": {
        "R0h1R1h1": [
            662129354.7683209,
            668514387.4844086,
            668787894.9447675,
            661717278.463854,
            662591514.3355211,
            661783443.8839331,
            663932396.3093525,
            659759835.5903584,
            664665718.7640743,
            654762206.7896373,
            657199211.6093585,
            661877566.234634,
            659866040.2981592,
            662609825.1103449,
            665994180.2410053,
            663870587.6231269,
            658242813.8421184,
            667676983.4317833,
            667885860.6484275,
            659525574.8900564,
            662402176.6929535,
            664588326.6240202,
            665368573.4481369,
            663718277.7963656,
            665992479.9953561,
            668792635.7182279,
            662028689.7654257,
            663616449.9290761,
            661908034.0391237,
            663866691.0632584,
            662703362.4440318,
            662346648.352238,
            664255713.566365,
            663955063.9074582,
            661809675.0389085,
            668605514.7594364,
            663225526.776329,
            662209865.5507653,
            658712206.7981457,
            662123964.163181,
            662848079.5899819,
            669015810.530911,
            663423328.4977996,
            661110436.6433005,
            657472902.1386138,
            666227127.6924883,
            665899256.3045919,
            661333402.4138818,
            663422468.0808413,
            663374169.9175935
        ],
        "R0h0R1h0": [
            664922502.3,
            671273317.6466503,
            670230697.4445097,
            663993260.0417619,
            664426632.2028838,
            661809763.1172249,
            666425058.027163,
            664093985.2116008,
            664863926.2718867,
            655644683.2654058,
            661159123.5080487,
            665776522.4614328,
            661751933.4901094,
            664525209.0767494,
            666524521.1538461,
            663882632.2982811,
            660121191.184252,
            666606230.7653339,
            668646753.0719115,
            661731984.923172,
            664170045.6758845,
            667526611.5811573,
            667729456.7353303,
            665508199.267395,
            667872575.7912313,
            669563893.654945,
            664244525.7556037,
            667802285.1579056,
            665315781.9859966,
            663910941.350101,
            665605531.1217023,
            664198164.8544191,
            667053628.5080711,
            666212469.6220846,
            665576617.8379143,
            671533342.0996772,
            665647768.8409091,
            664838817.7035294,
            660459788.4153005,
            664370769.6014403,
            664751630.6324619,
            671795479.547248,
            665397166.0191032,
            663055421.0093962,
            659494229.4682761,
            668732654.1770934,
            667972400.8032146,
            664651892.3799305,
            667054604.5794586,
            664234178.7342287
        ]
    },
    "EndToEndStd": {
        "R0h1R1h1": [
            25376578.42566727,
            27893782.481472693,
            27018605.329276934,
            23902224.71295708,
            32430066.657050673,
            28737169.286436673,
            33443057.636414424,
            29175891.25648562,
            28867961.07271864,
            23904388.695335943,
            29484230.39188633,
            28053700.35116023,
            25054477.91679151,
            31189060.30575923,
            29238728.960467625,
            21882003.414327204,
            25672575.76508625,
            23757844.613537338,
            29589534.14748683,
            25516911.109350692,
            30018674.230632722,
            27093227.531739213,
            22746109.705101635,
            23966217.83217387,
            25540993.01127944,
            24948438.170090463,
            30211011.64602447,
            24981366.66025002,
            23981106.844278492,
            27506046.55438725,
            27822878.527586255,
            25212387.62973107,
            26791267.324597094,
            27986493.71986739,
            27471164.472472467,
            27658416.139564063,
            28346665.44147608,
            30036306.542394836,
            25482403.11286052,
            24217776.935550895,
            29309435.775332026,
            29629836.11199463,
            31191229.462008204,
            25047220.137706667,
            30890628.59850792,
            30216021.381183054,
            25363080.80476279,
            31435084.021068644,
            29441414.45014787,
            31477166.203868452
        ],
        "R0h0R1h0": [
            25401175.042491656,
            28837596.590913117,
            27384935.02667504,
            24339892.76302454,
            31547827.610558327,
            30087935.281802095,
            33369393.426340874,
            30722945.181033846,
            29670590.691104364,
            25692835.29696574,
            27098578.38957401,
            27945864.379280414,
            27402719.64272802,
            33216553.055567794,
            28242454.1485505,
            24272463.993338276,
            25780438.203735977,
            26128083.113059502,
            29910325.3371375,
            25076629.091712076,
            31450639.4150304,
            28072243.27838289,
            24963958.333667833,
            23580085.79747754,
            25788376.376106333,
            24932116.212832697,
            29953677.018799838,
            24990928.067562774,
            24641325.64692112,
            27393427.078941345,
            31268688.513769057,
            25007740.934634328,
            26391898.142018277,
            27466107.220429283,
            27473343.885582235,
            25957983.867063046,
            28041426.74496663,
            29418327.574006572,
            26804452.86302241,
            23390325.260217678,
            30613146.75300428,
            30392962.197330467,
            32974092.535010017,
            26475354.86484306,
            29932772.54566125,
            30357007.997368805,
            26592783.39435399,
            29673678.764013298,
            28642511.357464284,
            31155720.428933885
        ]
    },