{
    "Overall": {
        "samples": {
            "DominantAssumption": {
                "R0h1R1h1": 47,
                "R0h0R1h0": 45
            },
            "General": {
                "R0h1R1h1": 50,
                "R0h0R1h0": 50
            },
            "RelaxedDominantAssumption": {
                "R0h1R1h1": 46,
                "R0h0R1h0": 44
            },
            "Basic": {
                "R0h1R1h1": 3,
                "R0h0R1h0": 33
            },
            "Basic_timeAvg": {
                "R0h1R1h1": 46,
                "R0h0R1h0": 44
            }
        }
    },
    "PerTrafficStream": {},
    "ANOVA": {
        "samples": 48,
        "groundtruth": 16
    },
    "Kruskal": {
        "samples": 48,
        "groundtruth": 13
    },
    "EndToEndMean": {
        "R0h1R1h1": [
            667354035.4371768,
            663816144.4920177,
            664054149.3808544,
            663953604.9846439,
            661563527.216427,
            669381015.8286086,
            659234370.9582794,
            668263845.9932799,
            662200780.043036,
            653759188.9840598,
            665730155.6652174,
            663551604.4842159,
            669876189.6414433,
            662206093.832999,
            664248637.5005159,
            659361649.7922535,
            663892879.4120893,
            661107830.387155,
            662389914.1804854,
            666219328.959773,
            660256809.840486,
            655245656.2222793,
            663326191.4330986,
            662169016.5569459,
            662299010.5193532,
            658025233.6667542,
            660004715.433095,
            668945709.9712394,
            661140266.9264398,
            656392678.9991976,
            665242830.3302547,
            663719297.0778688,
            659204494.121822,
            665325883.8012965,
            660290748.7838595,
            666704958.6491184,
            671400864.7977678,
            665904492.4413793,
            661975708.111709,
            667329417.6881694,
            662127399.7938328,
            659764181.8695325,
            663813585.543357,
            664676403.0232323,
            663174775.386265,
            664064537.2794983,
            661157968.0149595,
            663590108.997921,
            664666311.3907628,
            659917308.2246828
        ],
        "R0h0R1h0": [
            668897475.4822046,
            665020385.3471237,
            665514182.4271666,
            665523738.0853338,
            663055597.7743686,
            670787017.4273239,
            662438835.0471792,
            669390923.3310221,
            663687630.2045085,
            654693208.4344718,
            668596480.6576685,
            664759572.7489992,
            671513292.2590587,
            665381753.268782,
            664719861.8594562,
            660687546.7373263,
            664576588.3170588,
            664201642.8089172,
            665539459.7894946,
            667005581.5632759,
            662983613.7392602,
            659661304.3418108,
            663054415.5006219,
            664230340.3322197,
            665707406.6237782,
            657891326.2357757,
            662557732.1257328,
            671319857.4734818,
            662887659.889698,
            658333263.992338,
            667132934.5218875,
            666608104.1640658,
            662009940.9336817,
            667098435.1180087,
            662221899.4061636,
            670032181.688148,
            672625800.5117886,
            669312307.5636588,
            663828494.9943227,
            668163031.1069418,
            662220008.5620711,
            660704712.0030272,
            665766108.108673,
            665787180.2113223,
            664970432.6379598,
            665368487.3640825,
            662860108.539955,
            666460145.0340283,
            667480683.7498103,
            659546627.5745813
        ]
    },
    "EndToEndStd": {
        "R0h1R1h1": [
            25624653.369396526,
            26986093.741833232,
            27001423.020905294,
            24461360.430399906,
            30059155.065547287,
            22985472.829362255,
            26693463.798043944,
            23517138.960963037,
            28992284.974420853,
            30142008.82628432,
            32092391.40555648,
            23571194.00427323,
            26664656.897254262,
            27192916.281574905,
            26937002.837648213,
            24489361.294003207,
            25030291.037124,
            26063400.14948801,
            29120681.311982706,
            23333836.866308976,
            27531065.86339555,
            31123368.74714531,
            24774549.434102736,
            31368284.894742955,
            34081204.205381565,
            26504588.05133211,
            26424445.40030806,
            28454422.73089241,
            30376705.42342637,
            30504342.24709961,
            29549407.045607965,
            30190959.67446014,
            30308211.476934403,
            27736516.48058572,
            31550207.494246002,
            27652857.12721394,
            22881757.585144047,
            29482563.360150553,
            29087324.67786991,
            25817572.32618707,
            23685317.95161076,
            29589345.72902273,
            25521745.827007152,
            24483548.260160726,
            29536469.02557879,
            25960050.819621876,
            26249083.01757697,
            30647676.94109925,
            30005607.843820125,
            26876784.45856057
        ],
        "R0h0R1h0": [
            24888325.423872,
            27864683.499113303,
            28325931.41859472,
            25042088.55814904,
            31056772.089811385,
            24639531.604154874,
            27295467.53302396,
            27071967.268030982,
            30108459.49161599,
            31936676.45308141,
            32616544.49622873,
            23251423.949663997,
            27061008.159964774,
            25411492.33196667,
            28374739.38091072,
            24442652.523018777,
            25044217.764265865,
            26403398.738790445,
            27589874.334809035,
            23581408.229915112,
            27952345.905102786,
            31010967.477960568,
            26109070.17023528,
            32452266.918231722,
            34381416.96303037,
            27942373.068138424,
            27661817.60592262,
            29631794.377684638,
            30262078.658035405,
            30793112.98186172,
            29608250.147321377,
            29546372.21109018,
            27942883.770597268,
            27992911.658901025,
            32900253.802363094,
            27161689.091307998,
            25504533.5884539,
            27358109.006928302,
            30479502.436158523,
            28011777.90617301,
            25989788.17065996,
            28739207.90963305,
            24862080.20775447,
            27297008.908413395,
            28028845.04160292,
            25919569.019048944,
            26815722.79036054,
            29565848.36444739,
            28238823.08194537,
            28072308.245232914
        ]
    },