{
    "Overall": {
        "samples": {
            "DominantAssumption": {
                "R0h1R1h1": 1,
                "R0h0R1h0": 0
            },
            "General": {
                "R0h1R1h1": 1,
                "R0h0R1h0": 1
            }
        }
    },
    "PerTrafficStream": {
        "samples": {
            "DominantAssumption": {
                "R0h1R1h1": 1,
                "R0h0R1h0": 1
            },
            "General": {
                "R0h1R1h1": 1,
                "R0h0R1h0": 1
            }
        }
    },
    "ANOVA": 1,
    "Kruskal": 0,
    "EndToEndMean": {
        "R0h1R1h1": 85468766.29954019,
        "R0h0R1h0": 84938273.9879487
    },
    "EndToEndStd": {
        "R0h1R1h1": 23377212.7871461,
        "R0h0R1h0": 23585236.79317193
    },
    "EndToEndSkew": {
        "R0h1R1h1": -0.04817996779284659,
        "R0h0R1h0": 0.019210758859772158
    },
    "experiments": 1
}