{
    "Overall": {
        "samples": {
            "DominantAssumption": {
                "R0h1R1h1": 0,
                "R0h0R1h0": 7
            },
            "General": {
                "R0h1R1h1": 10,
                "R0h0R1h0": 10
            },
            "RelaxedDominantAssumption": {
                "R0h1R1h1": 0,
                "R0h0R1h0": 7
            }
        }
    },
    "PerTrafficStream": {},
    "ANOVA": {
        "samples": 9,
        "groundtruth": 5
    },
    "Kruskal": {
        "samples": 8,
        "groundtruth": 6
    },
    "EndToEndMean": {
        "R0h1R1h1": [
            660147016.4181024,
            661458552.9687426,
            662081573.0240934,
            664972675.15,
            665705554.7686988,
            659596030.8373944,
            660941207.9964149,
            662087696.0486586,
            663919572.737961,
            664645550.8390005
        ],
        "R0h0R1h0": [
            661827257.5495586,
            662313197.2552127,
            663816124.2617314,
            666518239.1226624,
            666915920.7446374,
            659272303.7446096,
            661584489.5704125,
            664565003.3988287,
            664268732.117793,
            666398210.5983374
        ]
    },
    "EndToEndStd": {
        "R0h1R1h1": [
            30003949.385750312,
            24941721.647248026,
            26203022.394672565,
            27185258.163437713,
            29663059.611965645,
            29694279.132660642,
            25615911.203424122,
            33854793.19637402,
            22907795.049574163,
            22258813.826788817
        ],
        "R0h0R1h0": [
            28965826.963915493,
            24721531.35403444,
            27857243.072527464,
            26113436.95917102,
            30742214.975416753,
            31933731.943481784,
            25720655.408853024,
            34014865.987191774,
            23172941.93477228,
            20814258.561404865
        ]
    },
    "EndToEndSkew": {
        "R0h1R1h1": [
            -2.5318026678739853,
            -0.7694613602648668,
            -0.22392309666063795,
            -1.6566634335367592,
            -0.3096547907478695,
            -0.5513152941226167,
            -0.4590009681164619,
            -0.4156448777675879,
            -0.8042493882074252,
            -3.5985840872605253
        ],
        "R0h0R1h0": [
            -0.8220253195243667,
            -0.7639774924541785,
            -1.940350692544089,
            -0.45429438494121654,
            -1.0649976297889976,
            -1.959569566496936,
            -0.6687553481992717,
            -0.49995823204025164,
            -0.8365291114247712,
            -0.34693815433756064
        ]
    },
    "DropRate": [
        0.1755255882451281,
        0.17786911623797877,
        0.17354259321463833,
        0.17956371781342015,
        0.1834844231328707,
        0.1748309094094971,
        0.1774187139453901,
        0.17944934691899733,
        0.1826587507352075,
        0.18630743508756434
    ],
    "T0std": [
        28026792.375943832,
        24242556.422191653,
        26268979.53047977,
        25615266.441754017,
        29469024.206857014,
        30075953.547441192,
        25096433.033451505,
        33580392.56870279,
        22717401.59781873,
        20461048.17684478
    ],
    "T1std": {
        "R0h1R1h1": [
            658429.4480366764,
            635875.2863484251,
            612481.2103257471,
            580584.6897973578,
            535605.8799682553,
            822727.4467125131,
            641311.0424939572,
            503615.56645834004,
            533452.5527894992,
            544775.3191990235
        ],
        "R0h0R1h0": [
            998528.5323838476,
            855486.0180772719,
            807645.3365196653,
            873115.6029287165,
            916659.6638737771,
            713471.569286106,
            965338.6320870275,
            944920.6425189093,
            847427.2768459542,
            958527.227941999
        ]
    },
    "T0Ineq": {
        "R0h1R1h1": 0,
        "R0h0R1h0": 0
    },
    "T0IneqMaxEpsilon": {
        "R0h1R1h1": 10,
        "R0h0R1h0": 10
    },
    "T0IneqRemovedZeroes": {
        "R0h1R1h1": 0,
        "R0h0R1h0": 0
    },
    "T1Ineq": {
        "R0h1R1h1": 0,
        "R0h0R1h0": 0
    },
    "T1IneqMaxEpsilon": {
        "R0h1R1h1": 0,
        "R0h0R1h0": 0
    },
    "T1IneqRemovedZeroes": {
        "R0h1R1h1": 0,
        "R0h0R1h0": 0
    },
    "experiments": 10
}