{
    "DominantAssumption": {
        "R0H0R2H0": 0,
        "R0H1R2H1": 0,
        "R0H2R2H2": 0,
        "R0H3R2H3": 0,
        "R0H4R2H4": 0,
        "R0H5R2H5": 0,
        "R1H0R3H0": 0,
        "R1H1R3H1": 0,
        "R1H2R3H2": 1,
        "R1H3R3H3": 1,
        "R1H4R3H4": 0,
        "R1H5R3H5": 1
    },
    "MaxEpsilonIneq": {
        "R0H0R2H0": 1,
        "R0H1R2H1": 1,
        "R0H2R2H2": 1,
        "R0H3R2H3": 1,
        "R0H4R2H4": 1,
        "R0H5R2H5": 1,
        "R1H0R3H0": 1,
        "R1H1R3H1": 1,
        "R1H2R3H2": 1,
        "R1H3R3H3": 1,
        "R1H4R3H4": 1,
        "R1H5R3H5": 1
    },
    "Basic": {
        "R0H0R2H0": 0,
        "R0H1R2H1": 0,
        "R0H2R2H2": 0,
        "R0H3R2H3": 0,
        "R0H4R2H4": 0,
        "R0H5R2H5": 0,
        "R1H0R3H0": 0,
        "R1H1R3H1": 0,
        "R1H2R3H2": 1,
        "R1H3R3H3": 1,
        "R1H4R3H4": 0,
        "R1H5R3H5": 1
    },
    "EndToEndMean": {
        "R0H0R2H0": [
            882606061.617152
        ],
        "R0H1R2H1": [
            882572217.6487836
        ],
        "R0H2R2H2": [
            883477730.4913918
        ],
        "R0H3R2H3": [
            882438600.8746518
        ],
        "R0H4R2H4": [
            882225923.3521948
        ],
        "R0H5R2H5": [
            883868540.8829731
        ],
        "R1H0R3H0": [
            940108997.6453781
        ],
        "R1H1R3H1": [
            940051200.894846
        ],
        "R1H2R3H2": [
            939309108.0414476
        ],
        "R1H3R3H3": [
            939219989.6271912
        ],
        "R1H4R3H4": [
            940023610.1852456
        ],
        "R1H5R3H5": [
            939057583.8405436
        ]
    },
    "EndToEndStd": {
        "R0H0R2H0": [
            222936189.34596103
        ],
        "R0H1R2H1": [
            222947984.48824435
        ],
        "R0H2R2H2": [
            223863303.90793997
        ],
        "R0H3R2H3": [
            222984054.47072026
        ],
        "R0H4R2H4": [
            225242744.39436474
        ],
        "R0H5R2H5": [
            221745055.2684001
        ],
        "R1H0R3H0": [
            215016059.84433734
        ],
        "R1H1R3H1": [
            209865678.3260145
        ],
        "R1H2R3H2": [
            212452444.5266808
        ],
        "R1H3R3H3": [
            213130869.8267756
        ],
        "R1H4R3H4": [
            214012889.48869193
        ],
        "R1H5R3H5": [
            211035781.0553625
        ]
    },
    "ANOVA": {
        "A0T2": 0,
        "A0T3": 1,
        "A1T2": 1,
        "A1T3": 1,
        "T0A0": 1,
        "T0A1": 1,
        "T1A0": 1,
        "T1A1": 1
    },
    "Kruskal": {
        "A0T2": 0,
        "A0T3": 1,
        "A1T2": 1,
        "A1T3": 1,
        "T0A0": 1,
        "T0A1": 1,
        "T1A0": 1,
        "T1A1": 1
    },
    "DropRate": [
        0.003662061016632539
    ],
    "A0T2std": [
        278328.8041402328
    ],
    "A0T3std": [
        278255.61953780835
    ],
    "A1T2std": [
        276242.8236703489
    ],
    "A1T3std": [
        280351.30552402075
    ],
    "T0A0std": [
        197440961.4784252
    ],
    "T0A1std": [
        239676027.14050984
    ],
    "T1A0std": [
        226297389.92029038
    ],
    "T1A1std": [
        201424160.06037208
    ],
    "T2H0std": [
        1147826.0849424372
    ],
    "T2H1std": [
        683425.0185261939
    ],
    "T2H2std": [
        1191382.1422036658
    ],
    "T2H3std": [
        617062.136063338
    ],
    "T2H4std": [
        1290039.673697556
    ],
    "T2H5std": [
        653061.3804146074
    ],
    "T3H0std": [
        1400617.8939996168
    ],
    "T3H1std": [
        703835.6908707587
    ],
    "T3H2std": [
        1201417.7963614543
    ],
    "T3H3std": [
        590202.2089497345
    ],
    "T3H4std": [
        1292413.6982249639
    ],
    "T3H5std": [
        638261.8814055044
    ],
    "experiments": 1
}