{
    "Overall": {
        "samples": {
            "DominantAssumption": {
                "R0h1R1h1": 1,
                "R0h0R1h0": 0
            },
            "General": {
                "R0h1R1h1": 10,
                "R0h0R1h0": 10
            },
            "RelaxedDominantAssumption": {
                "R0h1R1h1": 1,
                "R0h0R1h0": 0
            }
        }
    },
    "PerTrafficStream": {},
    "ANOVA": {
        "samples": 8,
        "groundtruth": 8
    },
    "Kruskal": {
        "samples": 8,
        "groundtruth": 9
    },
    "EndToEndMean": {
        "R0h1R1h1": [
            491632399.06696886,
            492362170.82508975,
            499293846.67102844,
            488239306.8729675,
            483004900.62278694,
            489162410.5821904,
            487164747.2959417,
            505344641.86356175,
            506768674.9566379,
            494974151.4062174
        ],
        "R0h0R1h0": [
            493553924.57156163,
            493527883.72986764,
            500752769.4249488,
            491121837.9050958,
            486868638.8430365,
            490271547.21356744,
            490769796.4587287,
            507145985.8516724,
            508440448.5198914,
            497159286.7922661
        ]
    },
    "EndToEndStd": {
        "R0h1R1h1": [
            37551633.418729104,
            35273947.07184003,
            34398357.35623971,
            41197781.80936257,
            49758349.22337368,
            41027506.30713539,
            41982985.29407472,
            28356579.06979715,
            34388133.10900865,
            30678463.493510965
        ],
        "R0h0R1h0": [
            37589719.37360089,
            35884889.69863591,
            34604376.22426675,
            41471737.255736336,
            49171385.4657934,
            40111170.782964975,
            41783933.871408835,
            28832704.009415735,
            29744856.441999424,
            30803230.218377292
        ]
    },
    "EndToEndSkew": {
        "R0h1R1h1": [
            -0.5664390177293612,
            -1.0350805491823114,
            -1.0392431910653672,
            -1.0454960416158867,
            -1.0700909019909053,
            -0.8454239665920075,
            -0.774742344160636,
            -1.254878968128024,
            -2.8787974499287907,
            -0.997320430758363
        ],
        "R0h0R1h0": [
            -0.6498826880670258,
            -1.0187575870511472,
            -1.0930898188413858,
            -1.3361257494106573,
            -1.1140378729052807,
            -0.6143457132371243,
            -0.9381701300527916,
            -0.8846540104333044,
            -0.39571504335570684,
            -1.2161172716714788
        ]
    },
    "DropRate": [
        0.024971550575372294,
        0.02594126324948858,
        0.03485584010128864,
        0.028622670067592653,
        0.02506902584414601,
        0.027410792329370423,
        0.02730228882849662,
        0.037110166212659945,
        0.04298441364682785,
        0.034539353898819784
    ],
    "T0std": [
        38962862.1573372,
        36850767.34772467,
        35733998.3101657,
        42415401.13129234,
        50305492.80255975,
        41985038.12069037,
        43090990.29162587,
        29493643.519324254,
        31000910.59338808,
        31248547.309060406
    ],
    "T1std": {
        "R0h1R1h1": [
            1757415.7220912247,
            1438540.5419952294,
            1076517.3952045133,
            1195072.5511032967,
            999311.7079471927,
            1154312.1509757803,
            994881.388963741,
            1032055.3901376794,
            1193542.2676796624,
            885946.115644209
        ],
        "R0h0R1h0": [
            3190622.446109818,
            2204617.0950065386,
            2146746.21962487,
            2542461.986210779,
            3699066.414231031,
            2811795.3098865664,
            3230580.1751741846,
            2056402.4948320428,
            2733642.5017944984,
            3299935.5254828
        ]
    },
    "T0Ineq": {
        "R0h1R1h1": 9,
        "R0h0R1h0": 9
    },
    "T0IneqMaxEpsilon": {
        "R0h1R1h1": 10,
        "R0h0R1h0": 10
    },
    "T0IneqRemovedZeroes": {
        "R0h1R1h1": 9,
        "R0h0R1h0": 9
    },
    "T1Ineq": {
        "R0h1R1h1": 0,
        "R0h0R1h0": 0
    },
    "T1IneqMaxEpsilon": {
        "R0h1R1h1": 0,
        "R0h0R1h0": 0
    },
    "T1IneqRemovedZeroes": {
        "R0h1R1h1": 0,
        "R0h0R1h0": 0
    },
    "experiments": 10
}