{
    "Overall": {
        "samples": {
            "DominantAssumption": {
                "R0h1R1h1": 0,
                "R0h0R1h0": 0
            },
            "General": {
                "R0h1R1h1": 0,
                "R0h0R1h0": 0
            },
            "RelaxedDominantAssumption": {
                "R0h1R1h1": 0,
                "R0h0R1h0": 0
            }
        }
    },
    "PerTrafficStream": {},
    "ANOVA": {
        "samples": 1,
        "groundtruth": 1
    },
    "Kruskal": {
        "samples": 1,
        "groundtruth": 1
    },
    "EndToEndMean": {
        "R0h1R1h1": [
            35412280.34939312
        ],
        "R0h0R1h0": [
            35472362.72822091
        ]
    },
    "EndToEndStd": {
        "R0h1R1h1": [
            1497806.4853705973
        ],
        "R0h0R1h0": [
            1524089.433022156
        ]
    },
    "EndToEndSkew": {
        "R0h1R1h1": [
            -0.275789379378797
        ],
        "R0h0R1h0": [
            -0.2822619168803419
        ]
    },
    "DropRate": [
        0.00046416132811686093
    ],
    "T0std": [
        4942821.168594142
    ],
    "T1std": {
        "R0h1R1h1": [
            4593247.367369058
        ],
        "R0h0R1h0": [
            4523845.492110233
        ]
    },
    "T0Ineq": {
        "R0h1R1h1": 0,
        "R0h0R1h0": 0
    },
    "T0IneqMaxEpsilon": {
        "R0h1R1h1": 0,
        "R0h0R1h0": 0
    },
    "T0IneqRemovedZeroes": {
        "R0h1R1h1": 0,
        "R0h0R1h0": 0
    },
    "T1Ineq": {
        "R0h1R1h1": 1,
        "R0h0R1h0": 1
    },
    "T1IneqMaxEpsilon": {
        "R0h1R1h1": 1,
        "R0h0R1h0": 1
    },
    "T1IneqRemovedZeroes": {
        "R0h1R1h1": 1,
        "R0h0R1h0": 1
    },
    "experiments": 1
}