{
    "Overall": {
        "samples": {
            "DominantAssumption": {
                "R0h1R1h1": 50,
                "R0h0R1h0": 50
            },
            "General": {
                "R0h1R1h1": 50,
                "R0h0R1h0": 50
            },
            "RelaxedDominantAssumption": {
                "R0h1R1h1": 50,
                "R0h0R1h0": 50
            },
            "Basic": {
                "R0h1R1h1": 14,
                "R0h0R1h0": 0
            },
            "Basic_timeAvg": {
                "R0h1R1h1": 50,
                "R0h0R1h0": 50
            }
        }
    },
    "PerTrafficStream": {},
    "ANOVA": {
        "samples": 48,
        "groundtruth": 38
    },
    "Kruskal": {
        "samples": 49,
        "groundtruth": 37
    },
    "EndToEndMean": {
        "R0h1R1h1": [
            497376076.3403015,
            496732505.25526315,
            499487979.2074074,
            500794316.1428279,
            494808244.42280483,
            484771732.726938,
            492555431.2411391,
            495875320.87011933,
            497324498.91257954,
            492390465.045761,
            500273648.35511893,
            495420635.58238405,
            493078419.9793667,
            486635190.93169624,
            474803264.79450935,
            492403701.1877828,
            499223528.4676923,
            478134774.1809909,
            492967679.6225399,
            490654563.29153025,
            499837668.454715,
            506324207.85722834,
            499802582.80389285,
            487209068.06648934,
            508245761.87711596,
            483710355.3228827,
            487806846.6934144,
            497398464.5065947,
            506251236.1427706,
            499090100.5858852,
            500500618.37129796,
            505417974.09098375,
            485725637.6221733,
            491074935.11713177,
            492976273.69411767,
            497429829.9152439,
            494274406.39044946,
            493252349.45165855,
            478181972.9082423,
            492254660.9726141,
            489960048.7552546,
            500082221.758335,
            493552604.6816226,
            500020023.68679094,
            500328331.58174986,
            504187240.8614347,
            499436363.6395774,
            503479235.4848803,
            492388652.31134564,
            512546546.48935306
        ],
        "R0h0R1h0": [
            499037862.3738774,
            498354600.2400064,
            499987814.2473549,
            503984889.3894704,
            497581078.5342616,
            485422739.1238247,
            496282318.5720417,
            498555055.09082323,
            498417696.9396388,
            495583557.7419003,
            503137625.5827784,
            498170792.77028716,
            494917271.419812,
            488827391.51729083,
            475042711.77531844,
            494309368.2840246,
            501995343.9839639,
            479289024.06725055,
            494517678.39923954,
            492563830.31464565,
            503414786.7980143,
            507429271.2386765,
            503708615.0522967,
            490067974.61417824,
            509273334.8161673,
            485665496.48759675,
            490131979.5518349,
            499023801.4410256,
            508920511.3474498,
            502814825.9239596,
            502508291.60736877,
            507846047.69844997,
            487050581.6260188,
            492247187.95071644,
            494927573.02375114,
            499749977.84417784,
            495573760.6764566,
            495593847.57223177,
            478515591.0977848,
            493126502.3110637,
            493012096.4992126,
            502757639.77111113,
            497044834.1310044,
            500950372.09386337,
            502550731.0817405,
            507382247.8970793,
            500890068.32005715,
            506909670.7724403,
            494458668.68942666,
            515278419.45832676
        ]
    },
    "EndToEndStd": {
        "R0h1R1h1": [
            35901935.34801247,
            37197713.59212475,
            34650657.5322743,
            31448374.914117023,
            31628673.681177683,
            38949884.04303809,
            43653383.40766196,
            34692009.449461654,
            33478748.89573313,
            38747596.31068547,
            28824551.777686194,
            34713010.34984809,
            38891863.97298256,
            42760825.701267876,
            40982432.35867313,
            35376339.93960854,
            33662344.894666985,
            37834317.08129147,
            29377843.498578057,
            36494341.4144,
            31795030.424055394,
            27468098.101898927,
            33852515.076525286,
            39116206.53169288,
            25755829.42025191,
            44747417.52572293,
            44880155.14615191,
            32928791.460173655,
            30184141.445294186,
            34111014.87153767,
            30545718.177018385,
            26039292.68050429,
            37899588.22238645,
            39968871.00816321,
            35237196.58726134,
            27770955.41084039,
            29836275.033583324,
            40208913.20623956,
            41579560.24787698,
            38300752.60610585,
            40117773.06776898,
            31342472.906254824,
            33179893.81486631,
            31954556.908352494,
            23942397.81978204,
            29868863.470937286,
            35121822.50300023,
            28877601.301956378,
            35434331.38823225,
            23818044.713203292
        ],
        "R0h0R1h0": [
            36529431.78337737,
            37295110.15114832,
            32154667.28505927,
            31664319.991340294,
            30672983.249879014,
            39333182.50964179,
            43445074.32949724,
            35340541.466837436,
            32523080.520204548,
            37125422.07003391,
            28491581.73780782,
            34318275.62193972,
            38928060.1969559,
            41507781.213683285,
            40367006.47642394,
            34698245.10920993,
            32773356.699563194,
            37346766.92414444,
            29534055.441094317,
            34983449.93363192,
            31515082.43854431,
            28897064.327305328,
            33135442.490613986,
            38160458.46070473,
            25655388.79582407,
            40703144.3619058,
            43867123.069482215,
            31590766.728007108,
            31226538.762089442,
            33569970.28155885,
            30510057.2631753,
            26014546.67103322,
            38170910.98903335,
            39882804.34434229,
            35582245.33644798,
            28712746.699258767,
            30491690.74007744,
            39186264.89014002,
            41591856.699230045,
            37561052.43976673,
            40501485.36831916,
            30913848.111352384,
            32654505.764333833,
            32440580.116408728,
            24060315.883072168,
            30175203.643144798,
            35349642.43523783,
            28987418.205761395,
            35291330.75154853,
            24490593.019530166
        ]
    },