{
    "DominantAssumption": {
        "R0H0R2H0": 10,
        "R0H1R2H1": 10,
        "R0H2R2H2": 10,
        "R0H3R2H3": 10,
        "R0H4R2H4": 10,
        "R0H5R2H5": 10,
        "R1H0R3H0": 10,
        "R1H1R3H1": 10,
        "R1H2R3H2": 9,
        "R1H3R3H3": 9,
        "R1H4R3H4": 10,
        "R1H5R3H5": 10
    },
    "MaxEpsilonIneq": {
        "R0H0R2H0": 10,
        "R0H1R2H1": 10,
        "R0H2R2H2": 10,
        "R0H3R2H3": 10,
        "R0H4R2H4": 10,
        "R0H5R2H5": 10,
        "R1H0R3H0": 10,
        "R1H1R3H1": 10,
        "R1H2R3H2": 10,
        "R1H3R3H3": 10,
        "R1H4R3H4": 10,
        "R1H5R3H5": 10
    },
    "Basic": {
        "R0H0R2H0": 9,
        "R0H1R2H1": 9,
        "R0H2R2H2": 10,
        "R0H3R2H3": 9,
        "R0H4R2H4": 10,
        "R0H5R2H5": 10,
        "R1H0R3H0": 10,
        "R1H1R3H1": 10,
        "R1H2R3H2": 8,
        "R1H3R3H3": 9,
        "R1H4R3H4": 10,
        "R1H5R3H5": 9
    },
    "EndToEndMean": {
        "R0H0R2H0": [
            645471606.9968175,
            638176599.1029489,
            655790341.3182548,
            622651740.1097835,
            647535731.3372269,
            650137274.8189584,
            605284915.9297582,
            635357616.5150387,
            657440293.4475639,
            634414459.3861011
        ],
        "R0H1R2H1": [
            645572401.903326,
            636293730.0963292,
            655552137.345335,
            622396478.0429229,
            648878030.3566202,
            647911985.3773537,
            604512087.0461835,
            638093382.0542849,
            657837816.7940147,
            635141577.4394937
        ],
        "R0H2R2H2": [
            645829498.1680573,
            637108523.2917426,
            655622529.5446441,
            621778024.9561274,
            647980856.0859256,
            648227702.4571992,
            606269000.1559827,
            636207632.3600469,
            659027509.7742304,
            633823782.4476179
        ],
        "R0H3R2H3": [
            644636756.0183891,
            636733553.2760646,
            655463371.5451002,
            621572684.0348674,
            645996166.6057818,
            648999740.7975385,
            604374281.6168005,
            636789695.844744,
            658640817.9095968,
            633820945.4160236
        ],
        "R0H4R2H4": [
            645441906.0667633,
            637646495.2676116,
            654822571.02151,
            622228388.3872488,
            648578581.3302927,
            649309555.0683484,
            606140017.2617009,
            636412328.5172883,
            658289338.4861814,
            634205120.8653308
        ],
        "R0H5R2H5": [
            643412985.9042912,
            635632327.8781638,
            654307141.2672998,
            621778945.8268678,
            646789041.4492788,
            648047911.395688,
            605651716.0615199,
            636430908.922105,
            657902308.0958818,
            633785827.0244
        ],
        "R1H0R3H0": [
            619052731.1320593,
            616454182.8303987,
            630673103.6305789,
            618521589.3090487,
            646752397.0999807,
            583673980.356687,
            636288965.6043115,
            647816277.949276,
            641248464.8542279,
            653805683.9029322
        ],
        "R1H1R3H1": [
            618984972.1945914,
            615610795.7315781,
            630629574.4147629,
            617485849.1933889,
            646460981.8033888,
            582886846.0893619,
            635689020.2302746,
            647760060.6199499,
            641376615.6486961,
            652317599.9560983
        ],
        "R1H2R3H2": [
            619784629.483118,
            616007423.5176464,
            630896415.9744778,
            618393790.2906584,
            647641181.9888182,
            583232951.4671109,
            636342312.6158667,
            648208806.7076585,
            642220299.9110831,
            652749859.7701426
        ],
        "R1H3R3H3": [
            618268477.9225304,
            616540491.5758146,
            630270979.9524387,
            618361812.8357745,
            646702258.8921402,
            582457937.1951772,
            635511879.3779408,
            646411896.8188711,
            641064999.7804817,
            652708046.3896024
        ],
        "R1H4R3H4": [
            619827900.3257585,
            617399397.1861037,
            631183552.6165289,
            618649256.1259034,
            647803614.7005295,
            583609785.7721549,
            636755485.5761254,
            647667578.2472334,
            641645533.7159188,
            653363576.4485129
        ],
        "R1H5R3H5": [
            618661196.4576517,
            615029736.7124101,
            629370606.9808544,
            617704522.8921279,
            646945025.6330485,
            582868713.1578242,
            635443601.9321657,
            647237760.3603297,
            641639804.5328528,
            652589936.8135782
        ]
    },
    "EndToEndStd": {
        "R0H0R2H0": [
            249193607.30936968,
            236158768.02945903,
            249760517.50755593,
            239133324.89146453,
            242209833.37606928,
            257328055.80440876,
            241770854.92052644,
            253682182.6728742,
            239578285.31690165,
            250613526.5553681
        ],
        "R0H1R2H1": [
            248845282.6976049,
            239029009.07562456,
            250570229.84096795,
            241332874.06155074,
            243121932.961482,
            259135611.23133707,
            241156851.1012207,
            252508346.54164016,
            241053223.01710653,
            250422538.20085472
        ],
        "R0H2R2H2": [
            249894864.87380248,
            236675395.47166625,
            248874295.2573413,
            238949161.24675292,
            241498029.32823974,
            259473088.39195162,
            240978512.3831999,
            252281987.2094241,
            240203074.2163094,
            250645379.438315
        ],
        "R0H3R2H3": [
            251390887.31761646,
            237405117.64062688,
            249136324.2650736,
            240041176.05004978,
            247085849.58757415,
            258894406.0539205,
            242224714.62419966,
            253388170.35851845,
            238346207.3602588,
            251774571.4336973
        ],
        "R0H4R2H4": [
            250873465.27557877,
            234459580.83125564,
            249265619.13099146,
            236072686.42148834,
            241835567.17858112,
            258478976.80833897,
            240190975.90152764,
            252653761.91883552,
            236996125.24578488,
            248260509.5434268
        ],
        "R0H5R2H5": [
            252380168.01859805,
            237708215.63497967,
            250313194.73925555,
            241547638.51576218,
            244860001.90933284,
            259094595.34925544,
            242430888.37673193,
            253094345.94207007,
            240212696.08246616,
            252943321.20487475
        ],
        "R1H0R3H0": [
            250154762.23403248,
            241907182.53643975,
            257475789.28569576,
            262227391.9638195,
            255098754.22396666,
            257973266.13234493,
            258797572.2516936,
            245217817.88382208,
            254119702.38707516,
            249018770.3925208
        ],
        "R1H1R3H1": [
            250475189.75145438,
            243324013.5639624,
            257676975.1784821,
            259968639.45671687,
            255881164.547259,
            258958703.12003636,
            259200060.74602047,
            248027434.8137537,
            254380096.09868896,
            248526005.42193967
        ],