{
    "Overall": {
        "samples": {
            "DominantAssumption": {
                "R0h1R1h1": 50,
                "R0h0R1h0": 50
            },
            "General": {
                "R0h1R1h1": 50,
                "R0h0R1h0": 50
            },
            "RelaxedDominantAssumption": {
                "R0h1R1h1": 50,
                "R0h0R1h0": 50
            },
            "Basic": {
                "R0h1R1h1": 16,
                "R0h0R1h0": 3
            },
            "Basic_timeAvg": {
                "R0h1R1h1": 50,
                "R0h0R1h0": 50
            }
        }
    },
    "PerTrafficStream": {},
    "ANOVA": {
        "samples": 49,
        "groundtruth": 43
    },
    "Kruskal": {
        "samples": 50,
        "groundtruth": 42
    },
    "EndToEndMean": {
        "R0h1R1h1": [
            500432898.5330839,
            500863735.2004505,
            497688855.9236848,
            483118441.00613624,
            498155335.4136263,
            500403590.49098444,
            488752241.78117985,
            495423964.279893,
            503266200.777097,
            494207706.676631,
            496594981.2732342,
            508969845.5105815,
            483947382.49920094,
            483121742.4909347,
            490515662.293726,
            504839666.89912903,
            496392163.3317991,
            496950346.8665433,
            492520048.2623783,
            499533885.7300626,
            489204004.066612,
            505236852.6751412,
            479287484.3076923,
            487215105.28805816,
            499004820.58723664,
            489965130.4844758,
            511739511.76634735,
            494549048.72023433,
            497232052.91731423,
            489896502.4495431,
            504194392.5537505,
            495691167.02345157,
            500174240.38819355,
            500152663.59382665,
            498781995.51484156,
            498957877.53504485,
            499896161.699305,
            491196291.93966943,
            494651991.9295631,
            495270137.05228364,
            502035338.8209169,
            491657154.304908,
            499881791.35225886,
            496063364.0325733,
            511290836.6998181,
            498427118.46298146,
            500034049.5940311,
            490095614.6746964,
            486882844.6661923,
            485316814.3779607
        ],
        "R0h0R1h0": [
            501851455.5620277,
            502665657.88722396,
            499858453.94142854,
            484985954.84427917,
            498817617.38077545,
            503249660.00730497,
            491424311.7697328,
            497093455.7331863,
            505989786.79232925,
            495595339.9998409,
            498926696.0747072,
            511788604.1666937,
            486195685.19849366,
            484011941.6813935,
            492428912.73049974,
            506827231.35834265,
            498193290.45815533,
            498977420.7823502,
            494285531.69781,
            501941304.3297621,
            491616180.1421085,
            507404999.69538176,
            480279578.36446255,
            489715722.4778387,
            500707651.9933302,
            492366781.10522175,
            514473282.8267001,
            497996940.4605507,
            498290058.8498716,
            491131415.8462522,
            507204513.4186457,
            497359594.62067896,
            503225598.92232263,
            502306019.142743,
            500681441.7038443,
            500327653.35334617,
            501793902.5806245,
            492393428.64597344,
            496644874.9473852,
            495989740.08740693,
            503684984.69860435,
            494555695.3308438,
            503189077.2076923,
            498031883.09654844,
            513571962.90220475,
            500024679.6630813,
            502563162.2047427,
            492185549.9260132,
            488151995.8338046,
            487269654.9130435
        ]
    },
    "EndToEndStd": {
        "R0h1R1h1": [
            32121888.966523964,
            32091565.596253686,
            30144775.69319712,
            39682668.803602524,
            37625242.770207785,
            32072009.073219366,
            43892939.41631131,
            33653052.90338933,
            26445095.80159933,
            36519521.29141891,
            33148498.90406017,
            28340065.163071085,
            39565774.15968521,
            38309892.63540295,
            45004561.34659692,
            29019693.403766118,
            35589680.72086234,
            35140912.14295753,
            37923686.66210916,
            32072355.299473383,
            38406144.964016736,
            21689772.490087584,
            48997578.7976883,
            35278510.6071804,
            34883717.99898602,
            40042258.90278344,
            24404048.37607584,
            37430060.894966535,
            33647717.59547788,
            39816324.5977151,
            31337845.43484477,
            34010812.54488852,
            37314768.7492006,
            35058996.64238665,
            35714333.71276713,
            29911891.322147757,
            33801693.69274636,
            36891965.330148935,
            41167065.157926716,
            35859809.10210975,
            33370303.084688626,
            38278769.75662114,
            31046076.044322364,
            31000510.536867443,
            27336592.20975826,
            32081410.3181145,
            34790431.10186899,
            37342884.24067197,
            38554547.5021494,
            38059071.39870419
        ],
        "R0h0R1h0": [
            33233400.3017609,
            32059548.686559763,
            30333838.519918818,
            38945909.415566385,
            38006043.926750265,
            32695358.7908949,
            43926269.20548656,
            33178870.988963977,
            25959884.47320911,
            37079281.39758152,
            31671814.95956682,
            26770644.71079795,
            39164125.130328074,
            37878053.470153846,
            44381716.684676886,
            28539779.00857328,
            34604777.93580362,
            35043551.97703455,
            38181529.90514622,
            31113725.03775701,
            36223640.22523604,
            22420153.00723448,
            48709309.69704911,
            35280379.15547303,
            34511639.72637854,
            39889492.14290129,
            26639627.068873733,
            36632983.298049636,
            34246120.12020814,
            39268153.33120912,
            32015059.448726412,
            31847614.564671442,
            35728123.56632175,
            34823761.637241915,
            34992644.0104591,
            30605455.17310824,
            32984385.095486935,
            36454640.99069356,
            39851079.80600351,
            36355247.919624574,
            33200185.391381804,
            35838647.28530167,
            32064468.047490682,
            31566286.29883949,
            24992302.95020975,
            32353052.1194365,
            35683143.47470358,
            36466495.80337245,
            37327864.765834436,
            37452915.23161899
        ]
    },