{
    "Overall": {
        "samples": {
            "DominantAssumption": {
                "R0h1R1h1": 50,
                "R0h0R1h0": 50
            },
            "General": {
                "R0h1R1h1": 50,
                "R0h0R1h0": 50
            },
            "RelaxedDominantAssumption": {
                "R0h1R1h1": 50,
                "R0h0R1h0": 50
            },
            "Basic": {
                "R0h1R1h1": 21,
                "R0h0R1h0": 2
            },
            "Basic_timeAvg": {
                "R0h1R1h1": 50,
                "R0h0R1h0": 50
            }
        }
    },
    "PerTrafficStream": {},
    "ANOVA": {
        "samples": 50,
        "groundtruth": 39
    },
    "Kruskal": {
        "samples": 49,
        "groundtruth": 37
    },
    "EndToEndMean": {
        "R0h1R1h1": [
            489019753.11122185,
            497391749.36050797,
            485404508.88219684,
            483957465.1203225,
            487097491.76449054,
            495707885.7102228,
            495421326.22327304,
            499468250.0676271,
            497863446.1077081,
            496022708.023726,
            482291533.2523628,
            485196856.55923593,
            491255387.95376885,
            511651981.7313186,
            499603509.71626085,
            497856370.15018314,
            486850313.10565567,
            502911998.78089887,
            494849155.4831368,
            485629238.309495,
            503362523.83378017,
            502413762.2783652,
            505919834.95369804,
            497079173.42000395,
            499852936.0777529,
            494953659.0258409,
            497512869.57924604,
            490396326.2393584,
            482888249.9491285,
            501846883.5426501,
            497361364.5361422,
            504843151.93287224,
            485632055.95237136,
            489862987.47244424,
            487103830.57005125,
            491095934.97154963,
            491627517.3308581,
            496327224.7246377,
            492286222.2576166,
            486361374.838995,
            507914990.168716,
            478424773.2668004,
            502227563.12646514,
            496507109.1177192,
            491043759.72169226,
            493089333.4852761,
            505494724.8002539,
            511273413.7537268,
            499291489.3652454,
            506731780.1431464
        ],
        "R0h0R1h0": [
            490166908.03834116,
            497929903.8826595,
            487570892.8200315,
            486763745.9816794,
            489334515.20399183,
            497582483.69730586,
            496697226.963248,
            501839529.0240377,
            499117337.0772947,
            498317695.3683386,
            483092655.99405414,
            487600009.0147036,
            494068892.13046825,
            514614982.11940765,
            501697851.7306344,
            499768020.05659777,
            489170696.45468605,
            504588880.0482878,
            497046201.29097146,
            486427074.06656075,
            505174512.4084138,
            505093333.05390364,
            508397474.2918233,
            496936573.5809677,
            502198762.1663802,
            497554273.1120608,
            500632703.69976616,
            490271786.87444794,
            484698432.4332614,
            503063584.4365605,
            499127620.1976029,
            507932996.9580364,
            486957884.6788817,
            492964469.87639576,
            488770707.6896122,
            494114077.107199,
            492504609.7329222,
            500634792.2887603,
            494336215.54722923,
            487723339.0554172,
            510679646.2332054,
            479519189.3785703,
            506109465.0444375,
            499182436.5347375,
            493185508.1714556,
            494881047.3563614,
            508689523.5879054,
            513551066.3274407,
            499682770.4913322,
            509249803.90946966
        ]
    },
    "EndToEndStd": {
        "R0h1R1h1": [
            38635849.71688951,
            33077851.703451235,
            43061436.402929276,
            42373508.690267965,
            42919246.06184571,
            36523752.647828065,
            38222704.415526494,
            28169205.725040786,
            29386847.517515324,
            33548166.197511226,
            37752681.08769057,
            43142963.81945922,
            39888923.48005607,
            25685750.116275948,
            35837138.97677196,
            36015151.48100435,
            40742260.879800364,
            31611438.369112123,
            34593695.716522194,
            36509691.8191737,
            30488545.16898506,
            30906511.302368563,
            24235264.29179267,
            32013721.090130545,
            31383826.189211044,
            35299688.322156385,
            32151622.924019013,
            42862968.769061305,
            41088182.784308806,
            30768147.541973665,
            39225592.59881668,
            26911532.13336775,
            41409128.01833465,
            38979867.02209602,
            38304847.3151342,
            37651713.81635006,
            28496933.42657153,
            36873534.2324707,
            33722868.03296652,
            42140316.93903031,
            25955971.4651613,
            34764650.84862735,
            34645401.69852445,
            38612942.67753702,
            44437749.68185037,
            39022135.50553482,
            25780463.13829095,
            26252374.204549883,
            28925093.69385728,
            28935822.934101734
        ],
        "R0h0R1h0": [
            38072240.44012316,
            32979765.077083033,
            42866470.47659124,
            41975409.564687915,
            42086356.09973798,
            37045557.51686097,
            38044370.52737044,
            28182053.55240253,
            27712020.197227366,
            31201355.129110288,
            37471845.81584922,
            42652874.23053883,
            39081510.390106924,
            26175615.18953914,
            35604242.88826415,
            36542270.518585846,
            39947152.14742276,
            31847806.650805842,
            34854795.20598602,
            36130407.69498263,
            30646771.86023249,
            30829736.624247085,
            24745834.91583307,
            30012544.756791882,
            31252765.04102635,
            35673522.944793016,
            31824956.356673468,
            42707027.26178146,
            39468863.83791335,
            31779155.789367083,
            39401743.061146066,
            28228194.853604782,
            41095863.30472228,
            37870720.98292075,
            38591643.80651973,
            37322084.47987609,
            28432629.109586053,
            36732843.14535894,
            33414156.77059065,
            40637132.91748592,
            26789897.882373832,
            35402823.49748247,
            34270815.27624776,
            38455535.8345005,
            44025496.799971186,
            38350149.5575096,
            26423087.89441649,
            25785249.273912396,
            29171045.961636852,
            29454386.749161106
        ]
    },