{
    "Overall": {
        "samples": {
            "DominantAssumption": {
                "R0h1R1h1": 50,
                "R0h0R1h0": 50
            },
            "General": {
                "R0h1R1h1": 50,
                "R0h0R1h0": 50
            },
            "RelaxedDominantAssumption": {
                "R0h1R1h1": 50,
                "R0h0R1h0": 50
            },
            "Basic": {
                "R0h1R1h1": 20,
                "R0h0R1h0": 1
            },
            "Basic_timeAvg": {
                "R0h1R1h1": 50,
                "R0h0R1h0": 50
            }
        }
    },
    "PerTrafficStream": {},
    "ANOVA": {
        "samples": 49,
        "groundtruth": 41
    },
    "Kruskal": {
        "samples": 48,
        "groundtruth": 40
    },
    "EndToEndMean": {
        "R0h1R1h1": [
            490849056.3061876,
            482925360.87681454,
            484965248.0833164,
            501202202.0899878,
            500755973.19927025,
            507744330.3247004,
            500432457.3164216,
            495032745.22834975,
            495220186.4141023,
            500376165.322967,
            493538210.8489745,
            498477415.1423252,
            485987397.1368528,
            496221628.36515945,
            499788466.0738085,
            493243297.09515995,
            488566507.8365066,
            504577496.67007726,
            494146750.6377684,
            499902786.1832108,
            504000269.0980156,
            486254126.557394,
            499982745.22161174,
            494607674.721725,
            493440090.30682504,
            497363716.02566224,
            495945839.94283956,
            499193077.09070885,
            511911442.5485575,
            503500711.94112855,
            497326686.0581796,
            497078042.95609176,
            490659191.6471548,
            494261611.77053237,
            503430212.5886613,
            510546305.7827663,
            498408596.5239448,
            516197662.6061744,
            481705550.2885767,
            505436802.6528088,
            494773410.5942089,
            482939823.46143,
            481301397.56210095,
            494136981.8045285,
            478573949.06939936,
            499788745.97380435,
            490737041.10223776,
            491342569.90063643,
            498587197.00957537,
            495339486.4523908
        ],
        "R0h0R1h0": [
            492360751.21241313,
            484404305.1986611,
            485856391.3915117,
            503600599.656479,
            502431629.9842857,
            507831207.43046886,
            503229451.002707,
            497539572.28934324,
            496997801.2667186,
            504324890.93540335,
            496115756.4343201,
            499729679.17125577,
            488262086.3198355,
            498231951.88197595,
            503764335.82665205,
            494765258.4151722,
            491388484.11398154,
            505951362.8928515,
            495434243.5835182,
            502396049.39644694,
            505839636.23668826,
            488251551.651839,
            500186076.47543097,
            498262549.1240683,
            494907097.69316024,
            499580891.10642946,
            498528456.79359543,
            501959590.6189513,
            514047785.17952424,
            505588905.94337195,
            499468108.34339035,
            498680424.03295505,
            492924798.0855168,
            496033206.2643514,
            505044931.28358454,
            512403796.1162454,
            500487992.4169639,
            518307829.56583124,
            482648647.3150532,
            507675960.669532,
            496765568.0708973,
            484200688.22556275,
            483197064.74202716,
            496206116.08665216,
            480170852.2382677,
            501568448.6926613,
            492411526.5513989,
            493971298.60220224,
            502088327.19720256,
            496964090.480876
        ]
    },
    "EndToEndStd": {
        "R0h1R1h1": [
            39476425.44473228,
            43443561.98025318,
            41147370.14169525,
            32006096.779120386,
            34950232.245001614,
            27297130.736973085,
            34639025.60019788,
            38772319.87116535,
            33072552.47953917,
            37921836.90453732,
            32642191.32865267,
            33956991.88274703,
            41376202.29493692,
            36504396.29452288,
            29605405.308315918,
            29728617.25232655,
            42005408.079471,
            30611829.355319653,
            37554258.66400764,
            35335499.04274381,
            27973157.256767772,
            33843563.57856591,
            31131976.670563545,
            33628543.70483234,
            31792322.668668535,
            27682400.440234136,
            33388239.566683132,
            35419189.98674451,
            23508892.835572768,
            30741581.722545553,
            34444364.14188253,
            30413754.796969395,
            40331976.16841618,
            36149875.9386059,
            31129930.974821955,
            22078813.644038692,
            33822528.82325135,
            20836540.869950194,
            42250324.60392707,
            29665060.407305293,
            29294329.401733797,
            46617624.69791637,
            40665229.59837719,
            41731195.180151075,
            39806017.17495485,
            36047861.12625602,
            38080185.06865285,
            33137592.03010998,
            37386728.15510293,
            35966365.62671323
        ],
        "R0h0R1h0": [
            39781730.19585593,
            43770914.564303,
            41788374.8672594,
            32344808.837707784,
            34122952.85074952,
            26394007.055656977,
            34385902.991570085,
            37985342.35544004,
            33190393.75412246,
            38164878.86720726,
            32809583.343140416,
            34157173.529398434,
            39389873.93296756,
            35958958.50000869,
            31081178.344658323,
            29877504.97217056,
            41105738.38549774,
            30209208.80935686,
            37429311.90945222,
            35072036.813608654,
            26309271.51163201,
            33072244.881052807,
            31778599.567999955,
            33840329.26816876,
            31502750.45368253,
            28183701.238016054,
            29037397.00919765,
            33053486.07945209,
            21896286.0102383,
            30968669.696736887,
            33318486.983226534,
            31291440.023812115,
            40100056.52820869,
            36526685.40060623,
            31268452.89490273,
            22541861.4939328,
            34901889.29384972,
            21443907.254400548,
            42544904.83179301,
            28539998.744935695,
            29332754.437501006,
            44548603.36395,
            40709560.70872813,
            41310311.63437802,
            39696682.66648022,
            36848539.05206961,
            37551884.37804089,
            33631888.93553236,
            37468864.96656591,
            35802784.48926024
        ]
    },