{
    "DominantAssumption": {
        "R0H0R2H0": 1,
        "R0H1R2H1": 1,
        "R0H2R2H2": 1,
        "R0H3R2H3": 1,
        "R0H4R2H4": 1,
        "R0H5R2H5": 1,
        "R1H0R3H0": 1,
        "R1H1R3H1": 1,
        "R1H2R3H2": 1,
        "R1H3R3H3": 1,
        "R1H4R3H4": 1,
        "R1H5R3H5": 1
    },
    "MaxEpsilonIneq": {
        "R0H0R2H0": 1,
        "R0H1R2H1": 1,
        "R0H2R2H2": 1,
        "R0H3R2H3": 1,
        "R0H4R2H4": 1,
        "R0H5R2H5": 1,
        "R1H0R3H0": 1,
        "R1H1R3H1": 1,
        "R1H2R3H2": 1,
        "R1H3R3H3": 1,
        "R1H4R3H4": 1,
        "R1H5R3H5": 1
    },
    "Basic": {
        "R0H0R2H0": 1,
        "R0H1R2H1": 1,
        "R0H2R2H2": 1,
        "R0H3R2H3": 1,
        "R0H4R2H4": 1,
        "R0H5R2H5": 1,
        "R1H0R3H0": 1,
        "R1H1R3H1": 1,
        "R1H2R3H2": 1,
        "R1H3R3H3": 1,
        "R1H4R3H4": 1,
        "R1H5R3H5": 1
    },
    "EndToEndMean": {
        "R0H0R2H0": [
            645471606.9968175
        ],
        "R0H1R2H1": [
            645572401.903326
        ],
        "R0H2R2H2": [
            645829498.1680573
        ],
        "R0H3R2H3": [
            644636756.0183891
        ],
        "R0H4R2H4": [
            645441906.0667633
        ],
        "R0H5R2H5": [
            643412985.9042912
        ],
        "R1H0R3H0": [
            619052731.1320593
        ],
        "R1H1R3H1": [
            618984972.1945914
        ],
        "R1H2R3H2": [
            619784629.483118
        ],
        "R1H3R3H3": [
            618268477.9225304
        ],
        "R1H4R3H4": [
            619827900.3257585
        ],
        "R1H5R3H5": [
            618661196.4576517
        ]
    },
    "EndToEndStd": {
        "R0H0R2H0": [
            249193607.30936968
        ],
        "R0H1R2H1": [
            248845282.6976049
        ],
        "R0H2R2H2": [
            249894864.87380248
        ],
        "R0H3R2H3": [
            251390887.31761646
        ],
        "R0H4R2H4": [
            250873465.27557877
        ],
        "R0H5R2H5": [
            252380168.01859805
        ],
        "R1H0R3H0": [
            250154762.23403248
        ],
        "R1H1R3H1": [
            250475189.75145438
        ],
        "R1H2R3H2": [
            250983228.01404974
        ],
        "R1H3R3H3": [
            251452403.41506705
        ],
        "R1H4R3H4": [
            251761033.94639543
        ],
        "R1H5R3H5": [
            250579654.552921
        ]
    },
    "ANOVA": {
        "A0T2": 1,
        "A0T3": 1,
        "A1T2": 1,
        "A1T3": 1,
        "T0A0": 1,
        "T0A1": 1,
        "T1A0": 1,
        "T1A1": 1
    },
    "Kruskal": {
        "A0T2": 1,
        "A0T3": 1,
        "A1T2": 1,
        "A1T3": 1,
        "T0A0": 1,
        "T0A1": 1,
        "T1A0": 1,
        "T1A1": 1
    },
    "DropRate": [
        0.0014077535720894707
    ],
    "A0T2std": [
        251750.60905608768
    ],
    "A0T3std": [
        250078.74091596322
    ],
    "A1T2std": [
        250563.22610418792
    ],
    "A1T3std": [
        250076.3955300373
    ],
    "T0A0std": [
        215802540.6417855
    ],
    "T0A1std": [
        270224858.3153174
    ],
    "T1A0std": [
        261365970.17539403
    ],
    "T1A1std": [
        229122035.9644246
    ],
    "T2H0std": [
        1796611.8995363214
    ],
    "T2H1std": [
        819011.8920924929
    ],
    "T2H2std": [
        1638653.607682602
    ],
    "T2H3std": [
        802048.6719604165
    ],
    "T2H4std": [
        1717721.3547270128
    ],
    "T2H5std": [
        668606.0644256342
    ],
    "T3H0std": [
        1850860.516554889
    ],
    "T3H1std": [
        843343.9329200444
    ],
    "T3H2std": [
        1480502.7247916167
    ],
    "T3H3std": [
        772060.5140496525
    ],
    "T3H4std": [
        1893427.2830748695
    ],
    "T3H5std": [
        764789.2660270173
    ],
    "experiments": 1
}