{
    "Overall": {
        "samples": {
            "DominantAssumption": {
                "R0h1R1h1": 50,
                "R0h0R1h0": 50
            },
            "General": {
                "R0h1R1h1": 50,
                "R0h0R1h0": 50
            },
            "RelaxedDominantAssumption": {
                "R0h1R1h1": 50,
                "R0h0R1h0": 50
            },
            "Basic": {
                "R0h1R1h1": 12,
                "R0h0R1h0": 3
            },
            "Basic_timeAvg": {
                "R0h1R1h1": 50,
                "R0h0R1h0": 50
            }
        }
    },
    "PerTrafficStream": {},
    "ANOVA": {
        "samples": 44,
        "groundtruth": 41
    },
    "Kruskal": {
        "samples": 45,
        "groundtruth": 37
    },
    "EndToEndMean": {
        "R0h1R1h1": [
            495904325.61299026,
            509213362.3953818,
            494068726.5075075,
            505680124.0377889,
            474134546.3122951,
            496092922.8906924,
            490280919.1116667,
            494521028.5120843,
            494332302.24498314,
            502174955.2045409,
            484096082.4959416,
            488957981.47257215,
            497319252.46999794,
            516406455.6111225,
            505385063.4793825,
            491050065.0171891,
            487328832.98817295,
            508098501.1176122,
            492794496.69485974,
            496044754.8547889,
            503062249.5774127,
            500296526.69574,
            486630224.73836505,
            500613342.2477119,
            490969981.0,
            498203913.1612192,
            501839227.8877406,
            499204341.69424385,
            495070521.6663284,
            488229983.87973225,
            484167500.1713938,
            500158825.4185758,
            502675134.01526105,
            505274231.7340164,
            484207151.94564784,
            491705054.02310294,
            503538772.58157736,
            489862128.627936,
            489338113.4570846,
            493528505.49144155,
            495670826.52640194,
            510373061.6536258,
            485531642.52287716,
            500808524.5152076,
            487094820.9192559,
            489006041.2225152,
            501079450.5428456,
            493747945.0648919,
            508103588.13732606,
            491536550.8281409
        ],
        "R0h0R1h0": [
            498056036.30812585,
            512300111.85429204,
            495882286.12366194,
            507599290.77517045,
            474801688.7876616,
            498151312.40763336,
            494273968.9351445,
            496935359.018046,
            495819827.3139086,
            503628528.45569015,
            484981605.0700298,
            489425144.1223649,
            498318139.4236221,
            518271735.2424482,
            507522150.365865,
            493233249.8044257,
            489756618.60590744,
            508962627.67551285,
            495656027.30873424,
            499234613.2695355,
            505114271.436604,
            501561921.98446757,
            488585723.96829385,
            502053438.0455339,
            492696330.4008344,
            500967931.8803554,
            502949363.4672736,
            501923159.01775336,
            496216275.9842072,
            491173891.8479777,
            485702932.0471212,
            501931304.0746795,
            505229742.3670786,
            506319310.7508869,
            485837405.88931113,
            491769191.25445175,
            504977431.8487813,
            492671893.8835459,
            491890393.54788244,
            496446886.5885881,
            496734596.1413044,
            512306980.4689527,
            486547524.37092453,
            503475664.9465131,
            488730026.11945117,
            489062310.17768985,
            503736361.9989068,
            496006304.3973725,
            508434303.76941824,
            493170194.605945
        ]
    },
    "EndToEndStd": {
        "R0h1R1h1": [
            39630296.5484282,
            21269502.76917437,
            37005767.39148657,
            24305178.29837813,
            41800624.4546713,
            35812140.48857741,
            39158291.34764137,
            33526170.856265865,
            34218798.695433356,
            33929768.99180157,
            43088016.37788415,
            33493027.07643568,
            36609205.47754905,
            21663445.985415183,
            28072044.741256803,
            36276140.917989016,
            45101911.44186392,
            26912076.4421025,
            37226252.4673573,
            36211347.376800954,
            27485424.709462292,
            26987254.015745457,
            39240299.29219858,
            33601733.7278481,
            37464758.623971775,
            35028547.72452406,
            29873400.851447705,
            29601524.83087335,
            36369989.1817512,
            41656004.39929207,
            41508923.51452723,
            32420992.262277145,
            27816714.49650868,
            27187578.762464244,
            42905221.95250248,
            37138715.2302896,
            28756951.42884451,
            39097185.287137315,
            42107997.26974104,
            35957736.37438499,
            38191368.5438151,
            19963359.00893452,
            40934484.26986328,
            27278525.511701647,
            41654810.43303358,
            34117814.90722214,
            34649491.68848492,
            29138490.276232794,
            29147665.47908843,
            39940611.31409177
        ],
        "R0h0R1h0": [
            37176853.18514309,
            22267627.865725886,
            36111823.24213889,
            24674576.00999267,
            41213092.790261745,
            35403951.20847654,
            38746613.764468275,
            32776099.722470447,
            34976992.80425814,
            34365667.66455603,
            43514512.57795503,
            32914881.07428317,
            36191379.54537384,
            22633113.704517335,
            27777506.1638419,
            35980599.476903796,
            44353640.398613825,
            24417603.30038556,
            36775943.20649575,
            36704454.57408667,
            28256513.4593432,
            27089754.649673752,
            38624991.72979115,
            34230503.89290597,
            36878812.09852888,
            32151313.055282217,
            30385881.204070188,
            29624864.711266406,
            37045592.727990665,
            40486899.81050301,
            40540657.72685076,
            30056159.48106252,
            28387686.117514055,
            27609332.971925367,
            42014060.56147887,
            37202319.73391513,
            28017657.629764546,
            39152844.46441398,
            42352826.72855851,
            36309949.8008007,
            35904755.597351015,
            20561332.506679226,
            39984284.458083905,
            27844880.011642568,
            42213391.457006484,
            33937854.49420335,
            32876904.852677554,
            29729195.89870067,
            30602551.668168932,
            40101460.68717659
        ]
    },