{
    "Overall": {
        "samples": {
            "DominantAssumption": {
                "R0h1R1h1": 50,
                "R0h0R1h0": 50
            },
            "General": {
                "R0h1R1h1": 50,
                "R0h0R1h0": 50
            },
            "RelaxedDominantAssumption": {
                "R0h1R1h1": 50,
                "R0h0R1h0": 50
            },
            "Basic": {
                "R0h1R1h1": 17,
                "R0h0R1h0": 0
            },
            "Basic_timeAvg": {
                "R0h1R1h1": 50,
                "R0h0R1h0": 50
            }
        }
    },
    "PerTrafficStream": {},
    "ANOVA": {
        "samples": 48,
        "groundtruth": 37
    },
    "Kruskal": {
        "samples": 49,
        "groundtruth": 37
    },
    "EndToEndMean": {
        "R0h1R1h1": [
            497396725.7778436,
            491238079.4850348,
            476231139.27469635,
            491194990.76435965,
            494981050.66722095,
            498074019.7290428,
            480188539.17203176,
            511486756.1155611,
            491870490.40043765,
            493250016.5906599,
            497094009.0,
            505981084.30012125,
            493046719.5286317,
            500004501.2361616,
            502989903.5707186,
            496239486.36439615,
            495050390.60873216,
            493416613.93169343,
            502730546.8180888,
            494392938.2930483,
            482875784.113238,
            476552735.01040363,
            483880571.80093247,
            500636995.8505539,
            494205749.2410751,
            507009218.2756877,
            498766034.00229836,
            506667322.708386,
            502046720.5501322,
            496767796.41214526,
            511335726.1051988,
            485814465.169604,
            496987269.8850666,
            502807273.70757073,
            493822771.20779485,
            489425089.276436,
            490540531.83612174,
            496648998.96020204,
            485460360.564546,
            503848104.9018701,
            488106362.02034175,
            488202315.7731829,
            506947187.56209695,
            511669549.73616666,
            504984205.64400494,
            496503283.157582,
            493228958.8085849,
            512146464.0644047,
            491305584.0752861,
            500462791.9165154
        ],
        "R0h0R1h0": [
            498287923.63293934,
            493896605.31576514,
            475936678.1369132,
            493693730.28657037,
            497257110.854321,
            500590633.09163284,
            482643556.8823987,
            514680140.895256,
            493138980.9195348,
            495548190.28727967,
            498683408.1025763,
            507350558.1084163,
            493516041.78645504,
            502062966.83084655,
            505820775.85845816,
            498250997.51198083,
            496452554.01203656,
            494740683.5478782,
            505508591.49839383,
            495798795.9491735,
            484329185.04890704,
            478185496.15308213,
            483754906.5252782,
            502207866.6186645,
            496506572.7881928,
            509655624.95098346,
            500971071.33735126,
            510380076.7496827,
            504263595.34198374,
            500864364.0754134,
            512894366.1726504,
            488204492.7916993,
            499216484.24691355,
            505405671.68421054,
            495944740.69865793,
            492098640.14727956,
            491587339.13030493,
            498257427.172671,
            487661501.5955661,
            506297926.5425532,
            490210410.6781411,
            492025169.05895233,
            509907294.9640858,
            515575588.9245459,
            505545961.6515924,
            497605230.3506368,
            495517064.34077775,
            515419808.45335025,
            494585070.69082797,
            501811651.80736727
        ]
    },
    "EndToEndStd": {
        "R0h1R1h1": [
            34783895.711376436,
            40657218.092485785,
            46931604.269446105,
            36154033.70116431,
            31281466.517609216,
            36162528.337695956,
            44220732.890056,
            24764102.192297857,
            36792207.440919034,
            36488987.53754442,
            30032001.36805277,
            29864774.887351587,
            36906709.53963226,
            35217611.42528731,
            31067657.228632506,
            32669361.414667558,
            33129535.29144494,
            38968394.09272863,
            29715987.538822882,
            39179908.98796058,
            40581093.60553631,
            46705947.32390173,
            44410525.06770073,
            32547173.036331616,
            37571887.37391568,
            27800738.422577057,
            28728663.06095304,
            27839232.952568367,
            29144108.730814856,
            40466737.53282274,
            24309379.233880892,
            40467940.82496251,
            36930739.91229025,
            32994906.254822683,
            37778414.962117404,
            39137365.48462227,
            39116488.001206726,
            29137697.104844436,
            35896583.08625594,
            32046053.32963654,
            42852452.557348184,
            40825256.0858235,
            23749257.813510627,
            22576090.279925298,
            29486173.186176933,
            40395379.64876036,
            39059349.24457098,
            25038483.08713352,
            37998222.680761665,
            33503961.265913453
        ],
        "R0h0R1h0": [
            34882184.2074888,
            40417460.98170107,
            47174856.57844121,
            36155329.177931964,
            31376302.973458596,
            36953866.25363207,
            43733326.54475707,
            23458779.775691748,
            37717375.14700082,
            35069570.93208737,
            29917919.737385586,
            30907798.83163702,
            35426849.59327292,
            35119930.52430731,
            31557463.132305726,
            32843862.077907745,
            32687667.602449093,
            39319494.971597075,
            29509978.88478228,
            38070430.76973366,
            40629266.577685505,
            46220903.094413355,
            44855217.26111,
            33405330.12533005,
            37065001.40259105,
            26592641.435566008,
            28152321.88677568,
            28255707.28123337,
            28942779.37145728,
            36720337.83507786,
            25191538.017474584,
            40032846.28017887,
            36874557.33279614,
            32354242.712623533,
            37090924.35614084,
            37464007.98445559,
            39053617.55230869,
            28469183.887962896,
            35970105.383245766,
            31994888.229244262,
            42919271.25639891,
            39742273.213660076,
            24755169.61801926,
            25088445.34887859,
            29711101.921882857,
            39704165.87820423,
            39057268.600257605,
            25945885.923944555,
            36432994.77159086,
            33925904.67740273
        ]
    },