{
    "Overall": {
        "samples": {
            "DominantAssumption": {
                "R0h1R1h1": 61,
                "R0h0R1h0": 51
            },
            "General": {
                "R0h1R1h1": 100,
                "R0h0R1h0": 100
            }
        }
    },
    "PerTrafficStream": {
        "samples": {
            "DominantAssumption": {
                "R0h1R1h1": 100,
                "R0h0R1h0": 100
            },
            "General": {
                "R0h1R1h1": 100,
                "R0h0R1h0": 100
            }
        }
    },
    "ANOVA": 95,
    "Kruskal": 97,
    "EndToEndMean": {
        "R0h1R1h1": [
            322447833.84504896,
            340014375.2876921,
            329110573.3558696,
            325889814.55371165,
            330545572.7640621,
            337700538.6852229,
            328387261.3311241,
            319122637.17899275,
            337599603.55590975,
            320560225.7155194,
            316582423.95484865,
            339110424.4130102,
            317946843.274735,
            335658149.80362344,
            320815528.33240044,
            318280328.5967372,
            339028934.47927266,
            335621285.611019,
            337762708.7420257,
            345469795.92787427,
            347192623.8156758,
            334064656.70879614,
            336195474.81423277,
            335349917.90035635,
            333704912.1453265,
            342284815.0313571,
            337806644.91621035,
            339296736.6232772,
            338231854.3118266,
            335600034.74952585,
            331098783.96190596,
            347445244.81830895,
            342514685.08231825,
            319443550.72839504,
            316070019.6182837,
            332776154.82342523,
            329805335.5264691,
            326365515.62694764,
            322535764.7469986,
            328703635.68794507,
            320937190.99388224,
            323283201.56736046,
            338722989.118866,
            333104518.5155811,
            338017409.20275617,
            318456538.8255195,
            346799638.8692629,
            335107796.01971006,
            329229391.4648552,
            339469422.81373423,
            334277097.077421,
            342470354.8441774,
            332384862.6075228,
            329622242.60860103,
            335583912.9214693,
            336670935.69447637,
            327281401.6785306,
            326180935.39533406,
            325945698.4092422,
            315929421.5890149,
            331563097.99772006,
            336842836.4176284,
            330840902.2949075,
            326347415.6006874,
            339289937.3744751,
            334828895.4509854,
            318628767.4502352,
            341286245.7688974,
            330401122.1051831,
            339860865.93863463,
            322341932.5143986,
            332545184.0490308,
            328205383.4908187,
            345486146.90189636,
            335766090.3144447,
            334602921.30642295,
            321316786.348135,
            325547346.62306017,
            335593192.7286694,
            329390509.146796,
            335129777.9122313,
            327828495.466362,
            340090004.04027444,
            336736111.59797853,
            340349580.115007,
            333864348.86979693,
            323480113.6444388,
            333074571.19171447,
            341392603.76266634,
            329923273.5356053,
            324160511.4054571,
            347010142.1352663,
            330593273.1062571,
            335556689.2955927,
            346346492.62411076,
            317539222.62792176,
            309153096.6259648,
            340598955.54465073,
            324018500.31709486,
            321843061.0568456
        ],
        "R0h0R1h0": [
            460287007.6976744,
            451284353.55941796,
            467148704.5706528,
            470668109.8757369,
            447274029.6845653,
            470491606.8705103,
            437380249.6172048,
            464552837.01480186,
            464631833.89541876,
            451328233.5277488,
            432707545.33741766,
            476886711.11226636,
            468530077.5429505,
            471376838.7073341,
            485072464.93543893,
            458650963.9049161,
            457966860.8051933,
            455445528.2022355,
            460299965.70740145,
            436267486.94118327,
            479038464.2695191,
            464176005.0251413,
            454695374.38589597,
            452811210.5558118,
            469233828.633201,
            454426781.0391538,
            461222582.19022304,
            451126434.3164835,
            454752126.82455325,
            476649671.19072586,
            465381680.50462323,
            441268812.4046711,
            476016482.45904297,
            472555461.79473805,
            460562973.3233831,
            456604884.4391254,
            446800667.85788804,
            451421249.7832249,
            460508220.4000926,
            462160890.8069561,
            485881608.9615251,
            453897616.677864,
            455794939.0554264,
            455436271.40856254,
            464971453.04306275,
            450126463.9498433,
            438161326.7127487,
            460795598.2006662,
            444019486.4068503,
            466717219.5517801,
            474098157.8270607,
            471163831.28358555,
            455385432.16833526,
            479373264.9634777,
            450661639.05386037,
            428203065.05133826,
            452258586.9747288,
            461863698.065791,
            452249244.79681,
            457945512.99873227,
            462548862.2150714,
            455901761.85279363,
            460314271.69919074,
            458532438.3738938,
            444099108.30575746,
            473558250.77215046,
            442947418.06933457,
            467806668.2377598,
            468677134.72960776,
            473222768.84490365,
            451102071.981189,
            450456972.8733518,
            459565496.7235669,
            447358390.7385305,
            457669192.6952249,
            469344155.5737191,
            456446695.49576616,
            462147538.5068208,
            473287002.04172415,
            448371933.75362486,
            441225491.4388322,
            455445510.32014847,
            449477877.9210861,
            473082808.7519869,
            445865819.30704385,
            459064391.439586,
            456512732.4030589,
            471148465.9272137,
            468476410.46023905,
            450529835.9914063,
            469666637.0012705,
            457630082.0556524,
            453268642.02474445,
            476654956.6690989,
            459155665.51826936,
            471503338.6435014,
            472723162.1443548,
            462278419.2621079,
            447017388.93107057,
            459000888.2670356
        ]
    },