{
    "Overall": {
        "samples": {
            "DominantAssumption": {
                "R0h1R1h1": 50,
                "R0h0R1h0": 50
            },
            "General": {
                "R0h1R1h1": 50,
                "R0h0R1h0": 50
            },
            "RelaxedDominantAssumption": {
                "R0h1R1h1": 50,
                "R0h0R1h0": 50
            },
            "Basic": {
                "R0h1R1h1": 17,
                "R0h0R1h0": 1
            },
            "Basic_timeAvg": {
                "R0h1R1h1": 50,
                "R0h0R1h0": 50
            }
        }
    },
    "PerTrafficStream": {},
    "ANOVA": {
        "samples": 46,
        "groundtruth": 39
    },
    "Kruskal": {
        "samples": 47,
        "groundtruth": 33
    },
    "EndToEndMean": {
        "R0h1R1h1": [
            490541559.70702034,
            501054486.2235822,
            499328048.6714316,
            488523084.9928455,
            480806725.1644033,
            493790965.12044376,
            496052122.991551,
            505517750.804294,
            493202337.7582554,
            495176702.8984488,
            489602348.308799,
            504403158.13594425,
            500900513.7365765,
            492388550.46260554,
            490219311.5343339,
            487143105.6457527,
            487215900.2695224,
            510386289.2137643,
            492324979.9666186,
            486827259.49269396,
            498229686.9741139,
            508539602.10145223,
            495169077.25676537,
            488650124.0587874,
            495934153.375334,
            496322395.2365306,
            511770241.21421343,
            501931162.60944206,
            504157836.5944363,
            493520229.70770466,
            492715203.7315659,
            498257647.0625126,
            498686163.0532703,
            504059668.04456365,
            500133616.5532047,
            499770507.9634694,
            497081141.52270865,
            494423851.8366013,
            507824080.969577,
            509000809.3211571,
            478421628.8879276,
            507227294.79051304,
            504673378.81097686,
            496196642.24545825,
            495912821.84085804,
            478665990.4581818,
            497840719.8058968,
            502192030.5984349,
            499654433.0472862,
            488322289.42035216
        ],
        "R0h0R1h0": [
            491428655.6148333,
            501856104.18679184,
            501398324.0523463,
            489957404.62114537,
            481707224.6411663,
            494365660.37252766,
            498200139.0849623,
            507679177.9495759,
            495523687.38947695,
            499324989.0687431,
            492000864.5767939,
            506529652.4811187,
            502679190.2589229,
            492820621.33544606,
            493654755.0648674,
            489880800.8960958,
            489405972.14500856,
            512469661.71006566,
            495815977.3655357,
            486993255.233238,
            500204537.6014808,
            510850949.0312108,
            499998385.9881369,
            489934412.61548126,
            498205186.7083135,
            498307878.081123,
            513591650.50449336,
            504265450.3840836,
            506961610.05993396,
            494249597.24131304,
            494862700.8177577,
            499847864.05017465,
            500471160.91012514,
            505827286.8603503,
            502547913.56959045,
            502656487.3798317,
            499511892.1450263,
            497309625.7608831,
            510494593.749375,
            511442032.16148776,
            479306672.1221961,
            510599027.9688368,
            508327941.50571793,
            496813549.25205696,
            499052544.9224368,
            481005097.2937959,
            500235347.3313196,
            504806198.9642689,
            500787941.07349914,
            491152236.09198767
        ]
    },
    "EndToEndStd": {
        "R0h1R1h1": [
            33859720.331405625,
            33887946.15235209,
            32225764.631940648,
            38317689.72508972,
            44290376.28285224,
            34299442.666774414,
            34806412.151725486,
            30192142.88404443,
            35723456.653906904,
            39929414.75850942,
            35624194.1187947,
            31694034.936188485,
            28694962.780040257,
            32450795.24270211,
            41750840.0582482,
            32142162.161349755,
            39481352.45034388,
            23563683.150508415,
            36460628.175040506,
            47096310.10498959,
            34389434.04895517,
            26260248.511433356,
            32530673.355042115,
            43978998.60168206,
            32252394.994918365,
            35138562.20779117,
            20696173.465805568,
            29271553.859476883,
            28460157.142571226,
            30118534.519083645,
            34241050.52944422,
            29568479.706573714,
            35483271.963130735,
            35170439.12098753,
            34484847.86698369,
            32994351.277454205,
            35685796.573032446,
            36853072.65986426,
            24085588.182338633,
            27438548.558110025,
            39079372.12739511,
            31846247.532432105,
            32362044.571442727,
            27620982.454747602,
            42952093.27412467,
            42949890.94604125,
            37945396.72172029,
            31484030.8473893,
            26682373.244008146,
            38205296.08426053
        ],
        "R0h0R1h0": [
            32366091.020163108,
            34104405.92312008,
            31488008.522064235,
            38286926.92276783,
            43113730.98916153,
            34600767.28428585,
            33532026.08849744,
            30621280.35664798,
            34439924.384687655,
            37764583.26242258,
            35883156.04374392,
            31766366.191277917,
            29912578.89809232,
            33546787.810785566,
            40414442.95195359,
            32321968.099712968,
            38109398.75197576,
            25448214.84311658,
            36383873.36800465,
            46666180.5882781,
            35516777.05386904,
            26688943.28413987,
            32257750.522038467,
            44266809.42609304,
            31546174.711859263,
            35785175.17301383,
            21516917.3167462,
            28933309.888082385,
            28460559.493445333,
            30131173.39868221,
            33659251.47453756,
            29890219.16711738,
            35939173.710375756,
            34248489.11123479,
            34349751.70076614,
            34079237.31199577,
            34601284.012743674,
            36304904.08644908,
            24375855.213908613,
            26842121.306540176,
            38688541.99780055,
            29376376.84436239,
            28804361.335594248,
            27633308.082993057,
            42547387.08141556,
            42321443.06883228,
            37983797.836393796,
            31249007.759886794,
            27044668.679328844,
            38435269.30066293
        ]
    },