{
    "MaxEpsilonIneqPackets": {
        "R0H0R2H0": {
            "A0": 1,
            "A1": 1
        },
        "R0H1R2H1": {
            "A0": 1,
            "A1": 0
        },
        "R0H2R2H2": {
            "A0": 0,
            "A1": 0
        },
        "R0H3R2H3": {
            "A0": 1,
            "A1": 0
        },
        "R0H4R2H4": {
            "A0": 0,
            "A1": 1
        },
        "R0H5R2H5": {
            "A0": 0,
            "A1": 0
        },
        "R1H0R3H0": {
            "A0": 1,
            "A1": 0
        },
        "R1H1R3H1": {
            "A0": 1,
            "A1": 1
        },
        "R1H2R3H2": {
            "A0": 1,
            "A1": 1
        },
        "R1H3R3H3": {
            "A0": 0,
            "A1": 1
        },
        "R1H4R3H4": {
            "A0": 0,
            "A1": 1
        },
        "R1H5R3H5": {
            "A0": 1,
            "A1": 0
        }
    },
    "DropRate": [
        0.09209898871904372
    ],
    "EndToEndSuccessProbPackets": {
        "R0H0R2H0": {
            "A0": [
                0.6077008047972227
            ],
            "A1": [
                0.608609974230711
            ]
        },
        "R0H1R2H1": {
            "A0": [
                0.6001763668430335
            ],
            "A1": [
                0.5760047582632339
            ]
        },
        "R0H2R2H2": {
            "A0": [
                0.6064093226511289
            ],
            "A1": [
                0.5983024565412551
            ]
        },
        "R0H3R2H3": {
            "A0": [
                0.5721821829259232
            ],
            "A1": [
                0.5417491921192537
            ]
        },
        "R0H4R2H4": {
            "A0": [
                0.5901639344262295
            ],
            "A1": [
                0.608685696840177
            ]
        },
        "R0H5R2H5": {
            "A0": [
                0.5761814744801512
            ],
            "A1": [
                0.5690696737817157
            ]
        },
        "R1H0R3H0": {
            "A0": [
                0.5967036400562412
            ],
            "A1": [
                0.5803694092504961
            ]
        },
        "R1H1R3H1": {
            "A0": [
                0.5556356892643726
            ],
            "A1": [
                0.581419859971392
            ]
        },
        "R1H2R3H2": {
            "A0": [
                0.5809014267185473
            ],
            "A1": [
                0.5929051530993279
            ]
        },
        "R1H3R3H3": {
            "A0": [
                0.5451997758027064
            ],
            "A1": [
                0.5968137254901961
            ]
        },
        "R1H4R3H4": {
            "A0": [
                0.5621641791044776
            ],
            "A1": [
                0.6108999757418938
            ]
        },
        "R1H5R3H5": {
            "A0": [
                0.5864390083730093
            ],
            "A1": [
                0.5588478121273277
            ]
        }
    },
    "maxEpsilon": {
        "R0H0R2H0": {
            "A0": [
                0.019595497722002354
            ],
            "A1": [
                0.019595497722002354
            ]
        },
        "R0H1R2H1": {
            "A0": [
                0.019662008390038857
            ],
            "A1": [
                0.019662008390038857
            ]
        },
        "R0H2R2H2": {
            "A0": [
                0.018406696507589942
            ],
            "A1": [
                0.018406696507589942
            ]
        },
        "R0H3R2H3": {
            "A0": [
                0.0211875611224852
            ],
            "A1": [
                0.0211875611224852
            ]
        },
        "R0H4R2H4": {
            "A0": [
                0.019722510608888386
            ],
            "A1": [
                0.019722510608888386
            ]
        },
        "R0H5R2H5": {
            "A0": [
                0.020137224626321303
            ],
            "A1": [
                0.020137224626321303
            ]
        },
        "R1H0R3H0": {
            "A0": [
                0.019370168427255852
            ],
            "A1": [
                0.019370168427255852
            ]
        },
        "R1H1R3H1": {
            "A0": [
                0.0212524055190264
            ],
            "A1": [
                0.0212524055190264
            ]
        },
        "R1H2R3H2": {
            "A0": [
                0.01966354497573417
            ],
            "A1": [
                0.01966354497573417
            ]
        },
        "R1H3R3H3": {
            "A0": [
                0.021252608036868834
            ],
            "A1": [
                0.021252608036868834
            ]
        },
        "R1H4R3H4": {
            "A0": [
                0.019096864707707585
            ],
            "A1": [
                0.019096864707707585
            ]
        },
        "R1H5R3H5": {
            "A0": [
                0.02141764253922516
            ],
            "A1": [
                0.02141764253922516
            ]
        }
    },
    "experiments": 1
}