{
    "MaxEpsilonIneqPackets": {
        "R0H0R2H0": {
            "A0": 0,
            "A1": 0
        },
        "R0H1R2H1": {
            "A0": 0,
            "A1": 0
        },
        "R0H2R2H2": {
            "A0": 0,
            "A1": 0
        },
        "R0H3R2H3": {
            "A0": 0,
            "A1": 0
        },
        "R0H4R2H4": {
            "A0": 0,
            "A1": 0
        },
        "R0H5R2H5": {
            "A0": 0,
            "A1": 0
        },
        "R1H0R3H0": {
            "A0": 0,
            "A1": 0
        },
        "R1H1R3H1": {
            "A0": 0,
            "A1": 0
        },
        "R1H2R3H2": {
            "A0": 0,
            "A1": 0
        },
        "R1H3R3H3": {
            "A0": 0,
            "A1": 0
        },
        "R1H4R3H4": {
            "A0": 0,
            "A1": 0
        },
        "R1H5R3H5": {
            "A0": 0,
            "A1": 0
        }
    },
    "DropRate": [
        0.16366023405667354
    ],
    "EndToEndSuccessProbPackets": {
        "R0H0R2H0": {
            "A0": [
                0.6137461398368833
            ],
            "A1": [
                0.6413724591166132
            ]
        },
        "R0H1R2H1": {
            "A0": [
                0.7260348583877996
            ],
            "A1": [
                0.718794237655092
            ]
        },
        "R0H2R2H2": {
            "A0": [
                0.665863277826468
            ],
            "A1": [
                0.6648617127624126
            ]
        },
        "R0H3R2H3": {
            "A0": [
                0.7323604523896388
            ],
            "A1": [
                0.7263826124381321
            ]
        },
        "R0H4R2H4": {
            "A0": [
                0.6323817292006526
            ],
            "A1": [
                0.6162265595101416
            ]
        },
        "R0H5R2H5": {
            "A0": [
                0.7346644907362965
            ],
            "A1": [
                0.7238087533371087
            ]
        },
        "R1H0R3H0": {
            "A0": [
                0.6841143764892772
            ],
            "A1": [
                0.6559286146400485
            ]
        },
        "R1H1R3H1": {
            "A0": [
                0.6843549862763038
            ],
            "A1": [
                0.7203021286335546
            ]
        },
        "R1H2R3H2": {
            "A0": [
                0.6090427698574339
            ],
            "A1": [
                0.6046494244281657
            ]
        },
        "R1H3R3H3": {
            "A0": [
                0.7162512776161648
            ],
            "A1": [
                0.7384646181563407
            ]
        },
        "R1H4R3H4": {
            "A0": [
                0.6361423790690599
            ],
            "A1": [
                0.6508447937131631
            ]
        },
        "R1H5R3H5": {
            "A0": [
                0.6810365705982078
            ],
            "A1": [
                0.675680768868369
            ]
        }
    },
    "maxEpsilon": {
        "R0H0R2H0": {
            "A0": [
                0.014450268356314288
            ],
            "A1": [
                0.014450268356314288
            ]
        },
        "R0H1R2H1": {
            "A0": [
                0.008024103007751525
            ],
            "A1": [
                0.00813706632247863
            ]
        },
        "R0H2R2H2": {
            "A0": [
                0.012387162598135418
            ],
            "A1": [
                0.012387162598135418
            ]
        },
        "R0H3R2H3": {
            "A0": [
                0.008024103007751525
            ],
            "A1": [
                0.00813706632247863
            ]
        },
        "R0H4R2H4": {
            "A0": [
                0.014200839187056459
            ],
            "A1": [
                0.014200839187056459
            ]
        },
        "R0H5R2H5": {
            "A0": [
                0.008024103007751525
            ],
            "A1": [
                0.00813706632247863
            ]
        },
        "R1H0R3H0": {
            "A0": [
                0.011241543998529186
            ],
            "A1": [
                0.011241543998529186
            ]
        },
        "R1H1R3H1": {
            "A0": [
                0.00796923996361075
            ],
            "A1": [
                0.00796923996361075
            ]
        },
        "R1H2R3H2": {
            "A0": [
                0.01497318216027563
            ],
            "A1": [
                0.01497318216027563
            ]
        },
        "R1H3R3H3": {
            "A0": [
                0.0077876442974131104
            ],
            "A1": [
                0.007944645736967305
            ]
        },
        "R1H4R3H4": {
            "A0": [
                0.013336645376732341
            ],
            "A1": [
                0.013336645376732341
            ]
        },
        "R1H5R3H5": {
            "A0": [
                0.010845474243183948
            ],
            "A1": [
                0.010845474243183948
            ]
        }
    },
    "experiments": 1
}