{
    "Overall": {
        "samples": {
            "DominantAssumption": {
                "R0h1R1h1": 50,
                "R0h0R1h0": 50
            },
            "General": {
                "R0h1R1h1": 50,
                "R0h0R1h0": 50
            },
            "RelaxedDominantAssumption": {
                "R0h1R1h1": 50,
                "R0h0R1h0": 50
            },
            "Basic": {
                "R0h1R1h1": 0,
                "R0h0R1h0": 0
            },
            "Basic_timeAvg": {
                "R0h1R1h1": 50,
                "R0h0R1h0": 50
            }
        }
    },
    "PerTrafficStream": {},
    "ANOVA": {
        "samples": 47,
        "groundtruth": 39
    },
    "Kruskal": {
        "samples": 47,
        "groundtruth": 13
    },
    "EndToEndMean": {
        "R0h1R1h1": [
            435497036.673306,
            422682922.1300623,
            408914951.6309707,
            417222525.03858024,
            421865100.5978889,
            411933868.2504288,
            430433908.4178376,
            423200310.73173994,
            419340534.2569002,
            428464310.5362347,
            400535504.52622306,
            425029131.29945904,
            418679439.4815523,
            423688927.7570689,
            402198269.73714507,
            423346690.6520468,
            431073464.2949695,
            409299790.06320584,
            436875488.9135514,
            433751653.1926749,
            410189569.0138672,
            404574096.18121845,
            415884578.5038183,
            420082863.62876844,
            419887826.124466,
            425570205.85053515,
            409614305.1558812,
            412291623.30881494,
            425440292.21368545,
            417527386.23381925,
            423536348.5957692,
            415784655.4551132,
            428479621.1729793,
            424916064.5644914,
            431666690.88071215,
            417712184.34998065,
            421082155.1570732,
            423343151.92749476,
            432455075.77769244,
            426524074.440211,
            416999093.57197773,
            406988166.56568205,
            416123966.37740993,
            420748262.6050584,
            423008491.2402737,
            414858085.4899764,
            428606194.4110261,
            430823771.00230193,
            435838261.8065149,
            423316801.0005751
        ],
        "R0h0R1h0": [
            436096530.44699484,
            423311075.61770415,
            408740608.22410464,
            417204083.4604176,
            422781144.79273915,
            410316425.88893926,
            429674338.5821343,
            421325635.98692715,
            419685333.4739052,
            428685375.5679364,
            402043982.11409795,
            425565988.71542877,
            416773218.9672673,
            426794903.2138128,
            402959149.99835354,
            422548565.2578365,
            430242019.765867,
            410643389.6110526,
            437802014.92729706,
            434655444.4549706,
            409544539.7027757,
            406196506.53478,
            415511583.06356823,
            421620937.95683664,
            419316277.9942797,
            423106991.4481873,
            405829911.1815431,
            412512847.7331302,
            428907792.8919635,
            419085921.8705724,
            423654202.8407093,
            414989433.3343764,
            429487893.54616517,
            425849611.1468647,
            431736992.3406888,
            419501992.5301437,
            421228901.9042169,
            423555838.5180958,
            431944084.67826086,
            426794071.3295964,
            414770355.2406208,
            405059931.76321805,
            416858790.23633075,
            421118682.602865,
            423087192.2436495,
            415555239.0714722,
            429687602.6994696,
            429274245.3787764,
            436835484.8811896,
            422598653.8014948
        ]
    },
    "EndToEndStd": {
        "R0h1R1h1": [
            57295843.397865206,
            64808887.04814779,
            70686911.33262692,
            64496804.49563641,
            69415405.63207029,
            65573666.72743403,
            62440219.48849668,
            63160386.986416824,
            69074579.83686882,
            61339101.650927775,
            66807736.476483025,
            63683128.14245515,
            68869356.71216941,
            70001597.34313951,
            74515752.00829336,
            64213713.60815599,
            63162516.03752604,
            72865923.73587659,
            67034459.907779485,
            70694586.91579922,
            66250946.85221781,
            68309262.18531771,
            64429142.66369556,
            67039432.10767595,
            62668454.62399679,
            62361557.569674626,
            73461138.3937207,
            69451771.74889086,
            62301773.70538774,
            68077386.11883248,
            59805629.652031146,
            68024117.38041958,
            63255689.73981044,
            65461639.770220906,
            64403199.49525755,
            69925994.02692057,
            63016191.29839604,
            69622752.52573293,
            60473259.832240395,
            68492241.37759644,
            64048393.33325774,
            68439701.86269554,
            65668336.95174092,
            62906706.23756599,
            64923240.53544945,
            66809417.62595393,
            66249563.56738934,
            62394146.5967851,
            65403732.86037101,
            64917183.70316166
        ],
        "R0h0R1h0": [
            56865821.632116534,
            63479030.76727327,
            69225739.97033142,
            63385230.47569565,
            68131979.03102353,
            64429282.91699871,
            61294646.91479405,
            61493474.705533825,
            67883793.86625601,
            60322161.57840862,
            66061912.59298536,
            62394301.04202949,
            67354129.5375041,
            68297645.04655492,
            72727436.5357437,
            63787369.6357894,
            62189319.48310939,
            71337338.10488112,
            66320758.69691002,
            69701387.88470554,
            65022038.60367316,
            66347270.74452007,
            63171902.44858679,
            65710343.31875156,
            61497079.21875433,
            61535057.63435618,
            72567052.80612867,
            68006346.42861256,
            60796227.73965169,
            67479333.36230995,
            58915619.06896788,
            66474406.6005673,
            62176745.928859144,
            64377245.09806341,
            62788995.53366654,
            69531838.249759,
            62044358.28817803,
            68685376.22191437,
            60125918.6683536,
            66334977.69449712,
            63235498.17720019,
            68103774.14905897,
            64666610.66569841,
            62168448.406005844,
            63881567.274115235,
            65693552.6137609,
            65125843.69118255,
            61906564.486409254,
            64682027.71528308,
            63330007.366116956
        ]
    },