{
    "Overall": {
        "samples": {
            "DominantAssumption": {
                "R0h1R1h1": 50,
                "R0h0R1h0": 50
            },
            "General": {
                "R0h1R1h1": 50,
                "R0h0R1h0": 50
            },
            "RelaxedDominantAssumption": {
                "R0h1R1h1": 50,
                "R0h0R1h0": 50
            },
            "Basic": {
                "R0h1R1h1": 0,
                "R0h0R1h0": 0
            },
            "Basic_timeAvg": {
                "R0h1R1h1": 50,
                "R0h0R1h0": 50
            }
        }
    },
    "PerTrafficStream": {},
    "ANOVA": {
        "samples": 46,
        "groundtruth": 38
    },
    "Kruskal": {
        "samples": 47,
        "groundtruth": 17
    },
    "EndToEndMean": {
        "R0h1R1h1": [
            434894464.6029583,
            417811775.1675967,
            435747250.40911746,
            414335162.0687259,
            428440687.41249037,
            426290453.2270438,
            420620405.73166025,
            426473792.3221609,
            433416443.7390041,
            405771779.1268686,
            414920681.5300536,
            423725608.9043856,
            434083718.7841768,
            415960592.4040871,
            435486253.37461776,
            427157361.6589102,
            431319525.0739801,
            422137568.0043851,
            427050693.86557376,
            428758329.42337614,
            423976799.89259404,
            415733238.6046691,
            432929416.2223941,
            419518536.0430585,
            430201932.56494886,
            422490233.30731803,
            419390320.2609784,
            422022394.0698297,
            423846859.39396834,
            430112712.02319735,
            417353025.4845703,
            407141586.45319355,
            416353877.20113367,
            431914842.3681319,
            424024809.56830174,
            416541093.4652724,
            422921130.97478026,
            428374226.81905323,
            423035243.36490893,
            424793345.9402227,
            420150434.1622402,
            416333252.67473847,
            444972419.8298158,
            417280508.2465045,
            406883890.6910318,
            421193537.6179018,
            406083111.92368627,
            411762263.80482584,
            411467314.81573933,
            429349605.76120555
        ],
        "R0h0R1h0": [
            433565123.6714307,
            417141200.47435313,
            435768241.0091427,
            412507874.4969112,
            429638953.365283,
            428864382.41434085,
            419182478.2351885,
            427490213.27376825,
            432895992.54945385,
            407208716.1804309,
            413985275.4140108,
            426206929.4858172,
            434511268.4570566,
            417716739.83619016,
            434353395.5322726,
            429069155.03825134,
            434086725.26077366,
            421439281.69180036,
            427984320.6058894,
            429873013.54362416,
            424861006.26491576,
            416386527.32408804,
            431682818.1299879,
            418219503.33849657,
            429067470.833968,
            425220956.09601074,
            420639146.55305517,
            420777998.7374713,
            425238297.62273353,
            429941875.3548098,
            418274123.76784915,
            407580931.13939214,
            415545283.3076923,
            434087238.30918306,
            423935444.8170309,
            414681501.13587284,
            422447066.7217312,
            430561176.4165173,
            421396501.4948832,
            424299456.6944527,
            420983079.45227784,
            416336014.5048077,
            443820459.4309017,
            417004208.1438644,
            406832339.06182593,
            422117837.9549777,
            407806102.0722659,
            413013125.7469755,
            413529082.99676377,
            429271957.8753545
        ]
    },
    "EndToEndStd": {
        "R0h1R1h1": [
            58990202.488455504,
            70824190.8886908,
            61566258.86700637,
            71231852.19050266,
            73292161.08001241,
            52397656.15325109,
            68909997.61140564,
            66986173.04527669,
            57377247.54106649,
            70426137.78457738,
            63687828.492103785,
            61578000.02683777,
            60094263.04573514,
            66901368.35377192,
            62549372.58366048,
            63931913.0458762,
            65009432.53363691,
            69514536.80917104,
            65409430.669940494,
            58549306.6575933,
            70029991.49920492,
            61970557.27636879,
            65192151.322240755,
            65212673.19953663,
            65369208.43766613,
            58348361.81103696,
            68341065.43395807,
            66934166.795548044,
            63611118.89065038,
            66543116.659642875,
            66927687.794779755,
            68200716.12902902,
            69540196.48674613,
            65050474.08538607,
            64832640.32241217,
            64581788.63394908,
            64692570.9749498,
            67864421.30268475,
            62532479.01940691,
            64070585.70350492,
            61614518.001538165,
            66322401.0708555,
            64529085.63037608,
            65876345.21194864,
            70161504.04396378,
            64849397.113765836,
            70643159.72923334,
            65957576.41345079,
            67335207.62221792,
            63674645.309089266
        ],
        "R0h0R1h0": [
            58664716.64073967,
            70646093.38434277,
            60967771.05980114,
            70275310.00962234,
            72113468.00533223,
            50534967.90286734,
            68590505.48077868,
            64997597.11558303,
            55925950.173152775,
            68803591.12536018,
            62498667.049724184,
            60841801.2885047,
            58869296.2749729,
            66057095.48478597,
            62020579.622656554,
            63163788.3771221,
            63792823.874248624,
            67889652.12123013,
            63769662.421719484,
            58057040.25757476,
            69161879.04964325,
            60816152.85666549,
            64613796.17613994,
            63762324.61779835,
            64399555.43184284,
            57748644.02874518,
            67590407.26757856,
            65900980.74009025,
            62042244.22226469,
            65215045.07508642,
            64631819.42956976,
            67098661.15787842,
            68693663.69249007,
            64402185.19567147,
            64296815.68263628,
            63656931.69854641,
            63623909.753030084,
            67295151.9036428,
            60468529.71025688,
            62862226.45114153,
            60706785.52548055,
            65016416.46871356,
            64036015.7650448,
            64264375.48494238,
            68446319.53938961,
            63551626.9422154,
            69455068.98824315,
            64394986.34077908,
            66337710.51389652,
            62154086.79122235
        ]
    },