{
    "Overall": {
        "samples": {
            "DominantAssumption": {
                "R0h1R1h1": 50,
                "R0h0R1h0": 50
            },
            "General": {
                "R0h1R1h1": 50,
                "R0h0R1h0": 50
            },
            "RelaxedDominantAssumption": {
                "R0h1R1h1": 50,
                "R0h0R1h0": 50
            },
            "Basic": {
                "R0h1R1h1": 0,
                "R0h0R1h0": 0
            },
            "Basic_timeAvg": {
                "R0h1R1h1": 50,
                "R0h0R1h0": 50
            }
        }
    },
    "PerTrafficStream": {},
    "ANOVA": {
        "samples": 47,
        "groundtruth": 40
    },
    "Kruskal": {
        "samples": 48,
        "groundtruth": 14
    },
    "EndToEndMean": {
        "R0h1R1h1": [
            423590735.9325496,
            424458590.78766197,
            420354812.8601167,
            430169542.7153667,
            424021231.21490896,
            432377182.11686534,
            429999164.8542393,
            422491539.9353312,
            436215522.6149681,
            417467284.3114187,
            424461564.6293898,
            423963564.5651924,
            432993626.0472934,
            417490198.61159086,
            423237882.8826078,
            432595519.8216386,
            409599545.1597791,
            416682632.09099746,
            414848316.7306287,
            416967319.9237548,
            427856238.8275796,
            428237757.8889317,
            416778356.30913305,
            419674534.35392934,
            430943113.33146065,
            423422054.37085193,
            422304063.6681738,
            423642604.4084119,
            422448552.5310047,
            428743665.0274947,
            429131059.33458644,
            426763268.41203976,
            411867059.1481914,
            422964110.87061995,
            412747914.153432,
            418945356.23639524,
            410999930.205894,
            424128274.0786603,
            428724866.2378002,
            420552493.3735621,
            416876021.89838934,
            428266993.1000584,
            420135675.8763672,
            418047564.6627172,
            399494648.7067186,
            423439975.3045236,
            403957106.7886598,
            430483402.66261995,
            404067362.1016368,
            435335417.25543684
        ],
        "R0h0R1h0": [
            423155022.57145005,
            423603757.88094527,
            421361130.76952237,
            429522109.6089377,
            426014054.5896751,
            432409290.6010116,
            429882532.013678,
            423594663.2266289,
            435346596.13382953,
            416612985.47582465,
            426809896.0283593,
            424805236.104462,
            433245972.7022581,
            417602201.78576744,
            425645633.0569463,
            433624683.8627364,
            407512074.9523235,
            416739252.33378416,
            415887928.9243219,
            416408645.2604616,
            427701511.2248226,
            427608526.5027389,
            418634402.71331364,
            420702418.7528324,
            431314398.47913843,
            422086637.6751803,
            422577660.50037545,
            423927985.17953295,
            424677462.6305233,
            429968888.56697494,
            429918495.3506048,
            428825236.17755467,
            411858385.0625745,
            424181128.3801554,
            411249097.8462583,
            417964890.8496881,
            411529500.49040323,
            421778965.9799514,
            429236838.82714176,
            420974033.7364946,
            420318952.81747806,
            425767153.0566581,
            421399292.0653388,
            417990724.9621654,
            401926520.75646424,
            421604077.999847,
            401825839.1282169,
            430853879.4170309,
            403329476.55117047,
            436689065.3652713
        ]
    },
    "EndToEndStd": {
        "R0h1R1h1": [
            63762270.474276856,
            70790533.69669294,
            68316389.6650255,
            61554286.251581736,
            62169521.84971035,
            62555330.02607596,
            60347065.06699857,
            69073612.72516598,
            64808712.27549851,
            66082261.7053272,
            65919909.86725778,
            62106422.8705725,
            64803262.56231352,
            64623454.03078198,
            63588115.91642371,
            62837516.88251767,
            65931756.32783695,
            68418158.41781276,
            68698518.2629346,
            65675742.40748434,
            64221591.63257455,
            63807017.25623405,
            67025194.52205131,
            64059768.60665832,
            62828524.9058097,
            67185236.25364867,
            67747101.23028907,
            71015980.36829013,
            64791918.66980577,
            62209322.76782573,
            60570114.00204803,
            64340968.48002336,
            70984674.13903841,
            61419714.75529977,
            69667942.1653495,
            67349998.24918269,
            70668943.257793,
            71592265.39593707,
            69262290.41162583,
            69714173.98282339,
            67758378.12029627,
            66106237.20876092,
            66108058.429268144,
            64739595.23617747,
            68462697.10269926,
            64076313.63538062,
            73712576.54970755,
            66986792.30503423,
            71333575.26825792,
            65377370.92774984
        ],
        "R0h0R1h0": [
            62052556.46017931,
            69583045.47239894,
            67028177.85233687,
            61523213.80100285,
            61723746.458480395,
            61931287.08773777,
            59272676.14520291,
            67375804.82710046,
            63353242.12816178,
            65309851.849131346,
            65717805.295659736,
            60663037.7167921,
            64590395.852441765,
            64012804.17258531,
            62162371.28643343,
            61875788.09336662,
            65064616.69722712,
            66700024.395879604,
            67732533.39882895,
            65008129.23315703,
            63712362.95314236,
            62792712.299679436,
            65919195.38172647,
            63296432.79931299,
            60906535.51406007,
            66362479.37426299,
            67181722.32925634,
            69581207.2709304,
            63091818.49828172,
            61191762.0004567,
            60062137.08596299,
            63773123.72828035,
            69424485.77334405,
            59287079.70960261,
            67879858.0962784,
            66763985.138299406,
            69175091.9371003,
            70257500.30060461,
            69163820.64989828,
            68141460.44300792,
            66641313.40807692,
            64071893.70551106,
            64336016.55140975,
            63435184.759770006,
            66793351.39089955,
            63365411.91421258,
            72643694.94158794,
            66725946.964917675,
            70038056.66496009,
            64856455.42075331
        ]
    },