{
    "Overall": {
        "samples": {
            "DominantAssumption": {
                "R0h1R1h1": 50,
                "R0h0R1h0": 50
            },
            "General": {
                "R0h1R1h1": 50,
                "R0h0R1h0": 50
            },
            "RelaxedDominantAssumption": {
                "R0h1R1h1": 50,
                "R0h0R1h0": 50
            },
            "Basic": {
                "R0h1R1h1": 0,
                "R0h0R1h0": 0
            },
            "Basic_timeAvg": {
                "R0h1R1h1": 50,
                "R0h0R1h0": 50
            }
        }
    },
    "PerTrafficStream": {},
    "ANOVA": {
        "samples": 47,
        "groundtruth": 44
    },
    "Kruskal": {
        "samples": 46,
        "groundtruth": 14
    },
    "EndToEndMean": {
        "R0h1R1h1": [
            429448357.8706429,
            433927697.8935025,
            427145771.9339696,
            419566869.963712,
            416429467.55747354,
            419692080.13904274,
            412029536.19414544,
            415975989.91510516,
            421493434.14930016,
            421879398.65527344,
            413704990.06117976,
            432324043.36536574,
            410767896.29543245,
            410474434.91156995,
            410988067.30580443,
            413949650.07248324,
            429569232.6884827,
            419372758.4937101,
            436595019.86909664,
            412139387.2814012,
            410347494.37900877,
            431468737.6579407,
            427174999.083317,
            419000007.84136736,
            430369154.5780849,
            422143927.61021507,
            440822831.6695585,
            411714357.57769614,
            429877944.3738614,
            410914966.2373767,
            437439869.97492164,
            426571756.05619067,
            413820341.23694545,
            425440433.65202904,
            421850338.57876176,
            427974632.350088,
            414701099.6721566,
            432518879.53757566,
            411825259.3671799,
            412898948.91726273,
            422185693.3270403,
            430537169.98391783,
            422890480.50413543,
            420636252.49620694,
            414652957.98549324,
            423555721.2633903,
            418185449.90563434,
            415763886.07476085,
            419310490.1177267,
            416801403.98460937
        ],
        "R0h0R1h0": [
            429750066.1282051,
            434217372.5262139,
            428384273.4773847,
            418613842.40699255,
            416894966.5950911,
            420894745.3993087,
            409763172.6014799,
            415353170.50999093,
            421932395.661283,
            422997822.6359564,
            415321107.7275579,
            431029869.5498721,
            411168274.3767675,
            410519832.1876607,
            409521039.5674099,
            413940784.81940097,
            432456528.4832315,
            420606037.19296944,
            436679140.6247361,
            413232610.74552506,
            411937971.29621416,
            431716084.8787695,
            427532591.5046324,
            417983275.34818184,
            431758136.9702302,
            420917461.3004298,
            441804089.2699597,
            411742470.4644628,
            432492968.57797474,
            410982669.4309898,
            439255521.27265906,
            427676526.3998792,
            415076863.76994604,
            426893938.5888872,
            423424415.64817584,
            428580197.01817364,
            412612308.5435691,
            432998556.5306675,
            411722332.2481818,
            411976883.7649826,
            422231204.41594636,
            431454450.86319906,
            423420186.1106978,
            420145692.1306428,
            413735475.73006785,
            422966874.65582776,
            418907277.63203335,
            417047968.0940171,
            419036940.76090854,
            416886697.33591616
        ]
    },
    "EndToEndStd": {
        "R0h1R1h1": [
            64259233.37392863,
            62813202.1373445,
            62733568.05557264,
            60094118.15607499,
            66752587.8639928,
            61333240.639039375,
            65401932.58147492,
            67360790.25796464,
            68966657.14336234,
            61513875.379662454,
            62584448.424887896,
            67993958.40769441,
            68637709.72230487,
            65214251.5512154,
            67744468.41139136,
            63756183.29764596,
            62370938.00876165,
            59726737.98005787,
            64457949.70460589,
            69056398.77767046,
            73599392.92560394,
            62420263.01175387,
            67856618.70189522,
            61451183.72926545,
            64069894.510427155,
            65527455.79206409,
            62227157.59037042,
            63716399.06308394,
            61643634.56262455,
            66789426.22260457,
            55551862.46220447,
            61136290.706373535,
            66246444.12501028,
            63310722.20792266,
            60178676.39471357,
            63090428.59183595,
            65951114.70277371,
            58181683.30797906,
            71639301.24742617,
            69713451.40682568,
            69641422.08195546,
            57125149.77358964,
            68271068.90837544,
            65602682.17772539,
            67900002.37340978,
            68419348.30243331,
            69975056.27690753,
            67504089.59675215,
            60515468.61212836,
            68566058.40877618
        ],
        "R0h0R1h0": [
            63836772.33971405,
            62247306.768380135,
            61308944.53074004,
            59376037.15061616,
            65385536.846030496,
            60744097.64675231,
            64535715.09652506,
            67354621.82308553,
            68188825.32475658,
            60133067.44241822,
            61119103.31944853,
            67716775.47646874,
            67549877.43661503,
            64110758.70161131,
            65654309.07117735,
            64026393.61325059,
            61337439.15787634,
            58417386.992563844,
            62985955.12980365,
            68267804.56047109,
            72574209.00769217,
            61101794.683079615,
            66885082.637018904,
            60472566.928758256,
            62399659.673449256,
            65066155.272062436,
            61489101.10147967,
            63604956.38781261,
            60093891.62713418,
            66158900.0509548,
            54816404.46863646,
            60640796.889204025,
            65040543.34570871,
            62394501.18218398,
            58623119.281536415,
            62878326.09395451,
            64017827.58911841,
            57215083.16520174,
            70125655.56376232,
            69019712.78364782,
            67918639.0958757,
            56013831.31218849,
            66427550.46642372,
            63860131.25981649,
            66636679.66455373,
            68290396.94281363,
            69021057.72172032,
            66160224.32527258,
            59877983.713058904,
            67075183.46004584
        ]
    },