{
    "Overall": {
        "samples": {
            "DominantAssumption": {
                "R0h1R1h1": 50,
                "R0h0R1h0": 50
            },
            "General": {
                "R0h1R1h1": 50,
                "R0h0R1h0": 50
            },
            "RelaxedDominantAssumption": {
                "R0h1R1h1": 50,
                "R0h0R1h0": 50
            },
            "Basic": {
                "R0h1R1h1": 0,
                "R0h0R1h0": 1
            },
            "Basic_timeAvg": {
                "R0h1R1h1": 50,
                "R0h0R1h0": 50
            }
        }
    },
    "PerTrafficStream": {},
    "ANOVA": {
        "samples": 49,
        "groundtruth": 45
    },
    "Kruskal": {
        "samples": 47,
        "groundtruth": 11
    },
    "EndToEndMean": {
        "R0h1R1h1": [
            417427822.07506704,
            411137022.32733256,
            413610628.8448678,
            435155163.17255276,
            436236807.70321065,
            415958354.7773483,
            428149292.574017,
            420302431.92104757,
            431976365.0709165,
            414436155.08612347,
            411279136.35908306,
            420518375.48022044,
            415798579.9839184,
            429579933.65744764,
            428680741.8838959,
            401447972.68250096,
            426228953.2995517,
            415593845.3754647,
            411757772.4573764,
            420440618.7895242,
            425645115.61490685,
            415528378.18447167,
            437090970.1000972,
            417910225.8241546,
            421434128.47622776,
            417816217.64509916,
            422905462.74173075,
            417606098.64105546,
            413551327.958912,
            428956902.99864763,
            419978681.3069669,
            427772333.500389,
            438245819.84863716,
            417256865.62832034,
            429556479.76718444,
            422300232.904578,
            435755103.9109184,
            415773313.7917072,
            432526142.12781227,
            412398914.9069904,
            422746948.9858292,
            422582719.0136479,
            432492135.7258972,
            417375594.46444064,
            422977754.0905675,
            433263385.1911426,
            432720349.8152916,
            424283196.87155426,
            422077167.8814433,
            422109613.75479746
        ],
        "R0h0R1h0": [
            417609482.2838604,
            411612779.1039389,
            413392652.7428318,
            434607485.9125544,
            438686558.75656253,
            415790726.9594372,
            428749404.8149042,
            419828652.4679136,
            433640657.5157498,
            415802888.5858303,
            412784655.15014166,
            421090243.80778444,
            414651178.784245,
            430917814.8830876,
            428226647.36904037,
            399191258.5146727,
            428698381.6179742,
            416904294.8418259,
            412538586.51944774,
            420018583.0710807,
            425799595.48568416,
            416162356.7527186,
            439332822.91536283,
            418531039.73165995,
            422070462.9093934,
            418421156.4104758,
            423724151.93793523,
            418467263.1849955,
            413631544.49238807,
            429250501.8268418,
            420434874.1886259,
            427836146.7679699,
            439305836.3848674,
            418838171.76028913,
            429737091.8738631,
            419575065.1470543,
            436250645.03052986,
            415866808.04777694,
            434663750.80008876,
            410719225.6475535,
            423071702.1653929,
            424585753.4098187,
            431584651.4214011,
            416888627.32574034,
            422050621.3169415,
            433841029.95899236,
            431828284.80649567,
            425265460.23182976,
            423738637.5433439,
            423091849.44541615
        ]
    },
    "EndToEndStd": {
        "R0h1R1h1": [
            68383065.34227309,
            68907264.11160553,
            68771226.04850991,
            56851238.87689982,
            57875753.187523775,
            67709055.11398229,
            61584991.20812941,
            63843431.01926416,
            67950269.92152959,
            64667365.87047935,
            64221650.00977035,
            68977655.04516022,
            68109139.89415023,
            52972638.20731847,
            61517592.32139761,
            71512437.73546423,
            62290727.45905166,
            63968494.000048846,
            70814564.93769047,
            63283047.547161534,
            61883249.63946114,
            67700704.05413161,
            63732471.14221844,
            67693132.2275119,
            67968642.24226545,
            66239254.370561235,
            60966550.98228387,
            63666200.38410593,
            73901362.28763647,
            60433291.70485274,
            62006441.410715915,
            62417377.10379364,
            63274079.14075978,
            72005782.84012553,
            59726169.27880766,
            63157810.05754314,
            59518322.87605944,
            59301194.011860326,
            62751342.488419026,
            73696133.14499363,
            67098220.17861211,
            64735511.67603264,
            64787381.701637894,
            63920267.38098181,
            60768052.86164447,
            66304274.979675084,
            64829762.858308695,
            62350141.83386762,
            66858517.06821193,
            67344111.17257816
        ],
        "R0h0R1h0": [
            66892327.590667725,
            67839862.2190374,
            67390119.3902113,
            56834569.096718006,
            56613656.760413155,
            66196296.992956504,
            60233309.84809407,
            62653565.20884517,
            67038811.640111126,
            63771932.644572295,
            63428639.01841048,
            68231631.53947482,
            67764020.61505535,
            52850802.83374583,
            61070774.023448445,
            69885864.66076247,
            61111679.307200685,
            62890169.36007437,
            69052623.40044615,
            62479702.94375037,
            61159927.72497169,
            66298556.559282035,
            62598659.67571114,
            67557311.58487864,
            66339680.93010464,
            64487606.20719268,
            59608612.67073954,
            62725854.11511046,
            72243570.5112661,
            58699578.366160415,
            60955756.6059775,
            60562997.752838194,
            62231071.04042957,
            70601097.82891291,
            58492215.010358386,
            62095328.54907817,
            58272319.16022821,
            58311136.900293276,
            61999837.90751052,
            72083889.61775649,
            66021307.14619057,
            63305471.6626267,
            64639572.86375473,
            63432547.687646404,
            60022906.63969699,
            64773902.53420667,
            63294145.47049796,
            60792668.20148764,
            65197026.961308666,
            66644556.94804927
        ]
    },