{
    "Overall": {
        "samples": {
            "DominantAssumption": {
                "R0h1R1h1": 79,
                "R0h0R1h0": 57
            },
            "General": {
                "R0h1R1h1": 100,
                "R0h0R1h0": 100
            }
        }
    },
    "PerTrafficStream": {
        "samples": {
            "DominantAssumption": {
                "R0h1R1h1": 100,
                "R0h0R1h0": 100
            },
            "General": {
                "R0h1R1h1": 100,
                "R0h0R1h0": 100
            }
        }
    },
    "ANOVA": 100,
    "Kruskal": 100,
    "EndToEndMean": {
        "R0h1R1h1": [
            365396128.7262699,
            366051815.47674865,
            361948012.03409237,
            355162784.343746,
            361786732.05962026,
            370658048.31395495,
            360582207.55918884,
            364700378.49310523,
            360500658.3025563,
            355865108.9553515,
            349654399.1750413,
            371293264.0006339,
            368894364.41617906,
            339717725.0860583,
            351879141.5060821,
            356086337.5083721,
            358691544.097954,
            362159236.59343886,
            365172732.25901014,
            367340021.0647959,
            343698943.38579,
            348970376.2688063,
            354196416.4974587,
            352824280.99721026,
            366564434.56629413,
            345965477.0572904,
            355522230.52222925,
            366809597.0409731,
            376344888.9584126,
            343384820.6425293,
            371789186.9955522,
            358652020.9994889,
            353625289.38337153,
            371661857.2515595,
            361810300.5487586,
            368675756.9582279,
            360391287.5247676,
            363969994.6643888,
            360037390.77232254,
            367613383.2531014,
            363778426.49486107,
            341567297.8473031,
            348224918.7079341,
            366491537.67327994,
            337006193.51171625,
            371300239.31460243,
            373175539.50394505,
            362256716.7551589,
            355718291.6945216,
            366335320.6510509,
            375884535.5243546,
            364049882.3020767,
            347945604.5018417,
            346256629.1936431,
            347242280.2620436,
            330444926.8367889,
            369010903.80224836,
            364344641.6261802,
            377135875.4324187,
            357806472.6074707,
            374133805.153368,
            365708599.2816652,
            369463819.4069176,
            371066612.8522771,
            366655148.260737,
            356708566.2885471,
            360505363.1923517,
            357627773.2780194,
            354798238.109513,
            370077128.89973277,
            342027249.10492176,
            358661713.7453337,
            344455368.96758676,
            360127037.69017667,
            359966075.049253,
            357671837.48552114,
            364749440.90235263,
            355543647.02678686,
            372408171.89231753,
            361251651.4338254,
            361786668.25396425,
            352667696.0324221,
            354663825.2378468,
            351535108.2328994,
            358975102.8763318,
            364205806.5709743,
            368805727.74195594,
            380288675.6238156,
            368854479.1176769,
            352183851.60943663,
            364865341.21045214,
            354959054.9902445,
            372265614.53233576,
            358723339.9774054,
            360141923.48183435,
            339488459.2876989,
            362874990.003942,
            355736540.95348245,
            353247601.8565096,
            358596622.7561101
        ],
        "R0h0R1h0": [
            454589192.70676607,
            472185331.44176847,
            497405598.4658213,
            467616633.4571857,
            476294242.96511227,
            487240987.0576768,
            480077930.3541063,
            452286847.63868654,
            504375134.13238853,
            480713474.60477453,
            470628939.4409938,
            486157106.1745755,
            495420422.42888427,
            481390652.8337966,
            501109846.95516527,
            501898441.006922,
            464437517.31088084,
            488230968.7520556,
            496207271.61994267,
            475210557.19881755,
            491270162.0379454,
            482818180.6053874,
            465286022.32918966,
            464748505.5503974,
            515427864.8972761,
            475576158.52704114,
            487624237.24351853,
            495866099.7045376,
            496121678.24271506,
            488441129.1754144,
            493393474.5449438,
            476378907.72667664,
            469480575.0473421,
            459463668.1096567,
            472598450.74305475,
            495464681.8771402,
            488363773.9585826,
            480419172.64115,
            469582234.78295654,
            468923252.1266958,
            493342037.18129265,
            479841768.0708387,
            482056777.0310185,
            483624056.4361371,
            478977676.14712375,
            482449004.36821973,
            472172044.5733733,
            454511179.5330243,
            499433387.9045022,
            465475642.4898594,
            477592399.1269253,
            465321394.221552,
            463501703.22683746,
            488157577.79328376,
            469399361.5609504,
            495532223.60517764,
            468631352.5688254,
            473334952.4565091,
            494792895.3216266,
            488394381.3950419,
            459780660.43139505,
            478341341.8685037,
            458256492.6255639,
            469956241.12891346,
            454082907.47983825,
            447040973.6761265,
            484885769.3872128,
            466608223.2717116,
            455547415.57241535,
            470935566.2242969,
            465360552.320213,
            486748717.7065167,
            490040768.9382447,
            473004372.9633526,
            469366598.62459546,
            472119053.2929642,
            456883427.81267977,
            481180156.95320624,
            480107849.3864846,
            459952269.4960176,
            485782993.5724504,
            482616044.58043176,
            484505831.19576174,
            487650296.6789655,
            461610141.83056325,
            468374657.26751155,
            498226053.2789225,
            471517749.121709,
            482882215.15835065,
            485606068.03693414,
            496254601.103038,
            498625072.225583,
            487416996.671976,
            490818735.24700737,
            479787000.571412,
            492592042.35088533,
            470239625.50764775,
            478581107.66624177,
            488374881.90555555,
            499901543.6866759
        ]
    },