{
    "Overall": {
        "samples": {
            "DominantAssumption": {
                "R0h1R1h1": 0,
                "R0h0R1h0": 0
            },
            "General": {
                "R0h1R1h1": 10,
                "R0h0R1h0": 10
            },
            "RelaxedDominantAssumption": {
                "R0h1R1h1": 0,
                "R0h0R1h0": 0
            }
        }
    },
    "PerTrafficStream": {},
    "ANOVA": {
        "samples": 9,
        "groundtruth": 8
    },
    "Kruskal": {
        "samples": 8,
        "groundtruth": 2
    },
    "EndToEndMean": {
        "R0h1R1h1": [
            419375575.84572095,
            429649218.8577778,
            403838384.3783423,
            415596061.7891683,
            415522316.6575235,
            424137030.5849686,
            415113680.1543295,
            432787471.77162164,
            415592636.1351505,
            425926139.08391476
        ],
        "R0h0R1h0": [
            419996711.5596111,
            431442142.41278636,
            404249363.2113616,
            413797658.47936505,
            415700436.95780396,
            425375932.91935724,
            416201714.9453495,
            433434006.5724713,
            414387517.1202929,
            426957721.3956921
        ]
    },
    "EndToEndStd": {
        "R0h1R1h1": [
            64279041.322890855,
            60749479.73521732,
            72902078.13015386,
            65528029.43538019,
            65383478.419966094,
            65361290.55205437,
            67131270.13709953,
            59868133.72383245,
            65838207.50309763,
            60909629.163071886
        ],
        "R0h0R1h0": [
            64150575.41292301,
            59679075.45579433,
            70800809.77499163,
            64103035.76036181,
            64567123.70777592,
            63723264.43185821,
            65661275.84602375,
            58647774.5120468,
            65182530.93140813,
            60440821.714403845
        ]
    },
    "EndToEndSkew": {
        "R0h1R1h1": [
            -0.7022979606882751,
            -0.8808052729000421,
            -0.5338655048425965,
            -0.701762712125109,
            -0.6902526151082554,
            -0.7716440947698006,
            -0.6278962849320626,
            -0.9262257355239758,
            -0.6985703560020298,
            -0.7944831339856622
        ],
        "R0h0R1h0": [
            -0.676778560937163,
            -0.9469113097942932,
            -0.5519462647615598,
            -0.6535248499155876,
            -0.6926157429097806,
            -0.7823067714687035,
            -0.6484240357349439,
            -0.9512167621741022,
            -0.6830968588827122,
            -0.8393456260564885
        ]
    },
    "DropRate": [
        0.016893633713925355,
        0.019233268911209144,
        0.010205950303524506,
        0.017769822357913845,
        0.014741842002173289,
        0.015115908934606575,
        0.016154720402574718,
        0.02048448067965663,
        0.014030980828189802,
        0.01997903058277563
    ],
    "T0std": [
        64467119.29753631,
        60569122.0844222,
        71618137.99804658,
        64670243.117927834,
        65216165.1645714,
        64601502.06254679,
        66495639.35190028,
        59954708.949423395,
        65497034.81474946,
        60830458.826542445
    ],
    "T1std": {
        "R0h1R1h1": [
            1150497.6360385884,
            1269308.2576728605,
            1172429.0822311488,
            1380312.013420489,
            1145556.6068743006,
            1153940.514576724,
            1176152.3392939717,
            1234841.2251890465,
            1649575.4691988835,
            988962.0500979604
        ],
        "R0h0R1h0": [
            2905103.6042876597,
            3597509.7328104647,
            3139617.158354543,
            2767571.445715663,
            2990000.1823882726,
            3052829.6112626963,
            3200306.7870243406,
            4095985.72599925,
            3196394.619661452,
            3856280.067493786
        ]
    },
    "T0Ineq": {
        "R0h1R1h1": 0,
        "R0h0R1h0": 0
    },
    "T0IneqMaxEpsilon": {
        "R0h1R1h1": 10,
        "R0h0R1h0": 10
    },
    "T0IneqRemovedZeroes": {
        "R0h1R1h1": 0,
        "R0h0R1h0": 0
    },
    "T1Ineq": {
        "R0h1R1h1": 0,
        "R0h0R1h0": 0
    },
    "T1IneqMaxEpsilon": {
        "R0h1R1h1": 0,
        "R0h0R1h0": 0
    },
    "T1IneqRemovedZeroes": {
        "R0h1R1h1": 0,
        "R0h0R1h0": 0
    },
    "experiments": 10
}