{
    "Overall": {
        "samples": {
            "DominantAssumption": {
                "R0h1R1h1": 50,
                "R0h0R1h0": 50
            },
            "General": {
                "R0h1R1h1": 50,
                "R0h0R1h0": 50
            },
            "RelaxedDominantAssumption": {
                "R0h1R1h1": 50,
                "R0h0R1h0": 50
            },
            "Basic": {
                "R0h1R1h1": 0,
                "R0h0R1h0": 1
            },
            "Basic_timeAvg": {
                "R0h1R1h1": 50,
                "R0h0R1h0": 50
            }
        }
    },
    "PerTrafficStream": {},
    "ANOVA": {
        "samples": 48,
        "groundtruth": 44
    },
    "Kruskal": {
        "samples": 48,
        "groundtruth": 24
    },
    "EndToEndMean": {
        "R0h1R1h1": [
            433099952.28083783,
            428011714.1839237,
            418361315.10509986,
            437221179.24283737,
            412842967.69223356,
            432901363.29310673,
            422584646.20419955,
            419641629.794748,
            424978702.89992136,
            421346056.1412042,
            417363844.4900279,
            426021061.0434699,
            406640484.88989025,
            429775050.08412856,
            425664321.3092585,
            420434341.94177413,
            416624560.9805599,
            411498717.1443259,
            425922353.3259573,
            431290501.48854816,
            422401851.7285137,
            418686086.05756414,
            423581996.1713788,
            415321321.9150327,
            431253724.2046186,
            432087572.45840067,
            425834142.7782541,
            437544284.5820488,
            428018199.3991466,
            428766155.26986885,
            415773622.0665506,
            431897944.23506516,
            414167007.0019693,
            420726633.03621805,
            424751870.21836466,
            431220098.64042306,
            416507801.13630253,
            412559303.3655266,
            427604413.50731707,
            432905747.9946738,
            450488242.1979561,
            414216319.8653922,
            428709769.176691,
            426417244.21362835,
            421733666.60529345,
            431222449.7226907,
            443355523.38245547,
            414070343.5760449,
            424286341.5715671,
            433011306.89026064
        ],
        "R0h0R1h0": [
            432493591.42820436,
            431529942.88264024,
            420709970.5237183,
            437983318.98562014,
            413129576.84942544,
            433961567.1035922,
            423675941.7658689,
            418446272.40588593,
            425677557.6242563,
            420595716.3388455,
            419135941.50622094,
            427511167.6263174,
            408795931.7427515,
            430811149.1553221,
            426232316.0540541,
            422485675.5988539,
            418798444.1836162,
            410791554.08563745,
            425806741.7943573,
            432410627.4887624,
            423129616.11070395,
            419858408.21840453,
            425658711.1132498,
            415486176.9620272,
            433045198.0076784,
            432733508.75141835,
            425675762.9291303,
            437038842.5843036,
            430143920.6875377,
            428361544.3175666,
            418078992.4773607,
            432572564.768855,
            416516644.36067975,
            421078935.39034235,
            425939875.96377134,
            431367008.939104,
            414180923.8468778,
            413786615.4106904,
            425553588.0735678,
            429335687.12095296,
            449590586.4788057,
            416602231.4956173,
            429968698.1858725,
            427746695.7031529,
            422123778.8368996,
            432306147.8191505,
            444341298.0301196,
            413567330.35082215,
            426532427.55382097,
            435855436.26049674
        ]
    },
    "EndToEndStd": {
        "R0h1R1h1": [
            64310151.61576503,
            57820295.58922959,
            66707585.21288541,
            58215771.83273894,
            65698747.880575985,
            66706643.808297575,
            65129857.64627981,
            66382994.92434003,
            61602835.39227936,
            63151892.91104694,
            64897562.13137506,
            64734511.67966562,
            72592114.02969316,
            64394887.65339305,
            64990660.647525504,
            64452887.8600331,
            70160920.60051715,
            68942566.75620088,
            69578747.76571186,
            59598763.816753134,
            65386977.81110208,
            68310417.03935269,
            62607659.00487771,
            66032185.952069975,
            65415875.43695371,
            61370816.60404558,
            64853030.40753347,
            59965711.64921655,
            67073148.0755345,
            62709827.89798355,
            68975532.87560649,
            68030466.26177816,
            64992924.85021947,
            65805795.177791804,
            67664456.61811604,
            66445054.20839613,
            72287563.16659367,
            69421533.22482859,
            63551623.93487235,
            67260413.57015598,
            53124576.51576612,
            62815846.24869733,
            69811945.08670957,
            59060631.14709242,
            67297775.7178027,
            55552830.71116211,
            64371240.51587886,
            70538314.08232537,
            64117990.654623926,
            65452094.35016194
        ],
        "R0h0R1h0": [
            63640460.31547025,
            56137297.54579854,
            65821197.83528929,
            56843310.683964185,
            65126325.083121285,
            65351109.03935416,
            63258928.558613904,
            65246750.30712989,
            60959575.99553025,
            61870453.962136224,
            64579658.015826695,
            63976981.95984337,
            71280390.41652024,
            62635545.199968494,
            63701002.2465629,
            63964678.887545146,
            69888522.2202862,
            66882268.68625594,
            67985014.18111268,
            58203450.64573846,
            64429029.708448395,
            66664877.31453003,
            62685601.49983074,
            64316642.918404214,
            65219370.43212283,
            60453685.599254586,
            63879051.954156786,
            59166279.73007587,
            65607190.62479706,
            61830431.246499665,
            68319116.70093697,
            67447584.09314607,
            62403219.58709696,
            64888958.57281183,
            65427092.6659123,
            65855445.14240426,
            71184704.73895791,
            67749042.16165905,
            63039145.80891102,
            67202278.84824182,
            52935809.56206328,
            62085392.30509034,
            68704153.04000814,
            58219447.44551545,
            66106596.34097212,
            54506096.10503447,
            63352879.822521776,
            68975576.36684652,
            62589973.19495028,
            64519730.215203926
        ]
    },