{
    "Overall": {
        "samples": {
            "DominantAssumption": {
                "R0h1R1h1": 50,
                "R0h0R1h0": 50
            },
            "General": {
                "R0h1R1h1": 50,
                "R0h0R1h0": 50
            },
            "RelaxedDominantAssumption": {
                "R0h1R1h1": 50,
                "R0h0R1h0": 50
            },
            "Basic": {
                "R0h1R1h1": 0,
                "R0h0R1h0": 0
            },
            "Basic_timeAvg": {
                "R0h1R1h1": 50,
                "R0h0R1h0": 50
            }
        }
    },
    "PerTrafficStream": {},
    "ANOVA": {
        "samples": 50,
        "groundtruth": 42
    },
    "Kruskal": {
        "samples": 50,
        "groundtruth": 14
    },
    "EndToEndMean": {
        "R0h1R1h1": [
            428331050.770366,
            426390120.28655547,
            419966774.3147547,
            420758150.0606296,
            432378350.64903474,
            433867399.20772946,
            410628782.7714449,
            440957395.5797658,
            404187876.27901524,
            402308744.523865,
            414041324.11822003,
            407593871.4519525,
            433032111.9467726,
            421334560.81110466,
            433404773.08889323,
            423285969.14792436,
            419566369.4504365,
            407005688.9782859,
            417560556.0226832,
            436048938.56779826,
            413500452.7251636,
            429522741.9647128,
            420076770.2275495,
            424420572.23143417,
            423527656.73360896,
            422946202.9602535,
            416187623.1275889,
            422716510.872449,
            427784624.89188665,
            405640078.55469656,
            416332624.24750733,
            424355791.88260615,
            430223007.30927634,
            419918987.94468504,
            413628471.6574092,
            425614726.6481517,
            416614714.32821906,
            408720573.3979868,
            419477088.69615084,
            421254093.0987774,
            401838038.4391905,
            427082151.61284757,
            422687756.28170097,
            439068065.06340224,
            422868523.88301957,
            421142475.0003869,
            417433393.861634,
            419012596.68240184,
            409340138.0497184,
            421651612.3925088
        ],
        "R0h0R1h0": [
            429550224.026629,
            427255392.7160696,
            420456857.7987062,
            421907992.28315836,
            433128001.8471204,
            432710401.1565901,
            408596046.7921901,
            440324447.9444108,
            404186552.24470305,
            402806539.09324324,
            414551460.7292525,
            409371333.2480527,
            433024235.18244356,
            420595466.8859768,
            434779677.39954615,
            423508313.48250407,
            419671210.3910656,
            407701737.5055663,
            418515422.8905875,
            437477665.584914,
            412426228.4079602,
            430573435.80345607,
            419819819.60155416,
            427278827.056309,
            424778152.3916157,
            422097807.29280025,
            416627768.68606406,
            421325868.3250189,
            428543118.69213384,
            407381193.28355557,
            415823633.8378255,
            425641043.7993406,
            430892407.3737784,
            420155034.1484573,
            412827856.1304735,
            425019167.1977686,
            415645930.13593113,
            407345039.5369383,
            421183568.3695457,
            420246096.8265599,
            403220082.7291886,
            428160675.962886,
            422431307.0433399,
            442782589.90526,
            423731457.50052863,
            419617447.7461983,
            418527690.0689501,
            418908742.85027534,
            409897827.76478475,
            421205006.0042245
        ]
    },
    "EndToEndStd": {
        "R0h1R1h1": [
            63659037.92319445,
            67910806.5930933,
            62361571.12885581,
            71928211.44776207,
            60748494.79054829,
            70517883.90831953,
            71715653.95392649,
            61661193.79536287,
            71871831.30118313,
            72546439.81986748,
            65797458.81527564,
            64173114.97300929,
            62658327.19784074,
            67989106.30693068,
            60515375.872912645,
            60489752.39593795,
            65654731.233077325,
            65218310.12445752,
            65275342.3995673,
            57710240.45101968,
            70518077.24823932,
            68275511.0252303,
            62343800.56481706,
            61457345.055078894,
            64739901.17255655,
            69760373.3006953,
            69220319.33669163,
            65816405.382727124,
            65756528.28033746,
            71004455.08846894,
            61656218.35770502,
            64604423.017820336,
            63017508.900008544,
            67665766.72087896,
            64495842.287192084,
            60933323.28318217,
            67225952.12951939,
            69986049.11695643,
            68842341.09097978,
            63228038.8277935,
            72474631.06270567,
            68659232.60788727,
            59841484.23917299,
            61136279.271150626,
            66927179.329103254,
            66040478.17726963,
            60002781.28906353,
            66814555.22244363,
            70647643.79846439,
            63492700.703103535
        ],
        "R0h0R1h0": [
            62182410.50332886,
            66295259.65462245,
            61116868.66849312,
            70350399.71097241,
            60463946.852279074,
            69604381.954073,
            70534873.42271167,
            60286590.91995842,
            69285311.52917321,
            70452896.84912422,
            65387212.07233061,
            63459916.66121763,
            61536167.616237946,
            65728720.09992191,
            59385098.58860849,
            59528820.32030651,
            64858828.986462414,
            64015641.19221448,
            63943500.23593914,
            57199235.53331756,
            69004656.00274171,
            67237820.09001365,
            61113710.49575261,
            61044602.55323001,
            62779295.35715865,
            68613513.16380997,
            67747864.08851816,
            63927534.366361625,
            64963257.980129264,
            69059575.36282492,
            59735532.56322002,
            62994508.63231935,
            62022578.62548423,
            66035956.64525727,
            62878677.287504666,
            59411509.005380705,
            66219303.085958846,
            67658578.81516758,
            68475545.14880922,
            62413962.588142104,
            71120443.06248823,
            66660413.824791044,
            59702298.92080582,
            60053690.36051179,
            65949538.83728002,
            64645616.31672813,
            58373046.672798,
            66192136.72780063,
            69371267.03729081,
            61740021.22927908
        ]
    },