{
    "Overall": {
        "samples": {
            "DominantAssumption": {
                "R0h1R1h1": 50,
                "R0h0R1h0": 50
            },
            "General": {
                "R0h1R1h1": 50,
                "R0h0R1h0": 50
            },
            "RelaxedDominantAssumption": {
                "R0h1R1h1": 50,
                "R0h0R1h0": 50
            },
            "Basic": {
                "R0h1R1h1": 0,
                "R0h0R1h0": 0
            },
            "Basic_timeAvg": {
                "R0h1R1h1": 50,
                "R0h0R1h0": 50
            }
        }
    },
    "PerTrafficStream": {},
    "ANOVA": {
        "samples": 46,
        "groundtruth": 43
    },
    "Kruskal": {
        "samples": 45,
        "groundtruth": 17
    },
    "EndToEndMean": {
        "R0h1R1h1": [
            426990944.42399234,
            432474119.8375625,
            437428582.74995196,
            430476062.4503817,
            410310304.4746158,
            433898669.85733885,
            426092094.6374024,
            408497335.5243831,
            428721587.153206,
            424203034.9877954,
            432641783.40736437,
            418527369.8002653,
            417979997.514621,
            411909161.4753257,
            431484629.9850546,
            426887692.3160853,
            428918383.5920926,
            417223058.09850866,
            424208081.1613029,
            434411098.69050866,
            407034914.6207097,
            423534581.44166994,
            422294042.1471927,
            424496587.9001379,
            415635791.46887237,
            427185321.83627206,
            426444932.95434403,
            427436882.38565814,
            414258124.5573675,
            413362116.32161486,
            421219595.53714174,
            430196993.33015996,
            412694372.79461145,
            421923812.2288383,
            420462330.72197133,
            422200722.32578665,
            425133105.68141764,
            420955222.04842854,
            436855826.2003173,
            426154322.1504634,
            420517658.8014893,
            433957745.6967495,
            425907099.9860207,
            406325832.4736945,
            424524063.6305019,
            420831199.8499512,
            433708258.56909937,
            420967426.23197854,
            424273645.1731099,
            396186319.97010094
        ],
        "R0h0R1h0": [
            427204929.48097456,
            430225620.86584246,
            437999905.282632,
            430313609.8892444,
            410702480.82954717,
            433680423.19582325,
            425144587.3894705,
            409889124.13201076,
            429270544.23430026,
            422753603.5026503,
            434094410.1967456,
            418035874.93779254,
            417101068.68322414,
            413758573.22783124,
            432069923.8639783,
            427761293.3211679,
            429082355.30037564,
            418203812.7891013,
            424835590.2843413,
            433973422.4723992,
            406186739.55,
            425690133.308675,
            422065347.14891696,
            425325164.3118932,
            416415814.4128646,
            426092737.25802547,
            425378155.5950488,
            428470328.51347286,
            413220947.20975757,
            413946243.2278972,
            421766189.23921865,
            429226405.96904546,
            411490491.64521074,
            423746965.69757575,
            421173359.4054375,
            423994851.66923875,
            425378794.9042791,
            422438794.24357057,
            436602424.79661274,
            428432075.25294554,
            420722285.7511562,
            435921911.098717,
            426233104.15911454,
            408465851.3535384,
            423948696.52048373,
            423261004.59045637,
            436393198.72020805,
            420632121.30130416,
            423766009.20653474,
            395704478.2674576
        ]
    },
    "EndToEndStd": {
        "R0h1R1h1": [
            69224024.41081141,
            64997670.664872274,
            60985130.01730424,
            65819747.68988719,
            69748190.16343406,
            58773043.60045007,
            68133574.7818694,
            68732952.54540962,
            65174564.329714775,
            64168398.14346976,
            57801466.517822735,
            72165621.87920284,
            64944888.33218298,
            67997875.20550334,
            59504191.48128472,
            69514171.86261936,
            65929401.958240815,
            68584767.43084168,
            68454977.50278458,
            56420743.82834153,
            68542574.81173605,
            69213853.31821059,
            62540076.7321028,
            64354008.084344864,
            62925817.833823234,
            61451004.58504315,
            62922925.078368135,
            60198971.733011924,
            68953428.11979064,
            71174396.48807995,
            62044140.27978837,
            60144341.79899433,
            64764011.92945387,
            60859455.78126993,
            66940885.05998129,
            65228319.8819213,
            65554831.03774149,
            69886131.39639887,
            61830488.49073825,
            60255077.70618769,
            66720563.8290972,
            60676347.73085207,
            61418476.629080385,
            69217260.61566126,
            67843468.33935587,
            63751691.42504243,
            64486748.61159535,
            66217156.02407219,
            64275857.64497145,
            79538662.83136955
        ],
        "R0h0R1h0": [
            68137860.13074815,
            64871595.02008809,
            60332597.55078082,
            64904352.00078126,
            67476885.2364416,
            57730277.11851514,
            67632334.37275007,
            67683818.7926144,
            64236796.98039194,
            63438699.71948919,
            56515766.89306525,
            71167167.49481286,
            63740400.80890471,
            66978245.24817043,
            58912906.51234668,
            68376651.50384063,
            65171545.95560449,
            67288196.03766437,
            67040887.023077406,
            55366666.229724064,
            65934797.160675965,
            67874602.28687859,
            62487493.116008796,
            62457633.73267062,
            60978521.68918779,
            60182216.811092615,
            61873856.09097656,
            59594522.88532247,
            68188238.6320733,
            70846083.58168449,
            61297454.508735105,
            59424966.53073518,
            63354111.762960434,
            59800311.84290364,
            65720619.61071423,
            64250186.77588028,
            64766187.0322804,
            68353889.51122603,
            61283824.731332324,
            58933391.7205901,
            65198089.80345903,
            58998662.26596502,
            60348505.735719785,
            68265351.3447196,
            66708623.625087366,
            62784503.8470491,
            63501277.66403874,
            65224508.45019472,
            64389518.50446709,
            78233810.5878931
        ]
    },