{
    "Overall": {
        "samples": {
            "DominantAssumption": {
                "R0h1R1h1": 0,
                "R0h0R1h0": 0
            },
            "General": {
                "R0h1R1h1": 1,
                "R0h0R1h0": 1
            },
            "RelaxedDominantAssumption": {
                "R0h1R1h1": 0,
                "R0h0R1h0": 0
            }
        }
    },
    "PerTrafficStream": {},
    "ANOVA": {
        "samples": 1,
        "groundtruth": 1
    },
    "Kruskal": {
        "samples": 1,
        "groundtruth": 1
    },
    "EndToEndMean": {
        "R0h1R1h1": [
            590504852.6055415
        ],
        "R0h0R1h0": [
            593808421.564905
        ]
    },
    "EndToEndStd": {
        "R0h1R1h1": [
            119128011.24401034
        ],
        "R0h0R1h0": [
            116489745.8508531
        ]
    },
    "EndToEndSkew": {
        "R0h1R1h1": [
            -0.32260537006923273
        ],
        "R0h0R1h0": [
            -0.35795237492509163
        ]
    },
    "DropRate": [
        0.004735076230390437
    ],
    "T0std": [
        117877462.24836193
    ],
    "T1std": {
        "R0h1R1h1": [
            816833.5525441535
        ],
        "R0h0R1h0": [
            2436391.6401586947
        ]
    },
    "T0Ineq": {
        "R0h1R1h1": 0,
        "R0h0R1h0": 0
    },
    "T0IneqMaxEpsilon": {
        "R0h1R1h1": 1,
        "R0h0R1h0": 1
    },
    "T0IneqRemovedZeroes": {
        "R0h1R1h1": 0,
        "R0h0R1h0": 0
    },
    "T1Ineq": {
        "R0h1R1h1": 0,
        "R0h0R1h0": 0
    },
    "T1IneqMaxEpsilon": {
        "R0h1R1h1": 0,
        "R0h0R1h0": 0
    },
    "T1IneqRemovedZeroes": {
        "R0h1R1h1": 0,
        "R0h0R1h0": 0
    },
    "experiments": 1
}