{
    "Overall": {
        "samples": {
            "DominantAssumption": {
                "R0h1R1h1": 92,
                "R0h0R1h0": 97
            },
            "General": {
                "R0h1R1h1": 100,
                "R0h0R1h0": 100
            }
        }
    },
    "PerTrafficStream": {
        "samples": {
            "DominantAssumption": {
                "R0h1R1h1": 100,
                "R0h0R1h0": 100
            },
            "General": {
                "R0h1R1h1": 100,
                "R0h0R1h0": 100
            }
        }
    },
    "ANOVA": 5,
    "Kruskal": 4,
    "EndToEndMean": {
        "R0h1R1h1": 455931598.2626961,
        "R0h0R1h0": 574231295.209838
    },
    "EndToEndStd": {
        "R0h1R1h1": 461132172.74177474,
        "R0h0R1h0": 687577458.0498936
    },
    "EndToEndSkew": {
        "R0h1R1h1": 1.725325620227446,
        "R0h0R1h0": 2.4213980159221724
    },
    "experiments": 100
}