{
    "MaxEpsilonIneqDelay": {
        "A0D0": {
            "A0": 10
        }
    },
    "MaxEpsilonIneqSuccessProb": {
        "E2E_eventAvg": {
            "A0D0": {
                "A0": 0
            }
        },
        "sentTime_est": {
            "A0D0": {
                "A0": 0
            }
        },
        "enqueueTime_est": {
            "A0D0": {
                "A0": 7
            }
        },
        "poisson_sentTime_est": {
            "0.5": {
                "A0D0": {
                    "A0": 1
                }
            }
        }
    },
    "MaxEpsilonIneqNonMarkingProb": {
        "E2E_eventAvg": {
            "A0D0": {
                "A0": 8
            }
        },
        "sentTime_est_events": {
            "A0D0": {
                "A0": 4
            }
        },
        "sentTime_est_probs": {
            "A0D0": {
                "A0": 0
            }
        },
        "possion_est_probs": {
            "A0D0": {
                "A0": 9
            }
        }
    },
    "EndToEndDelayMean": {
        "A0D0": {
            "A0": [
                69323.12449756569,
                72370.83180912408,
                74666.76590892918,
                58966.86873269875,
                81303.1453931706,
                70204.23462522862,
                73969.66500017834,
                64821.78010056077,
                66948.78942486677,
                72356.9852055107
            ]
        }
    },
    "EndToEndDelayStd": {
        "A0D0": {
            "A0": [
                96372.08650965267,
                95938.03226658328,
                98691.9588438349,
                85881.24837452942,
                103773.76872883791,
                96290.49573873363,
                99902.9218105137,
                85770.2308310927,
                93173.7692029122,
                97307.32913295616
            ]
        }
    },
    "EndToEndSuccessProb": {
        "E2E_eventAvg": {
            "A0D0": {
                "A0": [
                    0.9916447072433962,
                    0.9918606738883237,
                    0.9922498688887594,
                    0.9963699009413647,
                    0.986332968110259,
                    0.9930405286858881,
                    0.9926972909305065,
                    0.9963404556722937,
                    0.9934074753496904,
                    0.9914969223935529
                ]
            }
        },
        "sentTime_est": {
            "A0D0": {
                "A0": [
                    0.9907090059023671,
                    0.9902598693433701,
                    0.9910513668799162,
                    0.9957590382843886,
                    0.9839921380368647,
                    0.991468056192751,
                    0.9911907886696297,
                    0.9956337402956319,
                    0.992165937770032,
                    0.9901731194924638
                ]
            }
        },
        "enqueueTime_est": {
            "A0D0": {
                "A0": [
                    0.9843517218825695,
                    0.9809083105800882,
                    0.982335534191047,
                    0.9911664526426005,
                    0.9716029423494489,
                    0.9840722085327771,
                    0.9816608874554976,
                    0.9911885450244292,
                    0.9851803825601204,
                    0.9821501866644755
                ]
            }
        },
        "poisson_sentTime_est": {
            "0.5": {
                "A0D0": {
                    "A0": [
                        0.98836945480665,
                        0.9894275704780361,
                        0.9940288791177261,
                        0.9958364009566862,
                        0.9837963810345239,
                        0.9922200773996512,
                        0.9925000558789782,
                        0.9956098718352229,
                        0.9910694601984732,
                        0.9912743290742974
                    ]
                }
            }
        }
    },
    "EndToEndNonMarkingProb": {
        "E2E_eventAvg": {
            "A0D0": {
                "A0": [
                    0.6553120380487177,
                    0.6392961876832844,
                    0.6569547229182449,
                    0.6959330585122746,
                    0.6444841704630644,
                    0.6822621205918474,
                    0.6556537102473499,
                    0.672942981938378,
                    0.6749598715890851,
                    0.6416016244685576
                ]
            }
        },
        "sentTime_est_events": {
            "A0D0": {
                "A0": [
                    0.6859516133362166,
                    0.6688580421907447,
                    0.6675064756071765,
                    0.719607787259744,
                    0.6551585720397607,
                    0.6939790084313144,
                    0.6758175462634626,
                    0.6866739922512017,
                    0.6910492367087773,
                    0.6721498064881205
                ]
            }
        },
        "sentTime_est_probs": {
            "A0D0": {
                "A0": [
                    0.6138517725251813,
                    0.6070873340385496,
                    0.6348766020117964,
                    0.63621847177012,
                    0.622365048573599,
                    0.6511717299363003,
                    0.6051092536415128,
                    0.6286465928776548,
                    0.6310667750511532,
                    0.6090500153285968
                ]
            }
        },
        "possion_est_probs": {
            "A0D0": {
                "A0": [
                    0.6664960625630126,
                    0.6509187753549801,
                    0.6599171993720939,
                    0.7035905664084183,
                    0.6468813603834286,
                    0.6831358550188569,
                    0.6712887818589937,
                    0.6723764395357655,
                    0.6863058893047075,
                    0.6475181427464243
                ]
            }
        }
    },
    "DropRate": [
        0.00835529275660385,
        0.008139326111676226,
        0.007750131111240677,
        0.0036300990586353166,
        0.013667031889741166,
        0.006959471314111898,
        0.007302709069493374,
        0.003659544327706432,
        0.0065925246503094614,
        0.008503077606447085
    ],
    "maxEpsilonDelay": {
        "A0D0": {
            "A0": [
                0.04065057993227913,
                0.039362548023433225,
                0.03857869542601353,
                0.042317403507731687,
                0.0383963054173054,
                0.039931147806475845,
                0.04006946984406109,
                0.03868909467747272,
                0.039936850175136526,
                0.03920457468030908
            ]
        }
    },
    "maxEpsilonSuccessProb": {
        "A0D0": {
            "A0": [
                0.0027827019879815233,
                0.002955591632397383,
                0.0029340886662537163,
                0.0020059183841522692,
                0.0035642405529021075,
                0.003010413292356486,
                0.0029398096302180967,
                0.002162147700007583,
                0.0029045968594938664,
                0.0030773544511113445
            ]
        }
    },
    "maxEpsilonNonMarkingProb": {
        "A0D0": {
            "A0": [
                0.02069357136518636,
                0.020707600560639083,
                0.02105102344679509,
                0.018612265281861523,
                0.021079661969403685,
                0.020224730205602157,
                0.02036482330118076,
                0.01974829281434741,
                0.020253407633058426,
                0.021312911284524356
            ]
        }
    },