{
    "Overall": {
        "samples": {
            "DominantAssumption": {
                "R0h1R1h1": 46,
                "R0h0R1h0": 43
            },
            "General": {
                "R0h1R1h1": 50,
                "R0h0R1h0": 50
            },
            "RelaxedDominantAssumption": {
                "R0h1R1h1": 45,
                "R0h0R1h0": 41
            },
            "Basic": {
                "R0h1R1h1": 2,
                "R0h0R1h0": 34
            },
            "Basic_timeAvg": {
                "R0h1R1h1": 46,
                "R0h0R1h0": 43
            }
        }
    },
    "PerTrafficStream": {},
    "ANOVA": {
        "samples": 50,
        "groundtruth": 19
    },
    "Kruskal": {
        "samples": 49,
        "groundtruth": 15
    },
    "EndToEndMean": {
        "R0h1R1h1": [
            664581849.9957211,
            649949837.9527863,
            661384760.4065349,
            665202761.8786019,
            670419999.3554068,
            659836689.0158689,
            663556496.3937211,
            670047027.5208776,
            658240899.4865619,
            656620897.9968034,
            665747374.4974647,
            659938119.3560876,
            659166862.5728288,
            661131425.2357087,
            667730976.6661531,
            661696970.8684077,
            663789011.259757,
            667171013.9010075,
            659997103.6261586,
            661365039.8747433,
            667707746.282661,
            666879292.9049923,
            667097102.006629,
            663804626.1362823,
            663374846.0604222,
            664765093.0825447,
            658457283.1357052,
            662538656.1629425,
            658925589.8319609,
            660735471.0313705,
            663373526.3925377,
            659950238.5171818,
            661741371.2806451,
            668310157.5128744,
            662211417.0061547,
            660361839.1975217,
            657103647.3310215,
            669598188.6459466,
            661590542.2024586,
            663607808.6486276,
            658618354.946281,
            670003207.6449121,
            662496620.5375751,
            664215661.387392,
            657457394.5618825,
            664413535.1124644,
            664254414.963241,
            660939791.7442887,
            659211547.6074433,
            660596524.9002864
        ],
        "R0h0R1h0": [
            666223422.3790693,
            653681026.866718,
            662046249.7144301,
            668386782.215254,
            671330638.8437307,
            660055197.5780799,
            665846101.5916046,
            670884386.1549267,
            660584154.1466309,
            658535288.7890085,
            667435620.1739655,
            660105794.2383463,
            661223724.450936,
            663429072.9732268,
            669140139.4698647,
            662534562.0380716,
            664215417.9196011,
            669598986.5823576,
            661570554.6012789,
            663262080.3929613,
            669557821.4609202,
            668532205.2622027,
            669345800.80837,
            666678485.6210849,
            666318689.0819099,
            669279817.7939819,
            660964486.7843418,
            664193592.0044355,
            659023424.9553732,
            662893949.7370181,
            664560429.3565199,
            663588886.1730427,
            663804697.0441207,
            670270711.4002776,
            662951803.085212,
            661543448.304241,
            657935275.5704076,
            670910099.4504879,
            662972327.6791444,
            664570644.756915,
            660101771.640058,
            672852014.6291404,
            662340318.3312193,
            666643868.5058358,
            660419872.2553538,
            665833361.4927205,
            665447476.1189945,
            662842934.0821918,
            660798988.8777267,
            661473211.6345228
        ]
    },
    "EndToEndStd": {
        "R0h1R1h1": [
            25997416.95080552,
            25039725.522043224,
            27205228.196259927,
            27485423.024337906,
            24942690.958165362,
            29152894.756595265,
            26995793.377720166,
            28525799.255753834,
            30899828.367335368,
            28853250.732687507,
            27529458.9891342,
            29355270.969977576,
            29473265.59135141,
            24893372.988834668,
            25630146.825983673,
            25956921.176903106,
            26659597.57915805,
            25717696.53975858,
            29428029.48263162,
            30478511.546462834,
            26801520.340146273,
            29340205.19429619,
            25876832.81985102,
            30544827.485417202,
            25622544.209560692,
            29955667.473105505,
            32138707.030112144,
            22756616.941555496,
            25784334.66126767,
            23144957.642358597,
            24835738.995387066,
            30373810.422121625,
            26301665.00245563,
            25079547.213345114,
            26074938.620137412,
            29060252.898322653,
            29255857.957271256,
            27342039.96805243,
            28781112.760914326,
            33299885.495505765,
            25387802.06022634,
            26241509.879553255,
            21110252.562919587,
            25006211.59682528,
            30904432.664115943,
            19609703.036042918,
            22259950.560206674,
            27130829.235786863,
            27726973.09780739,
            26780635.78809023
        ],
        "R0h0R1h0": [
            27124003.890591692,
            25598940.836985018,
            28430993.233767293,
            27029707.68579881,
            25339241.367158283,
            29703643.69899088,
            29103478.77964746,
            28537547.311398987,
            31790208.17911796,
            24890570.68683967,
            27095422.948161144,
            32379949.830835804,
            31073274.16815363,
            25417427.148085672,
            25895019.334804673,
            26962573.654725518,
            26308884.452038154,
            25514633.309782427,
            31467172.548101973,
            31923365.39241262,
            27437114.54374232,
            29808908.960138638,
            24714891.123786125,
            31440986.212955467,
            25916270.286002472,
            29532466.506383635,
            30351881.067373637,
            22423111.474771842,
            27423087.306481816,
            21260045.057397258,
            26220184.845210325,
            31549825.646541018,
            26712523.45938104,
            25279098.03505938,
            27475234.740107164,
            29754576.76041657,
            29309503.054647993,
            28565345.240074053,
            26726163.82205514,
            34303924.79430283,
            25814322.113595862,
            26807129.33724251,
            24372660.37985092,
            24906058.31786892,
            28063923.65026077,
            19567548.168274406,
            22646762.62510001,
            28900259.152535222,
            28895026.179445654,
            27884223.08531056
        ]
    },