{
    "Overall": {
        "samples": {
            "DominantAssumption": {
                "R0h1R1h1": 49,
                "R0h0R1h0": 44
            },
            "General": {
                "R0h1R1h1": 50,
                "R0h0R1h0": 50
            },
            "RelaxedDominantAssumption": {
                "R0h1R1h1": 49,
                "R0h0R1h0": 43
            },
            "Basic": {
                "R0h1R1h1": 0,
                "R0h0R1h0": 32
            },
            "Basic_timeAvg": {
                "R0h1R1h1": 49,
                "R0h0R1h0": 44
            }
        }
    },
    "PerTrafficStream": {},
    "ANOVA": {
        "samples": 45,
        "groundtruth": 17
    },
    "Kruskal": {
        "samples": 44,
        "groundtruth": 15
    },
    "EndToEndMean": {
        "R0h1R1h1": [
            660819982.3486571,
            659867618.3354335,
            667949576.2087542,
            661070329.7414147,
            661972482.2774869,
            661666514.9753213,
            662305523.3757076,
            667781079.999245,
            651778098.0644461,
            664379074.8799788,
            659085824.6337091,
            660638849.053907,
            666431314.9070058,
            665034471.3401055,
            656975899.2909138,
            664063186.2532566,
            660356396.2390018,
            666592076.6386074,
            667540908.4800817,
            666231710.5318595,
            664085240.7186371,
            653817007.4158314,
            661842218.3993949,
            671525903.3173902,
            667210084.6748848,
            658349308.978344,
            658056218.9000487,
            660068070.4230869,
            659803658.9924058,
            657932264.0829997,
            659992150.8028353,
            665031019.7912724,
            661415046.4323848,
            655449313.122908,
            662854027.1322712,
            660439663.1688278,
            660889200.8169154,
            657168120.1050065,
            665490407.5093633,
            664786238.203577,
            658987737.085112,
            657256648.2881907,
            663458958.3391192,
            662457200.8407998,
            662160113.091954,
            665244206.9455696,
            671328231.8568887,
            663650390.2071638,
            661977896.8715155,
            667437375.3143364
        ],
        "R0h0R1h0": [
            661788898.3851789,
            663344275.075637,
            669621736.5279013,
            662419953.0620801,
            664768983.2486339,
            664952010.3767433,
            664406400.5407363,
            667640017.3026425,
            652903093.6897614,
            666432975.1635514,
            659092011.2144438,
            662894414.567325,
            666484136.6397293,
            667329781.6474687,
            660147575.3050178,
            666176620.8535465,
            661189198.8874252,
            670833290.3342323,
            671598146.6674963,
            667365997.8198016,
            666747986.1679075,
            656898104.1362236,
            662935053.5971026,
            672436477.3672452,
            671342067.9665043,
            659438463.0704026,
            660063664.5604107,
            661475555.0616302,
            663460278.0005944,
            660520784.636144,
            661388599.1022989,
            667537021.4154493,
            661728395.6975197,
            656409373.1988224,
            664847719.2310158,
            663990145.3652122,
            663373606.6797546,
            658995353.4441569,
            667007037.8259804,
            666824941.9390465,
            662208357.1781377,
            659434200.1790897,
            663936197.3624976,
            664047895.4554995,
            664769370.5643029,
            666289150.6929226,
            673441622.2506807,
            665270244.3342764,
            663338910.3980058,
            668841752.5685576
        ]
    },
    "EndToEndStd": {
        "R0h1R1h1": [
            28876641.179892775,
            34010367.62881135,
            25878175.253691293,
            29389145.92067359,
            37612620.55726945,
            25653515.04988185,
            24466860.277553134,
            26789094.715040408,
            24426097.00618954,
            25490098.00773761,
            33205102.07896939,
            28475494.13768716,
            27619914.601588897,
            29027341.38865274,
            26017867.941954885,
            26958184.750071794,
            19731489.612216778,
            25684419.049195692,
            30050505.08186068,
            26466631.640220527,
            28890021.19214987,
            27058314.623819277,
            26040223.23249578,
            29115978.063136082,
            31159230.530111887,
            24063586.60527639,
            30033820.30635047,
            21794813.871749748,
            32445789.81818724,
            27112974.09638287,
            34952477.23419329,
            28257781.668626424,
            21343383.726436447,
            25918994.710466906,
            26286278.772457924,
            31221549.67301582,
            23957013.215639554,
            28286911.61851546,
            27315622.270959407,
            30297569.469929315,
            24276579.500735905,
            29358922.1664506,
            30783440.52303927,
            25547159.56166759,
            22869026.241118405,
            28025460.240046497,
            25435264.826132633,
            23098929.805066433,
            23004531.923040334,
            23588506.077209383
        ],
        "R0h0R1h0": [
            28793193.842589416,
            32350510.777107608,
            27361677.452472735,
            29275426.837042175,
            38993358.363900624,
            25252521.77106823,
            25464108.114068605,
            29203690.533147745,
            24204448.373181056,
            24550943.79501362,
            33100242.19291936,
            27512548.002332605,
            28548866.60899091,
            27907221.379511293,
            25830402.43548107,
            27924987.01708426,
            21421070.95189979,
            26308749.722796477,
            29512618.516478762,
            27960357.21705362,
            29020186.785818033,
            26966144.56431003,
            24197158.89722897,
            30342754.119223233,
            30471536.2886409,
            24269228.159526065,
            31912348.468108118,
            25646213.71765102,
            33222681.819392577,
            27145882.881171558,
            32342385.217447277,
            27650533.863487173,
            25054093.515048906,
            26812390.086439814,
            28496006.536773074,
            32346276.851289645,
            24228767.055814125,
            29355920.811330486,
            28145934.495399926,
            30739600.81176306,
            24979537.204314604,
            30317329.981945198,
            30928751.319822565,
            24989382.460647415,
            24468179.023786575,
            30445034.52243177,
            25734371.9668059,
            25137495.48765013,
            23022277.292227864,
            23239614.804683547
        ]
    },