{
    "Overall": {
        "samples": {
            "DominantAssumption": {
                "R0h1R1h1": 49,
                "R0h0R1h0": 47
            },
            "General": {
                "R0h1R1h1": 50,
                "R0h0R1h0": 50
            },
            "RelaxedDominantAssumption": {
                "R0h1R1h1": 47,
                "R0h0R1h0": 44
            },
            "Basic": {
                "R0h1R1h1": 4,
                "R0h0R1h0": 42
            },
            "Basic_timeAvg": {
                "R0h1R1h1": 47,
                "R0h0R1h0": 46
            }
        }
    },
    "PerTrafficStream": {},
    "ANOVA": {
        "samples": 45,
        "groundtruth": 18
    },
    "Kruskal": {
        "samples": 47,
        "groundtruth": 15
    },
    "EndToEndMean": {
        "R0h1R1h1": [
            658010703.1730769,
            657514323.6953396,
            667240936.3429142,
            660037292.8360288,
            658221515.2415211,
            662005939.9145077,
            670180432.4915433,
            672352916.6303954,
            656730391.3486115,
            665202171.467128,
            668040080.2842525,
            660706476.7086991,
            655554492.7485245,
            656763877.3579458,
            656756737.1764249,
            662041987.98402,
            662269819.4768674,
            666122241.0760702,
            668578417.1188965,
            665754425.7866108,
            664913287.8858248,
            669320412.933484,
            664477494.1235309,
            664892339.685143,
            663922191.5482535,
            666909750.4228028,
            661592962.2054933,
            661765222.19801,
            663273465.8100209,
            664325868.0153921,
            660264677.013124,
            660110224.3233486,
            665099567.6580087,
            667811427.2348638,
            664312116.4787431,
            664440491.5667341,
            657370731.1270088,
            662801448.6548673,
            664196537.1493064,
            664642058.4524994,
            663218810.8070496,
            663962980.7201859,
            660045155.8795995,
            659213825.1028858,
            664719975.2832738,
            667511925.9609087,
            659591936.627144,
            663722506.8710266,
            667348088.9775393,
            664790602.9871465
        ],
        "R0h0R1h0": [
            660010285.6126636,
            660380941.3120524,
            668309840.2633293,
            662773465.5255059,
            659856864.2066067,
            664551379.578672,
            672988294.838508,
            673342493.7035103,
            658016574.3090059,
            667726653.9393755,
            669804788.8376476,
            662333670.0119691,
            659191617.8849175,
            661452380.9182938,
            659520912.2517456,
            664146116.3858751,
            663886643.4510314,
            667450253.2868016,
            668768160.3718054,
            667259971.9543169,
            667912160.8949605,
            671635226.1160232,
            665230223.6677394,
            667395535.0414793,
            666465925.8728762,
            668005839.2481234,
            662929082.9583908,
            663263742.9369187,
            664889193.3468106,
            665218194.2908517,
            661254439.472103,
            660693903.8878379,
            667952977.0022874,
            668255965.0932152,
            666557495.445721,
            666204293.0463669,
            659622009.2417731,
            665340665.0462848,
            666038488.1789304,
            665678127.9516422,
            664737873.1767302,
            664657802.1149472,
            661324166.5210913,
            660945909.890504,
            666511948.9521277,
            671239128.6631068,
            662474339.0788012,
            665384543.8432653,
            669026083.0701501,
            665248997.6552689
        ]
    },
    "EndToEndStd": {
        "R0h1R1h1": [
            28264026.97405584,
            27375512.072245095,
            29801765.85744953,
            32790948.00333685,
            28928008.683069885,
            25239134.98766819,
            25264583.77541284,
            30015648.495239105,
            27596161.59032814,
            30048677.634198368,
            25102797.74473265,
            29552801.16883893,
            30672705.91603382,
            28355358.786359426,
            30133134.897200953,
            25210480.203858685,
            23654846.481153604,
            23654484.698279873,
            30418175.835957624,
            27908040.815663274,
            25661310.530035768,
            21614647.60827848,
            24504145.590431146,
            31709251.28652523,
            27297749.064556267,
            26766728.450594664,
            29163802.194420785,
            28131878.58444549,
            32127537.83985806,
            28393598.753145214,
            26937100.61656168,
            29099832.00248933,
            31836705.64484934,
            20349331.542511206,
            31796389.320000734,
            25179329.842916083,
            31887736.404332265,
            29980029.621615287,
            20525542.21039882,
            25190203.771164175,
            28175659.366127998,
            23796183.240441293,
            26416314.12976551,
            29960301.748664,
            33135681.1241948,
            30088717.75053297,
            26659744.755426325,
            29945932.575204283,
            27199563.058654506,
            27626883.303340692
        ],
        "R0h0R1h0": [
            28469564.434432384,
            28686409.804895125,
            29663509.397670247,
            32128582.797132555,
            33189531.089000084,
            25389969.43500468,
            25135334.142575447,
            31949494.48746474,
            25883388.81368168,
            31913942.71485862,
            24941506.845152665,
            29683319.46582191,
            30091910.02385781,
            27933783.13154295,
            31172100.87174137,
            24932074.993295625,
            26289783.723642096,
            24374995.387734838,
            31422542.528608736,
            28908953.418529507,
            25452529.558146592,
            21861964.525485206,
            25021821.19866509,
            31071007.603074916,
            26890250.368784394,
            26977583.283926725,
            28662557.836292513,
            28778667.387724936,
            33556319.63016569,
            26848358.94773935,
            28663946.64423315,
            28983009.254630942,
            31235062.96804657,
            20826998.264710583,
            33856467.235520825,
            25652283.129819676,
            32762538.433657423,
            30521311.060065977,
            22035281.764950283,
            26989047.55558003,
            28032249.84670752,
            25318921.314345304,
            26039558.33819564,
            31522193.970188517,
            31987373.508769967,
            31133924.604006235,
            26026144.668213453,
            28857341.50222809,
            26849734.173038688,
            26856119.50420094
        ]
    },