{
    "Overall": {
        "samples": {
            "DominantAssumption": {
                "R0h1R1h1": 47,
                "R0h0R1h0": 46
            },
            "General": {
                "R0h1R1h1": 50,
                "R0h0R1h0": 50
            },
            "RelaxedDominantAssumption": {
                "R0h1R1h1": 46,
                "R0h0R1h0": 46
            },
            "Basic": {
                "R0h1R1h1": 1,
                "R0h0R1h0": 32
            },
            "Basic_timeAvg": {
                "R0h1R1h1": 47,
                "R0h0R1h0": 47
            }
        }
    },
    "PerTrafficStream": {},
    "ANOVA": {
        "samples": 46,
        "groundtruth": 15
    },
    "Kruskal": {
        "samples": 44,
        "groundtruth": 14
    },
    "EndToEndMean": {
        "R0h1R1h1": [
            660097393.326682,
            663327943.7673556,
            663083628.2633598,
            662603249.9484777,
            660795810.953507,
            661706717.2985843,
            662038877.6521522,
            660574659.855901,
            661255494.4325488,
            663393995.1241432,
            664883062.394717,
            668436442.3639716,
            666927406.7459824,
            668539552.7916782,
            658975633.0066158,
            663087515.1317949,
            666351701.4032089,
            660679941.0903426,
            664165809.5534738,
            670858796.6261438,
            662011395.2324685,
            662749711.7316502,
            656298608.245915,
            657123555.7194637,
            656900303.2673043,
            668909800.0307072,
            664363817.0857655,
            663532214.482861,
            658320945.3568773,
            662582629.9667674,
            663900166.2035553,
            667111969.1848477,
            660022798.076738,
            660665171.1418458,
            662487143.7959756,
            666641560.633828,
            661363084.701423,
            662239829.1343555,
            664730562.3245245,
            667506451.2937548,
            658456925.0875565,
            664883264.657312,
            657959349.2920766,
            664291768.906917,
            665287028.2342197,
            668610769.3013517,
            661264342.5361416,
            665843435.3005589,
            659450460.1485775,
            669256527.8131377
        ],
        "R0h0R1h0": [
            662891049.832549,
            663048532.9714772,
            664512953.4832864,
            665824201.4908147,
            665759239.3603692,
            665285160.2036893,
            663819958.4671758,
            663209878.0441934,
            663131847.4274856,
            664448836.8495115,
            666457399.5791075,
            671970199.5088638,
            669219544.3796506,
            671674404.5133679,
            659588786.3725055,
            663047981.0224141,
            667311319.9040476,
            661582299.3655314,
            666589947.2391218,
            672395964.8805174,
            662453200.399105,
            664397093.510063,
            659422317.4938604,
            659692783.014126,
            659430560.084997,
            670047680.169721,
            667478999.6822306,
            667653371.2694405,
            660131302.1721113,
            663595920.5657867,
            664807502.4544708,
            669223671.284264,
            663386889.8248839,
            662172028.8678405,
            662969126.6522597,
            669125061.6397134,
            663570107.3136597,
            665764395.2831541,
            667813879.4652052,
            669723639.3938525,
            663045316.1263639,
            668028716.11241,
            660489167.486668,
            665887711.0435972,
            665679758.6166838,
            669771254.2214215,
            663597212.000403,
            667626207.0287437,
            662533821.0923016,
            669151889.3003534
        ]
    },
    "EndToEndStd": {
        "R0h1R1h1": [
            30775506.117838755,
            30609964.877803095,
            28005898.751395494,
            24471805.97425623,
            30412495.548317067,
            27194371.525213536,
            30775973.527332745,
            28030223.998733733,
            25884445.99127595,
            26167286.014791835,
            27753511.751979407,
            25525501.82550056,
            22202481.987613365,
            31756129.114632647,
            25055775.765360557,
            31458838.212569926,
            30175898.313549772,
            32623461.87560595,
            26272298.63270862,
            27154349.06609011,
            24055136.278069522,
            29771645.241863344,
            32718787.521199673,
            29649926.48262574,
            28365179.93865376,
            22912351.318543922,
            28254463.0695724,
            31815424.767302584,
            28498543.94609049,
            28295900.72109408,
            29254019.349729758,
            29066026.109739266,
            28752841.75703467,
            23875607.34814011,
            25528200.291007843,
            24902358.4503568,
            27127294.483543552,
            27931114.881656844,
            32829339.73864612,
            26324585.28936886,
            29652226.37602533,
            25807229.429544393,
            24972649.48537392,
            26172933.68093786,
            23527948.931955874,
            25143692.290384613,
            27229258.391653854,
            27662152.80960939,
            25909028.853554163,
            23293903.9244678
        ],
        "R0h0R1h0": [
            28756548.800413106,
            31586901.207120948,
            27688404.459084883,
            24968884.599801213,
            27664767.22128406,
            25711691.703155022,
            30872363.15820894,
            29646612.93641224,
            28303109.284082677,
            26592339.44648293,
            28001539.691109348,
            24103475.332928497,
            21439113.600038487,
            31497304.84662338,
            25306074.602532424,
            29978823.752760194,
            30051576.972633433,
            28574482.103921097,
            26968093.485635124,
            26197978.312022362,
            24870865.203834288,
            29977496.658502843,
            30891388.801154252,
            29702291.69380674,
            27574410.94931681,
            24932748.72819268,
            29367340.4138787,
            31320191.739534415,
            29238432.601625606,
            28703439.330480695,
            28861934.293852583,
            28200471.35449569,
            28323458.882801693,
            24726126.91831767,
            26861743.678020626,
            25646999.382320233,
            28206993.19410014,
            27774602.629242923,
            31488211.012052186,
            25895315.756397687,
            30563952.998727128,
            27043913.055549014,
            25097791.060839325,
            27317362.90249913,
            23761185.453176323,
            25089151.356641766,
            27114786.255638495,
            26813972.35486599,
            25749199.50568447,
            23631961.27965151
        ]
    },