{
    "Overall": {
        "samples": {
            "DominantAssumption": {
                "R0h1R1h1": 48,
                "R0h0R1h0": 47
            },
            "General": {
                "R0h1R1h1": 50,
                "R0h0R1h0": 50
            },
            "RelaxedDominantAssumption": {
                "R0h1R1h1": 48,
                "R0h0R1h0": 43
            },
            "Basic": {
                "R0h1R1h1": 3,
                "R0h0R1h0": 39
            },
            "Basic_timeAvg": {
                "R0h1R1h1": 48,
                "R0h0R1h0": 45
            }
        }
    },
    "PerTrafficStream": {},
    "ANOVA": {
        "samples": 45,
        "groundtruth": 15
    },
    "Kruskal": {
        "samples": 45,
        "groundtruth": 10
    },
    "EndToEndMean": {
        "R0h1R1h1": [
            660540152.7852979,
            662404868.8595432,
            664642242.2622449,
            658258025.6386619,
            667358694.0669144,
            665200972.3864365,
            661519949.0843501,
            665286755.8242198,
            666593293.2943679,
            665954202.0232267,
            669273109.1719503,
            664394271.087468,
            665914165.1181974,
            660259023.0,
            667624313.5096904,
            658533675.1873536,
            660094374.8383012,
            659249615.8238071,
            661775331.7920614,
            663572163.3300532,
            667754193.0210971,
            666310184.3045876,
            659776874.1217257,
            656478589.0364424,
            665886118.9941019,
            661955592.2351621,
            666672567.3475595,
            666635133.9569511,
            665674826.3230848,
            667569030.374337,
            661842361.5503459,
            660440157.0205064,
            663954454.885069,
            660529072.3076129,
            663177682.5597092,
            662921747.1209553,
            663371992.4438188,
            663581844.6060606,
            664597960.5976983,
            659358282.3499496,
            661024430.9564986,
            660812196.2918432,
            663115336.6238276,
            659675479.14375,
            657761698.1196327,
            661474492.1101036,
            667734932.3908397,
            665555153.4492495,
            656479243.7758799,
            661558699.1671331
        ],
        "R0h0R1h0": [
            661920792.3357794,
            664599744.8810309,
            666432306.4484861,
            660748726.0684189,
            669258589.7208452,
            665973440.6559074,
            664120089.8675671,
            666014710.0421747,
            668277091.8456225,
            665104013.5545474,
            670666558.4393313,
            666994531.9875427,
            666704627.1951116,
            661181012.2415013,
            669213289.5614703,
            660314394.7260435,
            662374158.3214285,
            659482394.7501475,
            663110194.4234034,
            665706590.9706997,
            669179679.7730683,
            668277177.5650846,
            661941334.7359651,
            660055845.1551069,
            667517262.5282868,
            664746799.1249232,
            668872463.2890021,
            668630177.3065604,
            668883490.0810864,
            668652246.1111112,
            664527655.697069,
            662445841.1325371,
            666366171.8912473,
            663915106.457066,
            664161675.2948794,
            665171451.0269184,
            664270077.0322311,
            664533620.8035059,
            666775499.2167734,
            661446023.3820591,
            661896839.5204703,
            663999894.3483845,
            666519342.652042,
            661585709.3286262,
            659053231.5564315,
            664402279.764867,
            669898757.7854706,
            667701005.4592518,
            658489709.2922951,
            664094526.2047374
        ]
    },
    "EndToEndStd": {
        "R0h1R1h1": [
            23650655.828921724,
            29718688.984135434,
            27507736.491788357,
            31323275.4157757,
            27736516.663532734,
            29704954.60612891,
            28022196.703172747,
            24179358.74045329,
            23616828.365309816,
            29166613.594642516,
            24792784.08097198,
            26812840.652975272,
            24635186.82665284,
            24896953.45790664,
            22893200.55862971,
            28625825.017265413,
            26987630.055815022,
            27367853.232714243,
            24974244.81482272,
            24116521.21312058,
            23196845.624025967,
            26928666.739134442,
            34182300.081295684,
            29626191.97520569,
            27311154.10965139,
            31175326.172756214,
            21815429.55636826,
            27243861.142261233,
            30860883.521184374,
            21445226.285455067,
            31372153.755701233,
            31299888.818776242,
            26194292.16982197,
            34696713.38519656,
            22148519.566914488,
            28402006.94288903,
            27452881.973332535,
            22403830.065023284,
            28110608.243521523,
            31221191.919550315,
            26915497.683559313,
            29868997.04066438,
            29042268.66116652,
            26063077.90326543,
            28069200.849328097,
            26867463.46960631,
            24827263.473929238,
            21887430.601747062,
            32486555.220609277,
            28479721.76343546
        ],
        "R0h0R1h0": [
            23071945.304201856,
            28954539.934203584,
            25134196.359609287,
            30518360.942683905,
            27829170.375223443,
            30652410.938438762,
            26838566.10843936,
            25161471.807583794,
            27355200.30349267,
            30458729.69593581,
            22444398.09495125,
            26501810.170169894,
            24822387.163873564,
            26955037.84965275,
            23137818.521399107,
            28495815.43602419,
            28154786.56930434,
            27782215.20748244,
            24995287.256003495,
            19908900.98636504,
            24613102.883099176,
            25514839.4680773,
            34591772.66769626,
            31080215.768248904,
            27042068.192887798,
            32500761.713974047,
            22880032.64969887,
            27801396.33511489,
            30234362.650498945,
            21501562.526582018,
            30808973.110811938,
            32167217.724241808,
            26859677.01903649,
            33839204.54021521,
            22188793.730960764,
            27388150.22796854,
            27895211.41710469,
            25013405.573551055,
            27829453.856309544,
            30211282.755602434,
            27500995.96995155,
            29292640.467974607,
            29535247.141484372,
            27380705.733222146,
            29370889.364536185,
            27437224.77438171,
            23657178.01083246,
            22399276.150388304,
            33998175.71335948,
            29781972.809668746
        ]
    },