{
    "MaxEpsilonIneqPackets": {
        "R0H0R2H0": {
            "A0": 0,
            "A1": 0
        },
        "R0H1R2H1": {
            "A0": 0,
            "A1": 0
        },
        "R0H2R2H2": {
            "A0": 0,
            "A1": 0
        },
        "R0H3R2H3": {
            "A0": 0,
            "A1": 0
        },
        "R0H4R2H4": {
            "A0": 0,
            "A1": 0
        },
        "R0H5R2H5": {
            "A0": 0,
            "A1": 0
        },
        "R1H0R3H0": {
            "A0": 0,
            "A1": 0
        },
        "R1H1R3H1": {
            "A0": 0,
            "A1": 0
        },
        "R1H2R3H2": {
            "A0": 0,
            "A1": 0
        },
        "R1H3R3H3": {
            "A0": 0,
            "A1": 0
        },
        "R1H4R3H4": {
            "A0": 0,
            "A1": 0
        },
        "R1H5R3H5": {
            "A0": 0,
            "A1": 0
        }
    },
    "DropRate": [
        0.1773919641809293
    ],
    "EndToEndSuccessProbPackets": {
        "R0H0R2H0": {
            "A0": [
                0.6228840625998084
            ],
            "A1": [
                0.6035914880151887
            ]
        },
        "R0H1R2H1": {
            "A0": [
                0.7385681293302541
            ],
            "A1": [
                0.709083119108826
            ]
        },
        "R0H2R2H2": {
            "A0": [
                0.6550393242062336
            ],
            "A1": [
                0.6521300731031006
            ]
        },
        "R0H3R2H3": {
            "A0": [
                0.6682093005896843
            ],
            "A1": [
                0.6792473961249861
            ]
        },
        "R0H4R2H4": {
            "A0": [
                0.6902994207391695
            ],
            "A1": [
                0.6593150169363944
            ]
        },
        "R0H5R2H5": {
            "A0": [
                0.748202875399361
            ],
            "A1": [
                0.7440500040067313
            ]
        },
        "R1H0R3H0": {
            "A0": [
                0.6676792709249341
            ],
            "A1": [
                0.6364888650799725
            ]
        },
        "R1H1R3H1": {
            "A0": [
                0.7069814163736816
            ],
            "A1": [
                0.7367480180320224
            ]
        },
        "R1H2R3H2": {
            "A0": [
                0.6456712672521958
            ],
            "A1": [
                0.6654225141833383
            ]
        },
        "R1H3R3H3": {
            "A0": [
                0.7305045871559632
            ],
            "A1": [
                0.7484577114427861
            ]
        },
        "R1H4R3H4": {
            "A0": [
                0.6035036719706242
            ],
            "A1": [
                0.608927704997574
            ]
        },
        "R1H5R3H5": {
            "A0": [
                0.7364739592111916
            ],
            "A1": [
                0.7328659717738216
            ]
        }
    },
    "maxEpsilon": {
        "R0H0R2H0": {
            "A0": [
                0.01478235017170475
            ],
            "A1": [
                0.01478235017170475
            ]
        },
        "R0H1R2H1": {
            "A0": [
                0.007953059422424379
            ],
            "A1": [
                0.008248705445046212
            ]
        },
        "R0H2R2H2": {
            "A0": [
                0.01239749537073711
            ],
            "A1": [
                0.01239749537073711
            ]
        },
        "R0H3R2H3": {
            "A0": [
                0.009692609822956754
            ],
            "A1": [
                0.009692609822956754
            ]
        },
        "R0H4R2H4": {
            "A0": [
                0.011151224682207946
            ],
            "A1": [
                0.011151224682207946
            ]
        },
        "R0H5R2H5": {
            "A0": [
                0.007953059422424379
            ],
            "A1": [
                0.008248705445046212
            ]
        },
        "R1H0R3H0": {
            "A0": [
                0.011772272615450639
            ],
            "A1": [
                0.011772272615450639
            ]
        },
        "R1H1R3H1": {
            "A0": [
                0.008317482164392324
            ],
            "A1": [
                0.008175860221281653
            ]
        },
        "R1H2R3H2": {
            "A0": [
                0.011239103364367982
            ],
            "A1": [
                0.011239103364367982
            ]
        },
        "R1H3R3H3": {
            "A0": [
                0.008317482164392324
            ],
            "A1": [
                0.008175860221281653
            ]
        },
        "R1H4R3H4": {
            "A0": [
                0.014399727063679407
            ],
            "A1": [
                0.014399727063679407
            ]
        },
        "R1H5R3H5": {
            "A0": [
                0.008317482164392324
            ],
            "A1": [
                0.008175860221281653
            ]
        }
    },
    "experiments": 1
}