{
    "MaxEpsilonIneqPackets": {
        "R0H0R2H0": {
            "A0": 0,
            "A1": 0
        },
        "R0H1R2H1": {
            "A0": 0,
            "A1": 0
        },
        "R0H2R2H2": {
            "A0": 0,
            "A1": 0
        },
        "R0H3R2H3": {
            "A0": 0,
            "A1": 0
        },
        "R0H4R2H4": {
            "A0": 0,
            "A1": 0
        },
        "R0H5R2H5": {
            "A0": 0,
            "A1": 0
        },
        "R1H0R3H0": {
            "A0": 0,
            "A1": 0
        },
        "R1H1R3H1": {
            "A0": 0,
            "A1": 0
        },
        "R1H2R3H2": {
            "A0": 0,
            "A1": 0
        },
        "R1H3R3H3": {
            "A0": 0,
            "A1": 0
        },
        "R1H4R3H4": {
            "A0": 0,
            "A1": 0
        },
        "R1H5R3H5": {
            "A0": 0,
            "A1": 0
        }
    },
    "DropRate": [
        0.20721167599047594
    ],
    "EndToEndSuccessProbPackets": {
        "R0H0R2H0": {
            "A0": [
                0.7138958203368684
            ],
            "A1": [
                0.7019401778496361
            ]
        },
        "R0H1R2H1": {
            "A0": [
                0.7145816072908037
            ],
            "A1": [
                0.7051548338368581
            ]
        },
        "R0H2R2H2": {
            "A0": [
                0.7092795909159272
            ],
            "A1": [
                0.6954623287671233
            ]
        },
        "R0H3R2H3": {
            "A0": [
                0.7187373204576808
            ],
            "A1": [
                0.7010592389172224
            ]
        },
        "R0H4R2H4": {
            "A0": [
                0.6841341640351626
            ],
            "A1": [
                0.6753946569520339
            ]
        },
        "R0H5R2H5": {
            "A0": [
                0.7108558418710546
            ],
            "A1": [
                0.7109504312222319
            ]
        },
        "R1H0R3H0": {
            "A0": [
                0.7068565750248427
            ],
            "A1": [
                0.6985153608702044
            ]
        },
        "R1H1R3H1": {
            "A0": [
                0.7003704510786664
            ],
            "A1": [
                0.7211407876867361
            ]
        },
        "R1H2R3H2": {
            "A0": [
                0.6970537827470824
            ],
            "A1": [
                0.7121505459614342
            ]
        },
        "R1H3R3H3": {
            "A0": [
                0.7044255699597676
            ],
            "A1": [
                0.7258134022839905
            ]
        },
        "R1H4R3H4": {
            "A0": [
                0.6937447999394902
            ],
            "A1": [
                0.7077783259332346
            ]
        },
        "R1H5R3H5": {
            "A0": [
                0.715079916608756
            ],
            "A1": [
                0.7124099121334782
            ]
        }
    },
    "maxEpsilon": {
        "R0H0R2H0": {
            "A0": [
                0.008533291356532906
            ],
            "A1": [
                0.008904246660177301
            ]
        },
        "R0H1R2H1": {
            "A0": [
                0.008533291356532906
            ],
            "A1": [
                0.008904246660177301
            ]
        },
        "R0H2R2H2": {
            "A0": [
                0.008533291356532906
            ],
            "A1": [
                0.008904246660177301
            ]
        },
        "R0H3R2H3": {
            "A0": [
                0.008533291356532906
            ],
            "A1": [
                0.008904246660177301
            ]
        },
        "R0H4R2H4": {
            "A0": [
                0.008533291356532906
            ],
            "A1": [
                0.008904246660177301
            ]
        },
        "R0H5R2H5": {
            "A0": [
                0.008533291356532906
            ],
            "A1": [
                0.008904246660177301
            ]
        },
        "R1H0R3H0": {
            "A0": [
                0.008139260294144373
            ],
            "A1": [
                0.008084419647925948
            ]
        },
        "R1H1R3H1": {
            "A0": [
                0.008139260294144373
            ],
            "A1": [
                0.008084419647925948
            ]
        },
        "R1H2R3H2": {
            "A0": [
                0.008139260294144373
            ],
            "A1": [
                0.008084419647925948
            ]
        },
        "R1H3R3H3": {
            "A0": [
                0.008139260294144373
            ],
            "A1": [
                0.008084419647925948
            ]
        },
        "R1H4R3H4": {
            "A0": [
                0.008139260294144373
            ],
            "A1": [
                0.008084419647925948
            ]
        },
        "R1H5R3H5": {
            "A0": [
                0.008139260294144373
            ],
            "A1": [
                0.008084419647925948
            ]
        }
    },
    "experiments": 1
}