{
    "MaxEpsilonIneqDelay": {
        "A0D0": {
            "A0": 28
        }
    },
    "MaxEpsilonIneqSuccessProb": {
        "E2E_eventAvg": {
            "A0D0": {
                "A0": 0
            }
        },
        "sentTime_est": {
            "A0D0": {
                "A0": 1
            }
        },
        "enqueueTime_est": {
            "A0D0": {
                "A0": 26
            }
        },
        "poisson_sentTime_est": {
            "0.5": {
                "A0D0": {
                    "A0": 1
                }
            }
        }
    },
    "EndToEndDelayMean": {
        "A0D0": {
            "A0": [
                54316,
                54094,
                48166,
                49466,
                52540,
                55699,
                56840,
                53117,
                52509,
                53514,
                44845,
                51028,
                48541,
                48064,
                49099,
                44008,
                50124,
                52574,
                52832,
                46104,
                49885,
                57964,
                48047,
                52607,
                52369,
                47600,
                51449,
                49190,
                46998,
                46095
            ]
        }
    },
    "EndToEndDelayStd": {
        "A0D0": {
            "A0": [
                3403350922,
                3005866806,
                3103733579,
                2965651599,
                3226024817,
                3428994037,
                3325623663,
                3255715695,
                3185674476,
                3308038707,
                2732729290,
                3360141328,
                3002951151,
                2975980058,
                2948249870,
                2801421948,
                3119386290,
                3301690591,
                3423898840,
                2886166309,
                3076868448,
                3267904685,
                2974006928,
                3618502542,
                3246373849,
                3054215780,
                3267829056,
                3134325574,
                3012995966,
                2933164186
            ]
        }
    },
    "EndToEndSuccessProb": {
        "E2E_eventAvg": {
            "A0D0": {
                "A0": [
                    0.9757851834092544,
                    0.9815102920057444,
                    0.9817390252751239,
                    0.9828998073217726,
                    0.9810091573965952,
                    0.9792872918283293,
                    0.976721919693615,
                    0.9790424570912376,
                    0.9808,
                    0.979499263622975,
                    0.9867441438169602,
                    0.9791543640014173,
                    0.9849853515625,
                    0.9807253512669629,
                    0.9825571151700241,
                    0.9853151010701546,
                    0.9803757828810021,
                    0.9767314034444852,
                    0.9738488115803896,
                    0.9851457913075371,
                    0.9814724820799416,
                    0.9797120816376116,
                    0.9818362159816503,
                    0.9757856074003537,
                    0.9792640536977106,
                    0.9817680220702891,
                    0.9791197057776723,
                    0.982869122491764,
                    0.9825598581141,
                    0.9830602099060947
                ]
            }
        },
        "sentTime_est": {
            "A0D0": {
                "A0": [
                    0.9699112552327437,
                    0.9767351909134884,
                    0.9790288087555209,
                    0.9792770049433398,
                    0.9773114019683031,
                    0.6087142041278575,
                    0.606822894614161,
                    0.60872524225046,
                    0.6102548904916312,
                    0.6092388261106764,
                    0.6149244559986984,
                    0.6087648767504872,
                    0.6137995689815116,
                    0.6100073946306386,
                    0.6117371884940279,
                    0.6136264213335205,
                    0.6101752031688027,
                    0.6073197136466738,
                    0.6053207735498531,
                    0.6140560557814339,
                    0.6108204216710701,
                    0.609364656755432,
                    0.612292775427387,
                    0.6082755000325478,
                    0.6087502835362384,
                    0.6111843355060349,
                    0.6088014713874284,
                    0.6119515323020663,
                    0.6115580053906436,
                    0.6120963577385856
                ]
            }
        },
        "enqueueTime_est": {
            "A0D0": {
                "A0": [
                    0.9522748,
                    0.9618259,
                    0.9646874,
                    0.9658877,
                    0.9608112,
                    0.9573952,
                    0.9536851,
                    0.9576401999999999,
                    0.9624116,
                    0.9586331,
                    0.9742143,
                    0.957999,
                    0.9679872,
                    0.9639616,
                    0.9659451,
                    0.9697838,
                    0.963434,
                    0.9540755,
                    0.951792,
                    0.9698501,
                    0.9612889,
                    0.9584547,
                    0.9658466,
                    0.9520564,
                    0.9580119,
                    0.9643581999999999,
                    0.9580112,
                    0.9652133,
                    0.964955,
                    0.9654481
                ]
            }
        },
        "poisson_sentTime_est": {
            "0.5": {
                "A0D0": {
                    "A0": [
                        0.9709721860862611,
                        0.9749957758739147,
                        0.9848427696031412,
                        0.9800866022207052,
                        0.9811113101162161,
                        0.9772921342120395,
                        0.9751052067367167,
                        0.977460072969069,
                        0.9772938022492026,
                        0.976530481110554,
                        0.9857586851866075,
                        0.9735033419324886,
                        0.9827175978731623,
                        0.9794306004837103,
                        0.9808452523485972,
                        0.9838114194539939,
                        0.9792251627336057,
                        0.970837198206067,
                        0.9685787439923792,
                        0.9858674102606831,
                        0.9817720468991137,
                        0.9780678277871026,
                        0.9785709957142854,
                        0.9717563444989855,
                        0.9759271085918898,
                        0.9830948122661717,
                        0.976683069694879,
                        0.9821999764815176,
                        0.9785574271295459,
                        0.9800421382921403
                    ]
                }
            }
        }
    },