{
    "MaxEpsilonIneqDelay": {
        "A0D0": {
            "A0": 29
        }
    },
    "MaxEpsilonIneqSuccessProb": {
        "E2E_eventAvg": {
            "A0D0": {
                "A0": 0
            }
        },
        "sentTime_est": {
            "A0D0": {
                "A0": 0
            }
        },
        "enqueueTime_est": {
            "A0D0": {
                "A0": 26
            }
        },
        "poisson_sentTime_est": {
            "0.5": {
                "A0D0": {
                    "A0": 0
                }
            }
        }
    },
    "EndToEndDelayMean": {
        "A0D0": {
            "A0": [
                46296,
                49932,
                41913,
                49654,
                46623,
                48100,
                48004,
                48810,
                48747,
                46662,
                44983,
                44736,
                47130,
                45916,
                45303,
                42304,
                44525,
                45125,
                43732,
                45479,
                43924,
                47943,
                39348,
                40363,
                49720,
                47802,
                48944,
                38089,
                42602,
                44335
            ]
        }
    },
    "EndToEndDelayStd": {
        "A0D0": {
            "A0": [
                2658082603,
                2627525815,
                2478893486,
                2728512598,
                2840660079,
                2667267718,
                2759109999,
                2631347652,
                2710384000,
                2692257430,
                2640365084,
                2836044299,
                2501571339,
                2521059300,
                2600998407,
                2316507955,
                2597128347,
                2683187076,
                2580236719,
                2631444385,
                2655737953,
                2720106685,
                2288709543,
                2446161266,
                2632184953,
                2564393377,
                2898484745,
                2257993739,
                2484117295,
                2437031462
            ]
        }
    },
    "EndToEndSuccessProb": {
        "E2E_eventAvg": {
            "A0D0": {
                "A0": [
                    0.9873767732628036,
                    0.9867230642697685,
                    0.9889140541184885,
                    0.9859642835811981,
                    0.9838341240555263,
                    0.9858101288369056,
                    0.9837413804010882,
                    0.986861839342492,
                    0.9874491780095457,
                    0.9858527959021891,
                    0.9868460932290719,
                    0.9853726491757604,
                    0.9863351123101285,
                    0.9876825620270984,
                    0.9856548978277416,
                    0.9906514231273074,
                    0.9867959317195028,
                    0.9873291488238399,
                    0.9878041453890057,
                    0.988521973974957,
                    0.9856053634810044,
                    0.98579148703625,
                    0.9904620853080569,
                    0.9886066935675291,
                    0.9862973760932945,
                    0.9871150777232697,
                    0.9819995278564684,
                    0.9916340022231322,
                    0.9865350089766607,
                    0.9910435448706617
                ]
            }
        },
        "sentTime_est": {
            "A0D0": {
                "A0": [
                    0.9841856306162471,
                    0.9833575767848883,
                    0.9864593256507279,
                    0.9818102930410522,
                    0.9801130399688818,
                    0.6137812601276187,
                    0.6128542332043616,
                    0.6147893135210006,
                    0.6153658347321582,
                    0.6139905359873101,
                    0.6152806032742631,
                    0.6136187319554901,
                    0.6144332092608064,
                    0.6157908454784469,
                    0.6137373017568628,
                    0.6178374248160243,
                    0.6148289315342051,
                    0.6148760082942526,
                    0.6154493612635159,
                    0.6163703867455306,
                    0.6150374837772754,
                    0.6142055684404141,
                    0.6175118288953738,
                    0.6159975541622402,
                    0.6142846684003535,
                    0.6150533679767778,
                    0.6108222644966794,
                    0.6185724257269718,
                    0.6146117676168487,
                    0.6179836456239214
                ]
            }
        },
        "enqueueTime_est": {
            "A0D0": {
                "A0": [
                    0.9669283,
                    0.9663543,
                    0.9739736,
                    0.9661795,
                    0.9633536,
                    0.9652551,
                    0.9610094,
                    0.9689236,
                    0.9683566,
                    0.9647201,
                    0.969994,
                    0.9616505,
                    0.9699621,
                    0.9713853,
                    0.9672148,
                    0.9769863,
                    0.9673338,
                    0.9670815,
                    0.9700633,
                    0.9692931,
                    0.9661519,
                    0.9662492,
                    0.9767799,
                    0.9730162,
                    0.9674363,
                    0.9682868,
                    0.9578311,
                    0.9768925,
                    0.9686425,
                    0.9756372
                ]
            }
        },
        "poisson_sentTime_est": {
            "0.5": {
                "A0D0": {
                    "A0": [
                        0.9870175538577114,
                        0.9830220357298421,
                        0.9854960484912829,
                        0.9848377987204465,
                        0.9834405050129543,
                        0.9810397720722449,
                        0.9810399559643136,
                        0.9857882925907184,
                        0.9855004367973356,
                        0.9851214846738827,
                        0.9849958771171903,
                        0.9821758829020814,
                        0.9855210410124908,
                        0.9841370108978659,
                        0.9805264402909498,
                        0.9898451273086667,
                        0.9837894294836514,
                        0.9851753422268068,
                        0.9887646512498222,
                        0.9860676452264004,
                        0.9857804444352694,
                        0.9865128109602659,
                        0.9920998393930955,
                        0.9880802212752401,
                        0.9827418462486622,
                        0.9834096429663942,
                        0.9797002325755798,
                        0.9904178961627985,
                        0.9809038201947469,
                        0.9892486239101511
                    ]
                }
            }
        }
    },