{
    "MaxEpsilonIneqDelay": {
        "A0D0": {
            "A0": 1
        }
    },
    "MaxEpsilonIneqSuccessProb": {
        "E2E_eventAvg": {
            "A0D0": {
                "A0": 0
            }
        },
        "sentTime_est": {
            "A0D0": {
                "A0": 0
            }
        },
        "enqueueTime_est": {
            "A0D0": {
                "A0": 0
            }
        },
        "poisson_sentTime_est": {
            "0.5": {
                "A0D0": {
                    "A0": 0
                }
            }
        }
    },
    "EndToEndDelayMean": {
        "A0D0": {
            "A0": [
                35199.70297370087
            ]
        }
    },
    "EndToEndDelayStd": {
        "A0D0": {
            "A0": [
                38994.11746541797
            ]
        }
    },
    "EndToEndSuccessProb": {
        "E2E_eventAvg": {
            "A0D0": {
                "A0": [
                    0.9988440642700266
                ]
            }
        },
        "sentTime_est": {
            "A0D0": {
                "A0": [
                    0.9986042003633784
                ]
            }
        },
        "enqueueTime_est": {
            "A0D0": {
                "A0": [
                    0.99182975
                ]
            }
        },
        "poisson_sentTime_est": {
            "0.5": {
                "A0D0": {
                    "A0": [
                        0.9984525930525224
                    ]
                }
            }
        }
    },
    "DropRate": [
        0.0011559357299734134
    ],
    "maxEpsilonDelay": {
        "A0D0": {
            "A0": [
                0.046221837940864735
            ]
        }
    },
    "maxEpsilonSuccessProb": {
        "A0D0": {
            "A0": [
                0.0024423208646182915
            ]
        }
    },
    "errors": {
        "A0D0": {
            "A0": [
                0.020649555912894236
            ]
        }
    },
    "workLoad": {
        "A0D0": {
            "A0": [
                299462496.0
            ]
        }
    },
    "AverageWorkLoad": 24955208.0,
    "SD0Delaystd": [
        38775.12485323568
    ],
    "SD0DelayMean": [
        34487.55037395513
    ],
    "experiments": 1
}