{
    "Overall": {
        "samples": {
            "DominantAssumption": {
                "R0h1R1h1": 49,
                "R0h0R1h0": 49
            },
            "General": {
                "R0h1R1h1": 50,
                "R0h0R1h0": 50
            },
            "RelaxedDominantAssumption": {
                "R0h1R1h1": 49,
                "R0h0R1h0": 47
            },
            "Basic": {
                "R0h1R1h1": 13,
                "R0h0R1h0": 29
            },
            "Basic_timeAvg": {
                "R0h1R1h1": 49,
                "R0h0R1h0": 48
            }
        }
    },
    "PerTrafficStream": {},
    "ANOVA": {
        "samples": 45,
        "groundtruth": 32
    },
    "Kruskal": {
        "samples": 46,
        "groundtruth": 31
    },
    "EndToEndMean": {
        "R0h1R1h1": [
            617019408.3226985,
            623132619.671597,
            626438742.9095261,
            623848025.2348466,
            625953165.9584825,
            624554124.6188753,
            627066082.3782296,
            630579844.6488181,
            629492823.7848192,
            618372485.2169,
            630345767.8260251,
            622148611.6916747,
            624184255.7709773,
            628484340.3157642,
            623615361.9784653,
            622004951.229981,
            626081902.8096727,
            621886900.3820336,
            628299452.1319026,
            620128299.4276543,
            629089904.9715294,
            624806710.4998782,
            623381136.1794207,
            623367655.4954718,
            623651572.9114072,
            624087966.8418846,
            626621834.896023,
            631590575.0635333,
            621715878.5980464,
            621056117.8482708,
            621986441.6173077,
            625131768.9175867,
            626281701.2406763,
            623195441.2259455,
            630783419.034343,
            620891012.7112184,
            623734749.7711406,
            623472233.9642426,
            623818195.6625209,
            625671376.3951849,
            629552617.6004975,
            628428855.975701,
            620371741.4666508,
            624873026.7548904,
            629830567.5907831,
            618395623.4612482,
            621162138.4225012,
            626709700.4496803,
            622797722.583519,
            627181015.9692799
        ],
        "R0h0R1h0": [
            618608352.9226291,
            624121029.790494,
            625653203.5666354,
            623587995.8120818,
            626766639.3154069,
            625227199.9247963,
            626650316.8895426,
            631852145.9961439,
            629920373.0734069,
            619467293.5202895,
            632362123.7646264,
            623265758.7657121,
            623848136.8582779,
            629931461.6343821,
            624336549.1421357,
            622654452.0,
            630271875.5452025,
            622912308.8906109,
            628590431.4178019,
            620110719.4300991,
            631271689.3796723,
            627123987.3914558,
            623970312.6563995,
            623172177.8636364,
            624206365.9084616,
            626745450.0517305,
            627649938.3311294,
            632869405.3090537,
            625430545.4291195,
            623002048.9048518,
            623945155.5408295,
            626716869.817174,
            625795020.7432178,
            622883107.0990338,
            631704907.3986789,
            621661157.3282386,
            622947589.939394,
            624829744.6137364,
            624488402.5477171,
            627051997.2154495,
            629022358.5295097,
            629503228.0144295,
            621264144.1962527,
            625998723.4435978,
            631135065.1976452,
            621002409.8549803,
            621303358.4222306,
            628440973.0557065,
            623810850.9134846,
            628045629.3572471
        ]
    },
    "EndToEndStd": {
        "R0h1R1h1": [
            24334065.830825493,
            24133857.90190015,
            24906659.699444693,
            23023848.135372624,
            24006368.185465693,
            26669266.295000523,
            29084993.588272396,
            22743987.119777426,
            23903495.71707249,
            19641081.671535723,
            25668842.83882125,
            21994083.969169218,
            21287991.578946114,
            19713621.70260723,
            22102331.39096538,
            20758610.15188431,
            24217330.103377767,
            22597675.738704707,
            23000110.493466236,
            20438830.4751907,
            31272950.19108224,
            23275333.81472323,
            19398558.323280133,
            19918740.550678894,
            25243995.81211969,
            25156218.46452338,
            23726980.98573651,
            20623457.849627886,
            34253880.24061828,
            20334972.054239977,
            23093316.314438935,
            24889008.913102303,
            24834075.961141728,
            25154210.113579072,
            23444532.990282807,
            25595895.70809813,
            32311975.092568547,
            26652457.336763408,
            26070228.584739175,
            25372540.03332445,
            20030623.16229509,
            21816299.251896184,
            25077021.07708233,
            21927630.256795052,
            23536939.318433616,
            26871490.25632983,
            18106047.34463167,
            25051424.349606372,
            24234602.15129604,
            24827702.899750307
        ],
        "R0h0R1h0": [
            23017302.231766287,
            25320443.692198724,
            25609444.716523793,
            23092223.100761395,
            22760351.33265018,
            25072326.144707084,
            29770876.411393635,
            23773660.62944019,
            24366200.23696773,
            19756804.165028155,
            24078114.2469173,
            21683487.103650097,
            21563641.086259525,
            19965156.750550054,
            23126658.98237017,
            20221235.680309694,
            25735077.917362444,
            22410607.839836534,
            23428623.180710584,
            19933411.4565941,
            32383346.008646224,
            23168473.73120788,
            19706464.03723621,
            19900628.255399104,
            22670042.085285157,
            25109315.75945559,
            27400278.906871796,
            20784736.12065089,
            30521846.13745014,
            22263640.034351062,
            22407048.240514204,
            26077055.78195362,
            23120882.11224678,
            26183501.612274148,
            24567178.406481493,
            25014293.56710834,
            31364490.6719072,
            26048068.046616513,
            25485935.710314166,
            25746426.248247977,
            20529176.44170967,
            25267295.6354906,
            26587238.701543327,
            22119008.786608312,
            21501468.05738228,
            28960704.561478503,
            15723019.031932043,
            26253175.19651508,
            23985229.070383217,
            24468124.388927642
        ]
    },