{
    "Overall": {
        "samples": {
            "DominantAssumption": {
                "R0h1R1h1": 49,
                "R0h0R1h0": 47
            },
            "General": {
                "R0h1R1h1": 50,
                "R0h0R1h0": 50
            },
            "RelaxedDominantAssumption": {
                "R0h1R1h1": 48,
                "R0h0R1h0": 45
            },
            "Basic": {
                "R0h1R1h1": 13,
                "R0h0R1h0": 25
            },
            "Basic_timeAvg": {
                "R0h1R1h1": 49,
                "R0h0R1h0": 45
            }
        }
    },
    "PerTrafficStream": {},
    "ANOVA": {
        "samples": 45,
        "groundtruth": 31
    },
    "Kruskal": {
        "samples": 47,
        "groundtruth": 27
    },
    "EndToEndMean": {
        "R0h1R1h1": [
            622400933.2548372,
            625233991.8629514,
            621926153.7223727,
            629577484.8182033,
            627579077.492136,
            621428722.6282934,
            625048049.9130644,
            622732182.5410879,
            624022088.6094575,
            626293448.1343837,
            620902954.71972,
            624327332.3242587,
            623996436.0111856,
            622893068.8049252,
            622103166.340015,
            620567881.3284724,
            623091115.6981318,
            627173504.4752843,
            628543741.474476,
            618137755.3972337,
            620939521.792505,
            614334791.2272083,
            617788904.1101092,
            622588230.1684717,
            620586994.873625,
            622017501.2477043,
            620452708.3273737,
            620205371.8906024,
            619989255.0002359,
            631592725.362586,
            619814650.3855829,
            620418353.005868,
            622324619.1178023,
            622667984.1357487,
            621252806.4258939,
            620262409.0692576,
            626394444.2930057,
            624101363.6641221,
            620434274.0234618,
            628600049.0358329,
            624669962.2474028,
            624940570.6800761,
            626338346.03005,
            623214165.789622,
            632181495.6514109,
            626523819.3316749,
            632624088.1575196,
            617940000.5020272,
            626119906.4104227,
            625948704.1442833
        ],
        "R0h0R1h0": [
            622717462.9815539,
            625061395.4662625,
            624904027.3830615,
            628455977.0661694,
            629748756.4998116,
            624070717.1283784,
            626718280.482032,
            623754393.287964,
            624931322.744014,
            626823348.9450905,
            621088815.1206174,
            625358218.3716748,
            626304427.0,
            623839454.0823963,
            624933558.7527573,
            620638651.910606,
            623750236.498891,
            627934545.4503248,
            629930276.9451476,
            619702819.6058099,
            623216399.6774315,
            615527995.5658944,
            619331611.7969074,
            625706305.2881072,
            622267662.6446512,
            621873183.748825,
            619268282.2092011,
            620935739.4936268,
            620367283.0655121,
            632980131.5834124,
            619700060.9866667,
            620580684.8127384,
            623059807.61786,
            625313990.0763263,
            620961772.5422298,
            621564432.5054387,
            627411492.5859139,
            627193364.4199771,
            621384791.8137106,
            629810973.9547561,
            624903019.6176527,
            625306445.0811877,
            627379623.4816682,
            626626988.5143764,
            632305163.9112607,
            626708736.767286,
            635247570.4675128,
            617884734.3712834,
            627205667.1052532,
            626637755.2434596
        ]
    },
    "EndToEndStd": {
        "R0h1R1h1": [
            22452598.024640605,
            26704164.9324893,
            26223976.265338525,
            22159095.4142168,
            23270938.907111198,
            27504659.657315373,
            26058956.561042465,
            28203578.222580392,
            29643647.621797916,
            21163240.140221246,
            23824410.90608536,
            24627707.358094312,
            23185847.11232222,
            22629436.719975594,
            23690452.07897457,
            24096868.84585256,
            22028030.261496272,
            18024889.342082158,
            20960427.1761285,
            22205647.600586098,
            22770563.972061504,
            22346435.04065687,
            23589315.96491992,
            26561808.88908907,
            23633722.88928636,
            26367053.487272024,
            25343662.49049166,
            26062743.547061108,
            27342241.117679976,
            24619072.90344404,
            21233140.389529027,
            23185411.28888026,
            21977474.552805133,
            27957841.585699618,
            17576995.002692178,
            24510577.84701354,
            25033581.60934811,
            27565352.39565117,
            22635625.691978525,
            23338894.674678955,
            27419142.374677245,
            29228150.470978267,
            18290424.037916828,
            30489643.012861166,
            23018433.110022787,
            22300222.31336891,
            23889218.023623545,
            21087925.506119933,
            25245866.697009414,
            19303681.263396695
        ],
        "R0h0R1h0": [
            21586175.812912997,
            25269634.177871685,
            26762877.5517562,
            23821482.811617665,
            24726213.307031594,
            26693250.314878628,
            25379451.057106916,
            28273544.15313345,
            25708532.597743716,
            22152638.798195355,
            22932842.812817857,
            27079354.143764056,
            24150710.33544504,
            23285448.83176103,
            24259985.881717183,
            24625934.845616892,
            23946854.935442857,
            18126721.350146614,
            19937045.199548542,
            22010622.67066694,
            22836174.22113439,
            21252528.787676416,
            24508530.347834304,
            23808206.551651627,
            22320058.579448618,
            26238771.13048649,
            25233020.185103405,
            25634858.39710004,
            28984765.041226782,
            26277892.47180178,
            23825709.50670808,
            24571944.88655588,
            22205307.168697994,
            28702024.013297826,
            18093862.958248276,
            22771913.580862153,
            25224807.785198323,
            25827597.159400873,
            22439312.92830574,
            24879358.673998415,
            25434989.901394367,
            29750835.774357636,
            18718926.221964635,
            30143364.530065,
            22564698.515306503,
            24234153.951121263,
            22334442.99410197,
            22212722.731201127,
            25606107.195401553,
            20644535.78900563
        ]
    },