{
    "Overall": {
        "samples": {
            "DominantAssumption": {
                "R0h1R1h1": 49,
                "R0h0R1h0": 48
            },
            "General": {
                "R0h1R1h1": 50,
                "R0h0R1h0": 50
            },
            "RelaxedDominantAssumption": {
                "R0h1R1h1": 49,
                "R0h0R1h0": 47
            },
            "Basic": {
                "R0h1R1h1": 5,
                "R0h0R1h0": 31
            },
            "Basic_timeAvg": {
                "R0h1R1h1": 49,
                "R0h0R1h0": 48
            }
        }
    },
    "PerTrafficStream": {},
    "ANOVA": {
        "samples": 50,
        "groundtruth": 36
    },
    "Kruskal": {
        "samples": 49,
        "groundtruth": 36
    },
    "EndToEndMean": {
        "R0h1R1h1": [
            622187069.8861866,
            619811098.6590595,
            624395263.0032872,
            622673370.9885894,
            622647252.9707785,
            625369267.3380986,
            625095215.9174838,
            631928538.5158337,
            624399139.643562,
            625412535.3887028,
            623403856.3296523,
            622230706.9295206,
            625864578.4607152,
            622086846.2261355,
            627389798.524036,
            627601214.2714043,
            621865362.2097735,
            623426675.6361681,
            624916585.6879771,
            627360989.7696031,
            620789488.0825381,
            621408090.0415459,
            632878178.5795175,
            625869145.9340525,
            625990739.8178502,
            624153092.9148681,
            621778815.4219358,
            624562833.2434889,
            623294131.5476938,
            618999903.6281837,
            620139234.4783996,
            615670732.0931212,
            625614013.4335164,
            621372832.1984353,
            621829947.6546539,
            622120634.216155,
            623166395.2122449,
            617566283.0553722,
            620852834.8258607,
            624388449.4826745,
            625192329.5134815,
            620387341.1935096,
            627161182.7654529,
            628608949.9183772,
            626537512.5223384,
            626545747.1478199,
            625779416.4062344,
            623069351.878927,
            630340133.2449623,
            622767161.4026861
        ],
        "R0h0R1h0": [
            623103829.8667939,
            620292609.9519955,
            625001110.3967083,
            622020261.8450842,
            623889586.3184128,
            627166582.0795176,
            624771716.1214455,
            633497835.4616237,
            626236540.1195432,
            625764792.2542309,
            624581611.4642247,
            623551558.731112,
            626362430.4070525,
            622891284.3519762,
            628209441.3249217,
            628112686.4794085,
            621957926.6183249,
            623970106.715824,
            625996408.9444337,
            628424245.0450047,
            623079493.4475868,
            622509836.7432355,
            634419675.8862429,
            626913473.2942619,
            625901550.5968947,
            625240528.5108033,
            623257491.2459142,
            625413382.1016179,
            623352568.2362754,
            619856509.4489949,
            621625297.4194986,
            617949880.0807465,
            627020741.7218581,
            623413134.9737884,
            622413509.8105875,
            622617045.4317213,
            624549068.4519817,
            620836984.7660112,
            622005085.1073107,
            624507086.6689382,
            628616606.4038427,
            622251673.4622066,
            628608626.9392712,
            629617374.2443258,
            627365364.3874884,
            627220247.4630053,
            626320094.8660477,
            623367688.6054292,
            631679355.8687792,
            622426977.579236
        ]
    },
    "EndToEndStd": {
        "R0h1R1h1": [
            19830619.84380416,
            28536316.385039903,
            21960162.869517107,
            23505010.01619927,
            30650578.18514592,
            23421266.829374336,
            22058578.69207459,
            20874292.42875121,
            22511800.12269149,
            27508977.28950962,
            20146464.924256485,
            23430958.48640092,
            28727867.489171866,
            18125367.45826565,
            20267971.94013914,
            23535265.998168893,
            27877706.088247452,
            23743723.320030257,
            21978373.069351446,
            21472223.074186753,
            24596984.931106918,
            25476982.014939718,
            21534726.079899106,
            26546772.08533711,
            24957805.800811183,
            30257807.14901794,
            27102136.308067933,
            20523388.720898867,
            23090845.54820893,
            24404063.984617602,
            24882994.551107995,
            20354916.738227364,
            28603351.90409225,
            23153353.52013349,
            22496688.67320665,
            23574164.138247926,
            26818447.155407313,
            24347795.395739656,
            20206127.15669003,
            23308315.52494856,
            25094023.958750956,
            21638399.235057555,
            20250685.1177217,
            25372836.768031716,
            22009653.01849821,
            20236142.255742244,
            23273224.53638005,
            20924004.44316981,
            27284621.336424507,
            26770647.64589512
        ],
        "R0h0R1h0": [
            19383302.608323496,
            28517095.565649606,
            21635332.122984037,
            24807331.95305611,
            29309778.807189547,
            23536042.989003487,
            25519535.243425142,
            21183891.617296495,
            22305700.88402667,
            28134084.697934296,
            21212398.18412879,
            21921340.710609194,
            26924854.7415263,
            18369114.999573212,
            20706613.56472686,
            23044156.13544573,
            28740438.577427257,
            24282494.310735047,
            22069235.04589118,
            21325258.482727308,
            25435793.529904876,
            26225932.57350819,
            23326728.87560816,
            24735341.53634677,
            28301623.48222287,
            29458741.35016775,
            26136684.938481335,
            21118456.401074637,
            24268601.034661233,
            24041450.879085995,
            24729625.137838528,
            21120675.54720092,
            29102877.02711842,
            22486320.93904111,
            24193119.849458016,
            23822884.275773026,
            25504892.054490995,
            23196821.53080045,
            19375203.092587184,
            23662725.076719247,
            27112927.33739144,
            21587362.86574855,
            20638236.487782393,
            24537431.319260683,
            21793096.21615181,
            20674811.080198612,
            23324811.123295877,
            21247718.18150584,
            27651008.073773686,
            27202463.058042016
        ]
    },