{
    "Overall": {
        "samples": {
            "DominantAssumption": {
                "R0h1R1h1": 47,
                "R0h0R1h0": 50
            },
            "General": {
                "R0h1R1h1": 50,
                "R0h0R1h0": 50
            },
            "RelaxedDominantAssumption": {
                "R0h1R1h1": 46,
                "R0h0R1h0": 48
            },
            "Basic": {
                "R0h1R1h1": 10,
                "R0h0R1h0": 32
            },
            "Basic_timeAvg": {
                "R0h1R1h1": 46,
                "R0h0R1h0": 49
            }
        }
    },
    "PerTrafficStream": {},
    "ANOVA": {
        "samples": 49,
        "groundtruth": 32
    },
    "Kruskal": {
        "samples": 50,
        "groundtruth": 30
    },
    "EndToEndMean": {
        "R0h1R1h1": [
            624048794.1904762,
            627599961.4233218,
            626331868.8495762,
            622969542.689544,
            628631054.5048338,
            622628723.7723026,
            622385922.0263649,
            625647599.9195576,
            622560232.2541516,
            618846470.6221365,
            619539574.4182286,
            623397480.2103431,
            620390784.6642754,
            627093945.8237548,
            625593428.7438158,
            632183952.5494269,
            623935766.9535046,
            625371976.5773302,
            624213381.7866176,
            621711665.6737318,
            622507051.6153101,
            624559262.6443799,
            625682858.6210579,
            625442300.726138,
            622992688.8547939,
            623853780.4764373,
            621293422.8928752,
            625957285.6774988,
            624608908.9529496,
            620831863.9837188,
            626110857.4038507,
            625232790.159052,
            619445536.2207118,
            624992054.1422106,
            623731281.9826171,
            627772699.9414327,
            623891410.5001221,
            624607202.6441809,
            623691128.5317498,
            625465786.9365193,
            623720689.4148592,
            624359136.5695705,
            624880641.8609703,
            623544711.2260207,
            632726324.878339,
            622720931.8174976,
            621105813.2219642,
            623783888.4399503,
            626035763.046369,
            626609260.1506069
        ],
        "R0h0R1h0": [
            626410913.1269054,
            631839918.7481468,
            626787031.7313232,
            625032747.170077,
            628845642.9761443,
            623406286.2476085,
            622010621.3868554,
            627061914.9572014,
            622446217.5901881,
            621751444.1762196,
            620676295.9692667,
            624094111.1376216,
            624260042.75898,
            627759021.0961357,
            627884515.5030453,
            633021590.8050847,
            624971781.1734674,
            626345723.3509668,
            626280608.5083057,
            624597835.5424528,
            624189550.3310724,
            625476582.6661751,
            627475900.1863832,
            625921191.2339084,
            623759617.7888308,
            624869960.594692,
            623841475.7753384,
            627793680.2034249,
            625904801.668418,
            621252946.3381908,
            627716066.6532012,
            626219393.4367622,
            620564890.3246897,
            626490163.9611596,
            624938428.4095505,
            628858548.5161048,
            623886415.5636364,
            626923905.3102273,
            624666261.2517443,
            625738109.7940627,
            624180048.1100831,
            625446573.9740837,
            624887836.7109014,
            625015084.4021373,
            633150020.1955795,
            624990258.7015946,
            623252255.4862454,
            624159827.598849,
            626709766.8324695,
            627872636.4738432
        ]
    },
    "EndToEndStd": {
        "R0h1R1h1": [
            23887731.119124625,
            32937730.018556945,
            27883963.125625055,
            20966096.757612303,
            25788849.309073657,
            19609249.067118093,
            25765624.448510766,
            20358076.806256223,
            29421888.366047986,
            23698936.056476466,
            23011476.53547702,
            25974876.084150523,
            29175615.90769471,
            22103020.310634226,
            20287408.737326507,
            22020666.997901645,
            19257491.546930686,
            31754152.153571863,
            27556151.692113724,
            30201668.03548948,
            25267479.238112494,
            22302779.12038629,
            25663561.345329672,
            25462727.25928418,
            22146306.54735971,
            24680063.142775465,
            25407744.916449502,
            17741223.965221457,
            22599249.283090934,
            22967739.14548798,
            21618229.288686715,
            19266072.22576629,
            26796706.773973133,
            23527223.07371821,
            20512767.46848452,
            22611245.1841714,
            27060250.916276664,
            24339393.857020117,
            21543851.524345215,
            19563338.33244241,
            25985866.42940668,
            26104893.377678458,
            23636419.799182884,
            22426374.463037845,
            21323524.22800016,
            29048864.185971305,
            21295867.52454394,
            21237244.18318082,
            21104257.73715318,
            22919283.137801807
        ],
        "R0h0R1h0": [
            24232931.138382196,
            31782225.96230984,
            27414606.492025543,
            21569185.01048059,
            25207008.235083412,
            19090760.9927747,
            26582879.62341308,
            20015291.714372944,
            27619415.5685858,
            23957792.120925795,
            21382058.935166527,
            26255973.540226135,
            28609097.195009958,
            21803116.628736734,
            20577267.049848687,
            21198174.632059865,
            19073127.019716598,
            29869482.20016479,
            29415319.479949832,
            25856767.42441241,
            24013591.652456164,
            24503939.3098984,
            26063093.232915353,
            26280072.800509017,
            21008275.71982229,
            23479738.159637913,
            23743245.343581665,
            19976527.2586184,
            19435524.07984402,
            22792029.42140842,
            21229642.111503925,
            19650805.72280043,
            24063324.837729603,
            23075016.876328446,
            19975941.36918192,
            23666080.067881353,
            27645101.307083312,
            25689072.999361,
            22122928.618130688,
            19458113.59124221,
            28210251.973266944,
            24626399.006134648,
            25404012.282143164,
            24360372.60103109,
            25157833.762532808,
            28295095.59031279,
            20919780.34614267,
            21770399.513151947,
            21399529.52554641,
            24817884.163668945
        ]
    },