{
    "Overall": {
        "samples": {
            "DominantAssumption": {
                "R0h1R1h1": 50,
                "R0h0R1h0": 50
            },
            "General": {
                "R0h1R1h1": 50,
                "R0h0R1h0": 50
            },
            "RelaxedDominantAssumption": {
                "R0h1R1h1": 50,
                "R0h0R1h0": 50
            },
            "Basic": {
                "R0h1R1h1": 21,
                "R0h0R1h0": 2
            },
            "Basic_timeAvg": {
                "R0h1R1h1": 50,
                "R0h0R1h0": 50
            }
        }
    },
    "PerTrafficStream": {},
    "ANOVA": {
        "samples": 50,
        "groundtruth": 39
    },
    "Kruskal": {
        "samples": 48,
        "groundtruth": 38
    },
    "EndToEndMean": {
        "R0h1R1h1": [
            492376958.7161527,
            488890026.9684406,
            502098080.0436863,
            502457738.7723611,
            492904554.27064407,
            509146095.48918366,
            508902152.46608317,
            498099501.3593361,
            485475619.17420906,
            486444930.1792511,
            504526380.03777415,
            493285352.785799,
            487203898.62122786,
            502356847.81042266,
            489490388.12151235,
            508706813.8605414,
            491851594.85344654,
            501787294.22414845,
            491891631.26983494,
            493734970.19432795,
            497296791.9909484,
            503587636.53136384,
            502815263.269818,
            485189777.3812189,
            508691150.8523722,
            492337234.645006,
            489005009.3800995,
            489895944.1833811,
            493617257.3383459,
            499726476.7740733,
            510898110.7518371,
            488654501.7945957,
            486771009.1278087,
            490016262.68872845,
            488101365.5562655,
            496742837.0859828,
            492893423.9559543,
            488632505.3982843,
            495870153.3147167,
            502873325.6390108,
            490028092.5691901,
            498072838.05108607,
            503117050.48111624,
            495988608.3430701,
            488897336.6452351,
            490458905.88875306,
            482201507.81929207,
            494888106.7584521,
            509432845.12931925,
            508827357.2175878
        ],
        "R0h0R1h0": [
            494706516.03912836,
            491506632.55660814,
            504640357.45817405,
            503824616.53505474,
            496258125.9829493,
            510600258.2911372,
            511384948.95961994,
            501278934.566484,
            488077603.1671618,
            489767218.8755271,
            507114233.7872678,
            495173805.5588235,
            489454213.5330962,
            504541133.01391333,
            490716138.1414634,
            508907573.581877,
            493491840.7272,
            503273731.64913106,
            492544111.5546042,
            496347168.18081063,
            499261744.442967,
            505878704.75436926,
            504944597.5914775,
            487339469.43507427,
            510623060.5468923,
            493674374.36052924,
            491891210.2992448,
            490122417.7494022,
            496832159.3342288,
            501447569.9703483,
            513636606.50741374,
            490380481.22605,
            488499187.3525259,
            490859899.21988773,
            490274802.80121326,
            498720845.8280599,
            494967638.4645936,
            492053943.510983,
            499232798.84281296,
            505036041.06799495,
            493610027.7874115,
            498784123.00251573,
            504386944.0347509,
            498677112.90592116,
            491398140.48319197,
            492192030.34815276,
            483212552.71191484,
            496973636.13963616,
            512440541.36840445,
            509285712.9690287
        ]
    },
    "EndToEndStd": {
        "R0h1R1h1": [
            37336915.0173723,
            38033554.5119752,
            27629410.26988667,
            34678688.022899106,
            36912615.30793338,
            28349070.611332487,
            27018734.48935787,
            33848958.72836167,
            39925045.82978929,
            43234182.92227539,
            26606178.64025636,
            42577856.647169806,
            39410582.21197949,
            30778758.25730903,
            36079042.735810116,
            26468929.279384322,
            33299816.235003896,
            33814685.67355409,
            44542599.71730923,
            37171340.17051099,
            34103175.79978773,
            27490016.04665288,
            28898637.0394126,
            44046992.20991864,
            21675860.44934504,
            33110965.708664,
            42257819.7355169,
            42295150.04839055,
            41034489.74756148,
            24352808.940794025,
            27458594.822852477,
            37445726.16327062,
            34148747.42961337,
            39120283.05577504,
            38512942.63655975,
            34740683.17739892,
            38601805.57189395,
            43154725.79760786,
            34251501.31175021,
            32650837.70440492,
            35322835.489629276,
            30587450.07227078,
            31716773.205991868,
            35213196.308786005,
            39228021.82597666,
            35671398.67199493,
            39798612.731938444,
            36194792.73602441,
            28919632.546061423,
            29067190.110055503
        ],
        "R0h0R1h0": [
            37145992.10149656,
            38672511.02482944,
            26049616.37877914,
            34000854.99820711,
            36572825.85555797,
            29041478.978572965,
            28764748.468677495,
            32788575.62927775,
            40628033.02386005,
            42742088.38312865,
            26325544.429287817,
            42975712.05059949,
            38749549.50494532,
            30467958.302408267,
            37093201.46576306,
            26412880.44999675,
            33565624.94918084,
            33868009.0049643,
            44373744.73430016,
            36696734.00705461,
            34427050.02437495,
            26888911.350230217,
            28235448.361174356,
            44097510.05257197,
            22014833.954143792,
            31886666.68675733,
            41627105.052647136,
            41584885.01143656,
            40523820.65511764,
            23948706.944892768,
            26995801.569755338,
            36594619.73522462,
            33863177.17340387,
            38435432.65041175,
            38343387.69703203,
            34690564.82031044,
            38758770.611474834,
            43532056.728340775,
            35196936.26012844,
            33505881.83890177,
            35596253.14665821,
            30489060.49160146,
            32067392.953582898,
            34672210.15723325,
            37926894.65644808,
            35494772.499528036,
            39928332.984773256,
            36692921.95561702,
            28944696.04582676,
            29963687.94332081
        ]
    },