{
    "Overall": {
        "samples": {
            "DominantAssumption": {
                "R0h1R1h1": 50,
                "R0h0R1h0": 50
            },
            "General": {
                "R0h1R1h1": 50,
                "R0h0R1h0": 50
            },
            "RelaxedDominantAssumption": {
                "R0h1R1h1": 50,
                "R0h0R1h0": 50
            },
            "Basic": {
                "R0h1R1h1": 20,
                "R0h0R1h0": 2
            },
            "Basic_timeAvg": {
                "R0h1R1h1": 50,
                "R0h0R1h0": 50
            }
        }
    },
    "PerTrafficStream": {},
    "ANOVA": {
        "samples": 49,
        "groundtruth": 37
    },
    "Kruskal": {
        "samples": 49,
        "groundtruth": 37
    },
    "EndToEndMean": {
        "R0h1R1h1": [
            492839729.7835806,
            507768077.2398374,
            497059888.24401414,
            500632977.7851523,
            510720874.901599,
            496245730.0236074,
            499129017.1540957,
            493641588.06609374,
            497391830.57423675,
            488482901.90639174,
            484474606.0253601,
            498445699.51574886,
            501173863.7882065,
            502262039.5218354,
            495378010.0467496,
            479796832.1600637,
            511954720.9492829,
            499626921.4543623,
            490846159.59210795,
            491759719.5045909,
            488652960.5502312,
            498952890.6186617,
            492433928.8985045,
            500061670.4289802,
            500358679.57322437,
            498125728.1446912,
            506706937.61059254,
            488780137.0594584,
            492157871.6593564,
            498353898.1502665,
            494808321.02119577,
            507066957.5339512,
            501026590.71701175,
            495291332.9777411,
            499595112.8629328,
            508181220.4863467,
            480618355.3686776,
            493942328.5821261,
            515736410.93748724,
            494949706.8369632,
            505180974.32278216,
            501524135.5030575,
            497995086.42386585,
            512610994.77165186,
            498143178.4238751,
            489067699.4098867,
            499704530.15988725,
            527875557.9553004,
            501640265.38512534,
            500674484.20461977
        ],
        "R0h0R1h0": [
            493234569.17050767,
            509741159.91581273,
            499643425.96572864,
            501792139.92816365,
            512708524.9546302,
            499623775.61002654,
            499771433.8237272,
            495232321.30569464,
            499914331.31273293,
            488802386.2449857,
            486610580.3742379,
            501116353.3361783,
            503851891.301293,
            503511725.43794465,
            496730478.3973363,
            481423220.9781352,
            515272505.74248594,
            501376991.44694585,
            493170623.94868946,
            495007856.5857209,
            490870950.2841317,
            501546361.10617286,
            495513371.4623508,
            502321355.2599133,
            502715645.3403922,
            501457760.756765,
            508847625.8855166,
            489995943.3810638,
            493746499.6998435,
            499517238.4156405,
            494848405.86004406,
            508861754.82736844,
            502333509.17033565,
            496577467.79477376,
            501628356.86177737,
            509448556.479306,
            481680540.0696252,
            497686528.1117154,
            518069623.8643935,
            495758345.44314826,
            508650388.6694045,
            503290504.20596874,
            499208211.0191794,
            516845692.2225898,
            500679710.9976962,
            490993715.70896465,
            500993514.4501587,
            529719846.46954596,
            504946399.13825816,
            503830636.5777177
        ]
    },
    "EndToEndStd": {
        "R0h1R1h1": [
            34192480.66260393,
            25277140.299756628,
            33999799.032104835,
            36000325.304782845,
            22631088.056374393,
            35761380.543640204,
            31667416.576691214,
            37473118.969565295,
            33968722.546308614,
            42680698.051086955,
            43330042.45566257,
            30489231.68056476,
            27814093.20731989,
            35974601.572872706,
            35071485.75084862,
            39442958.94564748,
            24375039.521211304,
            29178261.56604545,
            39445408.423648804,
            40347691.51364731,
            37210777.93706077,
            32743266.4579865,
            35915663.60477141,
            32674132.915549293,
            29539352.075324383,
            33860162.54226901,
            35056119.27872119,
            39261193.09400927,
            42498894.231980965,
            35540282.05520505,
            33599348.143102884,
            25695294.239270344,
            29809299.336797908,
            33205872.94628798,
            30161646.632361867,
            29736092.801255003,
            41769469.94168251,
            41339683.45859888,
            16868748.390351187,
            36933268.12779916,
            25986560.391192343,
            28160757.701434586,
            32454197.224032994,
            22531247.597301986,
            33287290.310319036,
            36284024.32536155,
            33240501.217693746,
            20657816.370061476,
            32157004.456173357,
            31837735.1935691
        ],
        "R0h0R1h0": [
            34843033.69532448,
            25454351.216216873,
            31716927.372397102,
            36560808.12557182,
            23859801.53562654,
            35437679.1103254,
            30629100.404885836,
            37483988.00780664,
            33415659.967739116,
            42852318.50522897,
            42207087.52775782,
            30319508.968608208,
            28488360.029070675,
            35683414.55672159,
            35074085.79110829,
            38409210.07515034,
            24960062.52267923,
            28676972.9713255,
            39406997.98923714,
            40536316.24347829,
            37306851.628079094,
            32529979.988942023,
            35670485.627248056,
            33217561.47519676,
            30411624.069685802,
            33928271.364039525,
            33065921.315627787,
            37793503.48682479,
            42184128.48328396,
            34769321.077890344,
            31577188.700326264,
            26054128.843238194,
            30260447.069315318,
            32483244.869732395,
            28998583.598115183,
            30665440.351860296,
            41176831.6074061,
            40315612.139478914,
            17527635.158607833,
            36961714.111878544,
            26693852.752158858,
            27126174.646052305,
            32775752.899374284,
            23743549.41432041,
            33850794.801015355,
            35767929.96323317,
            31832164.55433138,
            21103109.940813586,
            31139362.033938516,
            31411421.94349762
        ]
    },