{
    "Overall": {
        "samples": {
            "DominantAssumption": {
                "R0h1R1h1": 50,
                "R0h0R1h0": 50
            },
            "General": {
                "R0h1R1h1": 50,
                "R0h0R1h0": 50
            },
            "RelaxedDominantAssumption": {
                "R0h1R1h1": 50,
                "R0h0R1h0": 50
            },
            "Basic": {
                "R0h1R1h1": 15,
                "R0h0R1h0": 4
            },
            "Basic_timeAvg": {
                "R0h1R1h1": 50,
                "R0h0R1h0": 50
            }
        }
    },
    "PerTrafficStream": {},
    "ANOVA": {
        "samples": 49,
        "groundtruth": 41
    },
    "Kruskal": {
        "samples": 48,
        "groundtruth": 41
    },
    "EndToEndMean": {
        "R0h1R1h1": [
            514826533.99157417,
            494036676.88803965,
            502104391.69769305,
            518404028.40538895,
            506508726.71586037,
            490735640.4797026,
            488532317.18061936,
            496993704.810041,
            492440487.16161615,
            506863932.1622503,
            499821772.709138,
            498903637.6538858,
            495246651.20971394,
            493749510.30706745,
            492695693.4466931,
            483760567.91876525,
            498566344.5119849,
            492212311.62419724,
            500356478.5816887,
            502236502.48971695,
            487564598.2198495,
            489507863.59042984,
            490774506.8696895,
            490941874.3463606,
            511694695.8,
            489944676.8244898,
            496974426.8859491,
            504051125.4206544,
            503307502.6138535,
            505787972.4483978,
            486500631.91093844,
            499819919.48938304,
            497772029.7056329,
            508815145.08446485,
            487993468.1150173,
            493778381.76269114,
            504433356.32365656,
            500192835.04189134,
            505789877.50227463,
            502564802.58364856,
            503805776.4677286,
            509851461.23510206,
            492125702.64201546,
            490479459.5280033,
            489122510.2699797,
            489116005.4093567,
            499218844.7578237,
            500709073.3287497,
            495404088.02414775,
            510595982.35841787
        ],
        "R0h0R1h0": [
            516430014.4488049,
            495864105.91441655,
            502738573.3356688,
            520358977.8921646,
            509089768.3519121,
            491536255.50842386,
            490320128.1615782,
            499987206.1160431,
            493985731.27635735,
            509138778.46988326,
            501038545.59266967,
            502635096.71150833,
            498488413.1394187,
            494628124.38821465,
            493506233.7171907,
            485331917.74285716,
            501426522.20053476,
            494453237.5424765,
            501447476.89740753,
            505723630.68010074,
            488435790.09566444,
            491626719.69849783,
            492666994.5132996,
            494286188.6049306,
            513699790.6931782,
            492209035.02023846,
            497790511.34274894,
            506743153.3892628,
            504512022.64786434,
            507923808.7452697,
            489302213.0464291,
            500248981.82380795,
            499450004.6549007,
            511036944.3970149,
            488788191.0805814,
            496592651.65153396,
            505630841.8006587,
            501724239.97198576,
            507675864.6538583,
            505271375.39045966,
            506084767.53245723,
            513084260.06552434,
            494972022.80034345,
            493382663.3895595,
            490756691.5341158,
            490602362.608778,
            502466277.9352028,
            502872477.70539814,
            497969900.371284,
            512139116.5736386
        ]
    },
    "EndToEndStd": {
        "R0h1R1h1": [
            22070691.315359563,
            36175501.333344705,
            32630072.191144172,
            19925635.590720657,
            29478640.578966003,
            34852521.62285059,
            35246316.0205225,
            37691008.66669237,
            35987848.666891344,
            32674175.037399314,
            38661170.196755625,
            37557637.51376315,
            33835524.3826992,
            33694129.48480036,
            39958231.51950537,
            40740974.73136371,
            32408360.97332885,
            34328362.04630566,
            33773518.84399444,
            33697660.16775632,
            34996597.33910457,
            33530000.31735804,
            33832127.94031315,
            38450264.735069826,
            25912925.14858459,
            40577206.00116361,
            33676939.58820368,
            30021455.641739607,
            31341437.55890505,
            27650560.16396952,
            43884494.46412053,
            39062303.12159703,
            29057278.990171034,
            23791448.276404314,
            42560121.66719549,
            34862237.50999555,
            25981597.91049159,
            28550732.435352784,
            28101698.147187866,
            32342560.319344793,
            32019164.721679058,
            30868015.98385056,
            39629889.911082596,
            41094296.09269465,
            34771092.31955744,
            41475774.6597975,
            30837888.861257598,
            35407929.17702292,
            44147992.99070873,
            27535535.97718242
        ],
        "R0h0R1h0": [
            21479325.39777328,
            37595077.09235704,
            32731493.63962332,
            18436255.51458744,
            29433423.085262507,
            35182523.23945595,
            35139946.18269885,
            37476986.66378694,
            35367246.250237346,
            32557149.811728198,
            38222322.80631937,
            37381602.97688568,
            33764657.39599237,
            34178491.834816165,
            39793920.854957394,
            39928354.004821524,
            30434197.538930133,
            34135464.84718425,
            33483254.056348097,
            32314961.818940282,
            34888087.117565125,
            32535234.142721284,
            33239811.638048895,
            36639601.3647176,
            24684828.087992884,
            40139297.48014536,
            34398687.33484089,
            31186207.52625232,
            31721946.26494715,
            27963574.89910646,
            44203263.50558122,
            38465150.118528,
            29190823.011242382,
            22989151.226227995,
            41168010.15683983,
            34927468.854959555,
            27772900.3091461,
            29953926.889798496,
            28951533.887361012,
            31777464.4248764,
            31790211.433097962,
            28820536.936189707,
            39139483.82047314,
            38950390.56796025,
            33753973.859486796,
            39753920.67860112,
            31138484.763282556,
            35472602.58221584,
            44534252.65676509,
            27323265.50591246
        ]
    },