{
    "MaxEpsilonIneqDelay": {
        "A0D0": {
            "A0": 6
        }
    },
    "MaxEpsilonIneqSuccessProb": {
        "E2E_eventAvg": {
            "A0D0": {
                "A0": 10
            }
        },
        "sentTime_est": {
            "A0D0": {
                "A0": 10
            }
        },
        "enqueueTime_est": {
            "A0D0": {
                "A0": 10
            }
        },
        "poisson_sentTime_est": {
            "0.5": {
                "A0D0": {
                    "A0": 10
                }
            }
        }
    },
    "MaxEpsilonIneqNonMarkingProb": {
        "E2E_eventAvg": {
            "A0D0": {
                "A0": 0
            }
        },
        "sentTime_est_events": {
            "A0D0": {
                "A0": 0
            }
        },
        "sentTime_est_probs": {
            "A0D0": {
                "A0": 0
            }
        },
        "possion_est_probs": {
            "A0D0": {
                "A0": 0
            }
        }
    },
    "EndToEndDelayMean": {
        "A0D0": {
            "A0": [
                8641.799219140235,
                8730.763349855864,
                8526.941012702098,
                8720.65852577664,
                8587.987020832577,
                8641.564433650487,
                8592.165930820216,
                8778.32810178266,
                8762.39636817747,
                8680.972768128298
            ]
        }
    },
    "EndToEndDelayStd": {
        "A0D0": {
            "A0": [
                10148.823575488976,
                10057.16529706254,
                10073.447524930394,
                9985.462688993,
                10077.944880768067,
                10050.261306620829,
                10137.349118633085,
                10046.206823179855,
                10032.276818469982,
                10016.3326174464
            ]
        }
    },
    "EndToEndSuccessProb": {
        "E2E_eventAvg": {
            "A0D0": {
                "A0": [
                    1.0,
                    1.0,
                    1.0,
                    1.0,
                    1.0,
                    1.0,
                    1.0,
                    1.0,
                    1.0,
                    1.0
                ]
            }
        },
        "sentTime_est": {
            "A0D0": {
                "A0": [
                    1.0,
                    1.0,
                    1.0,
                    1.0,
                    1.0,
                    1.0,
                    1.0,
                    1.0,
                    1.0,
                    1.0
                ]
            }
        },
        "enqueueTime_est": {
            "A0D0": {
                "A0": [
                    1.0,
                    1.0,
                    1.0,
                    1.0,
                    1.0,
                    1.0,
                    1.0,
                    1.0,
                    1.0,
                    1.0
                ]
            }
        },
        "poisson_sentTime_est": {
            "0.5": {
                "A0D0": {
                    "A0": [
                        1.0,
                        1.0,
                        1.0,
                        1.0,
                        1.0,
                        1.0,
                        1.0,
                        1.0,
                        1.0,
                        1.0
                    ]
                }
            }
        }
    },
    "EndToEndNonMarkingProb": {
        "E2E_eventAvg": {
            "A0D0": {
                "A0": [
                    0.9325061503904161,
                    0.9324259150099137,
                    0.9321371183717193,
                    0.932259796027912,
                    0.9332016232379325,
                    0.9325248423976921,
                    0.9328198545143346,
                    0.9326655238911506,
                    0.9318900380472643,
                    0.933208855694852
                ]
            }
        },
        "sentTime_est_events": {
            "A0D0": {
                "A0": [
                    0.9078074114337387,
                    0.9069033328201515,
                    0.9075663021541434,
                    0.9073269090346978,
                    0.9085655350134789,
                    0.9076093516933641,
                    0.9078747961396629,
                    0.9078608487364758,
                    0.9067500272294691,
                    0.9094084932076
                ]
            }
        },
        "sentTime_est_probs": {
            "A0D0": {
                "A0": [
                    0.6455375942713198,
                    0.6420438827451906,
                    0.6411791825586612,
                    0.6480051894651357,
                    0.6426877665876412,
                    0.6388145257530384,
                    0.6506580983569673,
                    0.6422466469468433,
                    0.6509927335922434,
                    0.6555875680286969
                ]
            }
        },
        "possion_est_probs": {
            "A0D0": {
                "A0": [
                    0.9175199472852477,
                    0.9155374973853855,
                    0.9173729614778896,
                    0.9183257469654528,
                    0.917227996501065,
                    0.9205820624038058,
                    0.9189155002492694,
                    0.9175578769726664,
                    0.9182653699795157,
                    0.9188847257725434
                ]
            }
        }
    },
    "DropRate": [
        0.0,
        0.0,
        0.0,
        0.0,
        0.0,
        0.0,
        0.0,
        0.0,
        0.0,
        0.0
    ],
    "maxEpsilonDelay": {
        "A0D0": {
            "A0": [
                0.03306496171844768,
                0.0318600616285925,
                0.03233794146128742,
                0.03338942678480797,
                0.033029992298301426,
                0.03267004914089702,
                0.03298482287168572,
                0.03206776671765798,
                0.0336131770658242,
                0.03292197687887734
            ]
        }
    },
    "maxEpsilonSuccessProb": {
        "A0D0": {
            "A0": [
                0.0,
                0.0,
                0.0,
                0.0,
                0.0,
                0.0,
                0.0,
                0.0,
                0.0,
                0.0
            ]
        }
    },
    "maxEpsilonNonMarkingProb": {
        "A0D0": {
            "A0": [
                0.0,
                0.0,
                0.0,
                0.0,
                0.0,
                0.0,
                0.0,
                0.0,
                0.0,
                0.0
            ]
        }
    },
    "errors": {
        "A0D0": {
            "A0": [
                0.01653468133534615,
                0.007966870970344193,
                0.010073917920807798,
                0.06393384360228478,
                0.04784560619257138,
                0.0130563174418835,
                0.02160549510885463,
                0.013313129869728914,
                0.05685776772701113,
                0.042517888353764674
            ]
        }
    },
    "workLoad": {
        "A0D0": {
            "A0": [
                0.299973712,
                0.299999168,
                0.299981376,
                0.29998976,
                0.299960992,
                0.299984864,
                0.299983072,
                0.29997992,
                0.299979664,
                0.299987968
            ]
        }
    },
    "AverageWorkLoad": 0.29998204959999997,