{
    "MaxEpsilonIneqDelay": {
        "A0D0": {
            "A0": 24
        }
    },
    "MaxEpsilonIneqSuccessProb": {
        "E2E_eventAvg": {
            "A0D0": {
                "A0": 1
            }
        },
        "sentTime_est": {
            "A0D0": {
                "A0": 1
            }
        },
        "enqueueTime_est": {
            "A0D0": {
                "A0": 1
            }
        },
        "poisson_sentTime_est": {
            "0.5": {
                "A0D0": {
                    "A0": 2
                }
            }
        }
    },
    "EndToEndDelayMean": {
        "A0D0": {
            "A0": [
                16757,
                18501,
                19362,
                17608,
                19977,
                16248,
                20906,
                19904,
                16606,
                20593,
                18896,
                16210,
                16129,
                15341,
                18444,
                17868,
                18499,
                15386,
                16879,
                17249,
                19528,
                15967,
                18639,
                16840,
                17137,
                18681,
                17296,
                17532,
                13893,
                18120
            ]
        }
    },
    "EndToEndDelayStd": {
        "A0D0": {
            "A0": [
                745757830,
                753119273,
                853749232,
                822134599,
                888854933,
                635016009,
                968952355,
                887176554,
                737876425,
                880495962,
                943669119,
                690055458,
                653097040,
                671247856,
                794028146,
                792440163,
                783901871,
                669969419,
                726683307,
                754879168,
                963362430,
                711976822,
                723385940,
                572600753,
                756015609,
                823301739,
                796559612,
                812725123,
                544910305,
                845047002
            ]
        }
    },
    "EndToEndSuccessProb": {
        "E2E_eventAvg": {
            "A0D0": {
                "A0": [
                    0.9994432071269488,
                    0.9993901323412819,
                    0.9995230714200548,
                    0.9993915794597226,
                    0.9991472773784871,
                    0.9997588182092252,
                    0.9993520645579314,
                    0.9994648272581317,
                    0.9992584811221652,
                    0.9992318600803592,
                    0.9992178098676293,
                    0.9996415770609319,
                    0.9997606223818073,
                    0.9995852589169333,
                    0.999363757302331,
                    0.9992763673641681,
                    0.999399110683812,
                    0.9994481912936849,
                    0.9991462373460178,
                    0.9996482795005569,
                    0.9989654333008764,
                    0.999688220988963,
                    0.9997612225405922,
                    0.9999408003788776,
                    0.9995094732969526,
                    0.9994610132950054,
                    0.9992737835875091,
                    0.9995147103427359,
                    0.9998193750376302,
                    0.9995095935756758
                ]
            }
        },
        "sentTime_est": {
            "A0D0": {
                "A0": [
                    0.9994186239084372,
                    0.9992826130968708,
                    0.9994906598490465,
                    0.9993032705572918,
                    0.9992109212146065,
                    0.9997567324367144,
                    0.9993458190201617,
                    0.9995161315200566,
                    0.9992033592547144,
                    0.999249944389801,
                    0.9992132093024793,
                    0.9996782146508196,
                    0.9997506713823013,
                    0.9995679939242665,
                    0.9994674384627709,
                    0.9994194856220385,
                    0.9993742819733927,
                    0.9994073616503222,
                    0.9991964682863442,
                    0.9996436341912003,
                    0.999187043483009,
                    0.9997426628278906,
                    0.9997048866489864,
                    0.99996186124486,
                    0.9995173646187604,
                    0.9995254167578665,
                    0.9990986745734453,
                    0.9994214653447538,
                    0.9998330577223656,
                    0.9994499363615981
                ]
            }
        },
        "enqueueTime_est": {
            "A0D0": {
                "A0": [
                    0.999418623,
                    0.999282612,
                    0.999561118,
                    0.999295369,
                    0.999210916,
                    0.999756731,
                    0.99934585,
                    0.999516095,
                    0.999200496,
                    0.999249951,
                    0.99921315,
                    0.999678238,
                    0.999750671,
                    0.999567961,
                    0.999467462,
                    0.999419485,
                    0.999374327,
                    0.99940739,
                    0.999238988,
                    0.999752752,
                    0.999187071,
                    0.999742663,
                    0.999704887,
                    0.9999618639,
                    0.999581183,
                    0.999525435,
                    0.999199762,
                    0.999421465,
                    0.999833057,
                    0.999449974
                ]
            }
        },
        "poisson_sentTime_est": {
            "0.5": {
                "A0D0": {
                    "A0": [
                        0.9994808428907216,
                        0.9996396047708346,
                        0.9993068439523181,
                        0.9998772447565385,
                        0.999300875857454,
                        1.0,
                        0.9994613938292287,
                        0.9993415613116123,
                        0.9987577438396555,
                        0.9989937197776814,
                        0.9993297606237652,
                        0.9998217482514177,
                        0.999839485581265,
                        0.9995493888257747,
                        0.9995704223031255,
                        0.9991128827638485,
                        0.9993743520805446,
                        0.9991948862237533,
                        0.9991692720856198,
                        0.9998810251452842,
                        0.9988813082448013,
                        0.9998366397252647,
                        0.9997620875338472,
                        1.0,
                        0.9994738151141714,
                        0.9996444279852721,
                        0.9985255323114652,
                        0.9994770639429214,
                        1.0,
                        0.9989967375358411
                    ]
                }
            }
        }
    },