{
    "Overall": {
        "samples": {
            "DominantAssumption": {
                "R0h1R1h1": 85,
                "R0h0R1h0": 61
            },
            "General": {
                "R0h1R1h1": 100,
                "R0h0R1h0": 100
            }
        }
    },
    "PerTrafficStream": {
        "samples": {
            "DominantAssumption": {
                "R0h1R1h1": 100,
                "R0h0R1h0": 100
            },
            "General": {
                "R0h1R1h1": 100,
                "R0h0R1h0": 100
            }
        }
    },
    "ANOVA": 9,
    "Kruskal": 7,
    "EndToEndMean": {
        "R0h1R1h1": 466996745.59302104,
        "R0h0R1h0": 584587812.9582837
    },
    "EndToEndStd": {
        "R0h1R1h1": 477581456.16284263,
        "R0h0R1h0": 696534400.3808829
    },
    "EndToEndSkew": {
        "R0h1R1h1": 1.9318400535569231,
        "R0h0R1h0": 2.441617734095175
    },
    "experiments": 100
}