{
    "Overall": {
        "samples": {
            "DominantAssumption": {
                "R0h1R1h1": 5,
                "R0h0R1h0": 9
            },
            "General": {
                "R0h1R1h1": 10,
                "R0h0R1h0": 10
            },
            "RelaxedDominantAssumption": {
                "R0h1R1h1": 5,
                "R0h0R1h0": 9
            }
        }
    },
    "PerTrafficStream": {},
    "ANOVA": {
        "samples": 10,
        "groundtruth": 7
    },
    "Kruskal": {
        "samples": 10,
        "groundtruth": 6
    },
    "EndToEndMean": {
        "R0h1R1h1": [
            548797051.1521837,
            545215001.794839,
            551735051.5143229,
            559098814.3146217,
            547846266.4561255,
            554986035.7196802,
            552056521.5551804,
            548814272.0704978,
            555589036.2795434,
            546832220.1243358
        ],
        "R0h0R1h0": [
            550451555.7114094,
            545803977.254292,
            552837767.4571285,
            559930535.2445995,
            550028744.6635499,
            557581472.1823993,
            552749737.8358411,
            551101880.372477,
            557005759.9246897,
            548030332.9178295
        ]
    },
    "EndToEndStd": {
        "R0h1R1h1": [
            19125244.00444338,
            18544304.392732657,
            17012392.22830136,
            17569248.263468582,
            26069978.193006195,
            27543225.00087492,
            20303595.922034882,
            20939708.53433745,
            23757291.725919697,
            22610802.052008666
        ],
        "R0h0R1h0": [
            20139414.545508403,
            20612952.16546948,
            15664018.846389083,
            18350439.680009067,
            19509358.75894496,
            20773284.258845765,
            19625182.340230707,
            19824026.69807474,
            19618415.837689377,
            23861083.324893385
        ]
    },
    "EndToEndSkew": {
        "R0h1R1h1": [
            0.15183399544730972,
            -0.12802492203156485,
            -2.697172637671217,
            -0.2005159657525777,
            -6.598929039207227,
            -8.016240107341082,
            -3.3437023909495243,
            -3.0712871056752697,
            -5.778612627436229,
            -0.02363424520488564
        ],
        "R0h0R1h0": [
            -0.9396678215831935,
            -3.6429546775497315,
            -0.45456449003750443,
            -0.9568366034213818,
            0.3591636502655695,
            -1.243926700165919,
            -2.313650204258128,
            -0.23925706123178644,
            0.3705502040760399,
            -1.7851760709424576
        ]
    },
    "DropRate": [
        0.06451822804207635,
        0.05535901113292672,
        0.06344635033887931,
        0.07019289347184486,
        0.06007229545774738,
        0.0712778291634562,
        0.06336203415523912,
        0.060932623776954714,
        0.06626089438507934,
        0.04932869515923609
    ],
    "T0std": [
        19343704.309954513,
        18384685.35742651,
        15536003.056595078,
        17792207.51595825,
        19778901.838028233,
        19913368.43519644,
        18372919.060802426,
        19032072.592397034,
        19542966.247035727,
        22246055.30578976
    ],
    "T1std": {
        "R0h1R1h1": [
            878205.047797347,
            1068924.3502333649,
            860541.7968036998,
            878305.3307774572,
            958246.1620001249,
            857727.3140454773,
            987452.7665018837,
            992169.4462413121,
            824227.5862372774,
            927952.0029559287
        ],
        "R0h0R1h0": [
            1816357.625513611,
            1805744.411280992,
            2807770.2749365494,
            1628281.843398758,
            2083912.662871131,
            2239884.2835339266,
            1837501.501774146,
            2207323.9919542684,
            2223308.045594998,
            1996462.8079252474
        ]
    },
    "T0Ineq": {
        "R0h1R1h1": 0,
        "R0h0R1h0": 0
    },
    "T0IneqMaxEpsilon": {
        "R0h1R1h1": 10,
        "R0h0R1h0": 10
    },
    "T0IneqRemovedZeroes": {
        "R0h1R1h1": 0,
        "R0h0R1h0": 0
    },
    "T1Ineq": {
        "R0h1R1h1": 0,
        "R0h0R1h0": 0
    },
    "T1IneqMaxEpsilon": {
        "R0h1R1h1": 0,
        "R0h0R1h0": 0
    },
    "T1IneqRemovedZeroes": {
        "R0h1R1h1": 0,
        "R0h0R1h0": 0
    },
    "experiments": 10
}