{
    "Overall": {
        "samples": {
            "DominantAssumption": {
                "R0h1R1h1": 45,
                "R0h0R1h0": 47
            },
            "General": {
                "R0h1R1h1": 50,
                "R0h0R1h0": 50
            },
            "RelaxedDominantAssumption": {
                "R0h1R1h1": 38,
                "R0h0R1h0": 46
            },
            "Basic": {
                "R0h1R1h1": 19,
                "R0h0R1h0": 43
            },
            "Basic_timeAvg": {
                "R0h1R1h1": 42,
                "R0h0R1h0": 47
            }
        }
    },
    "PerTrafficStream": {},
    "ANOVA": {
        "samples": 45,
        "groundtruth": 34
    },
    "Kruskal": {
        "samples": 44,
        "groundtruth": 33
    },
    "EndToEndMean": {
        "R0h1R1h1": [
            549224177.458103,
            552350886.1273474,
            550705332.8664682,
            554643197.4620559,
            549732898.015758,
            553719006.2797098,
            549011620.6277649,
            553866036.1012058,
            547949367.9541621,
            544395109.3931314,
            550636589.1038504,
            553358444.3364264,
            554582827.507868,
            549689963.6859416,
            554361591.5607456,
            556278791.6150482,
            555869105.5935152,
            548466153.3436066,
            549480953.9137634,
            563544438.3008147,
            559463496.2053094,
            556827222.2505865,
            553601313.30625,
            558871206.0665638,
            550240600.84648,
            551984781.7465911,
            553594868.1966305,
            555987255.2371962,
            552592335.7183993,
            552287284.7747405,
            561083172.4549711,
            543548909.3740977,
            554610740.1042906,
            551128808.9133449,
            550787237.2027175,
            559026639.8930293,
            546399841.0512329,
            548217321.9411764,
            544331911.9689187,
            550732231.7832513,
            554378645.2429097,
            550781728.235409,
            558126902.0647421,
            553322572.0156317,
            558200240.8056108,
            551070069.3429632,
            552848763.2607745,
            551560695.4789357,
            551499070.1441305,
            542961721.5035446
        ],
        "R0h0R1h0": [
            551970345.7644635,
            553441010.8652625,
            552075861.3488684,
            556781842.8253617,
            550987032.2032803,
            554984517.940211,
            550024565.7974492,
            556393082.243555,
            548094229.4703088,
            545911419.7576975,
            552530078.5517128,
            554963588.0094512,
            557609697.7877011,
            550867559.696384,
            556559615.4136082,
            557740711.1666118,
            556612309.1560645,
            550431433.4603819,
            549886658.7761091,
            564845146.8959732,
            560717798.881775,
            557809208.6041244,
            554647126.7665942,
            560364719.4263302,
            552634709.4773945,
            552818213.3465195,
            554894030.7578348,
            556533482.9903829,
            555223307.885729,
            552360306.8471088,
            562714788.9183084,
            545155478.4973271,
            556774719.067696,
            553112861.3211812,
            551259125.046321,
            559820804.152349,
            547667529.8040192,
            549942356.8124255,
            546105252.7897795,
            553942471.6070658,
            557517574.0299124,
            552237970.7066326,
            559288158.1457369,
            554698642.36321,
            561008590.3782884,
            552201227.0149992,
            554362343.6039537,
            554153089.5583622,
            552486794.4129676,
            544098077.5457096
        ]
    },
    "EndToEndStd": {
        "R0h1R1h1": [
            19870335.13582923,
            15337751.6082914,
            21088030.72882507,
            19107529.139116406,
            20078580.772575688,
            20280660.08059725,
            23284056.09741443,
            24994514.76089202,
            19250642.17521581,
            22211999.481594406,
            29938753.350513864,
            17227437.994577117,
            23841989.725290883,
            22661664.49607315,
            25329672.095335677,
            17719875.385579906,
            22271905.672565863,
            19947518.431772813,
            16902114.543529294,
            19564985.843627755,
            18199057.144071423,
            17712145.76892859,
            21554500.91012264,
            22382077.50862323,
            24944525.224692885,
            25385770.04508451,
            16741137.452856794,
            16745972.416247422,
            22119068.178621,
            25457302.15355505,
            19351986.102647748,
            21515395.586032923,
            21179445.338305708,
            20823489.74858007,
            21658734.980570458,
            19511479.96079595,
            20938051.291082207,
            26292313.491513483,
            22833490.816028908,
            17712654.423203282,
            22187201.17861566,
            23591220.29433819,
            23539001.77666075,
            19996109.731342755,
            22924161.407027587,
            20620923.68124487,
            24425057.290818915,
            23127131.355453037,
            22188887.537330206,
            21719643.28747921
        ],
        "R0h0R1h0": [
            20866668.86257328,
            14252600.254741611,
            20162773.196576808,
            18863038.318888117,
            19852109.96381808,
            22295363.721500665,
            23406664.347479064,
            24053917.841317,
            19920664.736588515,
            19585533.245324515,
            22808050.891835123,
            17546524.16793877,
            21400781.94260949,
            21399786.55724424,
            25841257.065813057,
            16865046.273276273,
            21361372.435254984,
            20405150.745204777,
            16894429.839558423,
            16687672.7931201,
            16105329.187515285,
            14379109.848752169,
            19912500.796228662,
            22428346.95708257,
            19162921.02410892,
            19913874.717781954,
            17076844.89952929,
            17091260.08534761,
            15667661.836956613,
            24772087.601984486,
            19076533.013562627,
            21969333.328771282,
            20150468.68025058,
            21601838.27359673,
            21689177.487812977,
            22510590.734386,
            21084596.415092707,
            25880665.521639213,
            18481175.50417319,
            19891486.869349927,
            21170469.46619611,
            18131305.35979356,
            23383058.162458286,
            18405694.759224825,
            22561633.357410777,
            21214046.101057433,
            22006513.433444016,
            20783837.03390497,
            22474261.274900198,
            22691309.616044354
        ]
    },