{
    "Overall": {
        "samples": {
            "DominantAssumption": {
                "R0h1R1h1": 46,
                "R0h0R1h0": 48
            },
            "General": {
                "R0h1R1h1": 50,
                "R0h0R1h0": 50
            },
            "RelaxedDominantAssumption": {
                "R0h1R1h1": 44,
                "R0h0R1h0": 47
            },
            "Basic": {
                "R0h1R1h1": 16,
                "R0h0R1h0": 40
            },
            "Basic_timeAvg": {
                "R0h1R1h1": 45,
                "R0h0R1h0": 49
            }
        }
    },
    "PerTrafficStream": {},
    "ANOVA": {
        "samples": 48,
        "groundtruth": 32
    },
    "Kruskal": {
        "samples": 50,
        "groundtruth": 29
    },
    "EndToEndMean": {
        "R0h1R1h1": [
            551455278.1739855,
            550645909.2133248,
            548088924.8085653,
            551624567.8896753,
            554812289.1120595,
            549894425.5298872,
            550917656.7437037,
            553317196.7818338,
            546967658.3501173,
            549449936.1265551,
            555037755.7115993,
            546179396.7509319,
            555984919.7093124,
            550308740.601432,
            548675526.6472743,
            553498199.707959,
            554051867.9433477,
            548446814.232802,
            555080973.7877806,
            555097003.0754958,
            550718752.0691717,
            553380587.73612,
            542776709.2586397,
            548987834.9880571,
            554316096.7431635,
            553416932.2694278,
            555859629.2486972,
            546022874.3160228,
            561992172.0936556,
            553788264.2407526,
            550551170.2400602,
            546703600.352654,
            556056942.0111111,
            552036784.2718832,
            554324603.461505,
            550939062.4047515,
            549950890.1060443,
            550651853.9453827,
            549574394.0340686,
            557342949.6439246,
            559514731.565188,
            550960800.9710176,
            553966100.6386286,
            546913775.2682338,
            547954246.7463965,
            555625019.3566184,
            548463470.8702209,
            553701278.2331328,
            541969827.5733106,
            548428693.1992304
        ],
        "R0h0R1h0": [
            552698502.7747823,
            551873997.154161,
            549593540.5638334,
            552600980.2936288,
            554736888.9239427,
            552581173.8620807,
            552742711.4011716,
            554988693.3712969,
            548892622.1879712,
            552173988.3238127,
            555594423.7311828,
            547367394.1145725,
            556708805.9545603,
            551417285.7861079,
            550549792.289122,
            555526634.3091483,
            555782310.4357274,
            549494859.99127,
            556296553.271017,
            557177658.5184674,
            551765014.4831252,
            554348994.8695579,
            544218492.4894773,
            549938632.9302248,
            554725675.7321888,
            555224598.2627664,
            556826514.7806824,
            547533936.3116341,
            563392873.099352,
            555400488.5773541,
            552180333.7955352,
            547244720.8555688,
            557760961.7576687,
            555168123.7286938,
            555438816.6528884,
            552385567.3731834,
            551868808.8504877,
            553278816.4527704,
            551821767.2264929,
            557289165.865365,
            559910242.7189018,
            552412308.3335009,
            555416278.7275343,
            548398137.5211099,
            550189619.8970784,
            557032503.7953807,
            550831580.940971,
            555856478.7258009,
            543474590.735685,
            550190567.121898
        ]
    },
    "EndToEndStd": {
        "R0h1R1h1": [
            21975234.231015913,
            23028315.204181388,
            19648988.526017852,
            17618943.877794687,
            20919697.738812845,
            17539310.251499094,
            29287368.48902569,
            22154239.322298463,
            23239893.743726905,
            29903248.84716468,
            16198977.298272949,
            18855808.081826683,
            16254504.545488264,
            22793387.34799197,
            19323837.265742574,
            17944119.912554126,
            17682644.17348941,
            14943619.606323397,
            16408303.553284569,
            23200720.218586825,
            24482325.57036742,
            20950100.727701616,
            21220978.183802236,
            17277949.946551926,
            24003718.365217194,
            21490830.389479313,
            16110993.465102542,
            19429400.93924841,
            17418960.694466535,
            18483740.40471955,
            23920658.61531039,
            21844789.205110013,
            21007056.39285276,
            26284348.835310426,
            18685802.860470343,
            26726504.57694253,
            20484609.75759866,
            22786789.55690967,
            24793670.028630942,
            16525559.14851049,
            19207811.698325478,
            24875723.313848693,
            21949383.733094584,
            19031564.14231044,
            16215677.249732014,
            24365941.268731244,
            17033557.517214708,
            20998816.564120527,
            15012325.738717483,
            18230134.909285717
        ],
        "R0h0R1h0": [
            19230510.914300356,
            20773260.77938604,
            18936203.84852478,
            17739472.45391313,
            21340011.431465987,
            17761341.628375463,
            20958148.14085151,
            18508083.936802436,
            23079943.92774867,
            22498404.39228988,
            17110578.699881792,
            17838365.331522495,
            17012456.742486387,
            18565571.39869517,
            20965398.36889502,
            18603769.034199152,
            17900378.03609421,
            15596681.74961263,
            17539578.284874935,
            23133183.184141945,
            18032163.523776688,
            20298989.753588535,
            16634810.157954816,
            18468414.737461835,
            21394024.643700916,
            22270753.977923673,
            16015773.225560656,
            15131514.168357044,
            17775157.95473497,
            17930175.63392732,
            23807133.210870035,
            21290377.73038442,
            18014823.18232523,
            22990862.723547947,
            19058087.843297765,
            26590825.593224246,
            20742568.99890289,
            18499808.969912436,
            21386335.400994994,
            17513866.155357447,
            17357520.241942085,
            18091028.83766528,
            21215151.907456234,
            19368100.090510067,
            16728710.532357555,
            17075114.331421036,
            17897901.873858992,
            21309212.66178208,
            16390058.24535224,
            18223114.30024546
        ]
    },