{
    "Overall": {
        "samples": {
            "DominantAssumption": {
                "R0h1R1h1": 45,
                "R0h0R1h0": 37
            },
            "General": {
                "R0h1R1h1": 100,
                "R0h0R1h0": 100
            }
        }
    },
    "PerTrafficStream": {
        "samples": {
            "DominantAssumption": {
                "R0h1R1h1": 100,
                "R0h0R1h0": 100
            },
            "General": {
                "R0h1R1h1": 100,
                "R0h0R1h0": 100
            }
        }
    },
    "ANOVA": 99,
    "Kruskal": 100,
    "EndToEndMean": {
        "R0h1R1h1": [
            306211601.635514,
            312306670.2614213,
            332944173.5220054,
            302759043.2847107,
            305178183.9488028,
            319426553.7105129,
            300297041.84957224,
            319507255.11463755,
            306417071.57481015,
            319865319.0988172,
            313033782.9756623,
            302669525.9602034,
            308931531.48721534,
            302739729.4765306,
            329342470.3204144,
            314870305.27714974,
            302924370.04322326,
            306521630.1006993,
            318089644.7091856,
            300279244.4339884,
            314248522.0111239,
            325526781.970715,
            323574659.00741786,
            318882578.4647619,
            314795681.28038096,
            323681959.72312,
            318504352.26564497,
            309660602.3736668,
            302676665.2398011,
            313327683.487895,
            303214337.41286963,
            300324716.9794155,
            314945820.1479456,
            309194421.8191152,
            320363444.742901,
            304416057.860603,
            313187301.25677586,
            300982145.3671454,
            304810666.32641894,
            330673873.0727732,
            327663668.98815435,
            316775721.2831264,
            310464784.1216971,
            331546181.31571573,
            311221030.5505262,
            313302215.7563239,
            308072669.51040345,
            305648081.4340512,
            304206342.3755285,
            312355948.69790477,
            327625960.70377934,
            319648854.29984796,
            320537351.3056297,
            318600013.92883563,
            333672415.3678684,
            305038979.4636074,
            311392425.85849893,
            327791172.6384274,
            318377414.15496,
            312743700.78673285,
            310299746.69969314,
            322180634.9683206,
            322478258.18828773,
            320479405.8603644,
            319130728.4384099,
            325785241.0831099,
            317289654.3075558,
            302366062.4879857,
            321639948.27357644,
            320224058.2335497,
            312227900.5273955,
            325345769.1528825,
            318535997.57895404,
            309462792.26859397,
            290872510.00038284,
            329328478.9775564,
            335324173.5507064,
            310878449.42144763,
            319875008.0460468,
            318644621.6448143,
            319747287.37525433,
            312891813.4483592,
            317733641.4932587,
            320418045.38322514,
            319831402.37719744,
            300778582.44177777,
            305840753.01153797,
            328973841.30783844,
            327220345.47207415,
            337982269.40221965,
            320141435.23218626,
            321940541.73016274,
            321173256.6151995,
            319877198.2966852,
            322991746.43478817,
            311630548.51729417,
            323726136.077226,
            317708106.4396552,
            308449357.3892549,
            298359405.71563923
        ],
        "R0h0R1h0": [
            434547082.4438764,
            438760622.1521916,
            439982791.2091694,
            435530462.4656312,
            419880859.4230903,
            435558429.7669869,
            432601967.8149861,
            453315361.472951,
            443280418.5967328,
            438397775.2157272,
            437551935.8768107,
            455843890.0314299,
            456352691.5037028,
            454361884.809324,
            459015905.15666974,
            426347912.33902866,
            422624430.6020645,
            453876716.8439741,
            465579462.2765636,
            445351357.5788622,
            440573048.3110295,
            447916601.70917124,
            460530230.5850047,
            434622636.10332406,
            424518958.0418952,
            447772903.47319156,
            448178950.33194345,
            449908270.8789103,
            449473961.8772134,
            453794121.6727652,
            458000321.3694793,
            448478530.9783214,
            446812849.0321144,
            420661664.0997564,
            462875152.96118534,
            453243992.27021104,
            426141766.22244257,
            465120159.2183544,
            453075352.3626003,
            451231535.7556713,
            443350636.15046513,
            451822215.8288132,
            425133015.7682304,
            453851118.91100454,
            434009016.3572339,
            434777837.5360682,
            438171206.03413165,
            464538027.07160497,
            423194113.51452816,
            425549265.078999,
            461930103.6486455,
            440991552.09305555,
            451071326.48127663,
            425463130.54727465,
            469630263.979277,
            442462359.44462466,
            459108697.35919505,
            446654384.44836766,
            459234020.23412883,
            429684282.26402676,
            443284724.23636365,
            455189093.3454062,
            442108001.7964232,
            437482771.68608826,
            458768914.94397855,
            429317626.8183073,
            463189806.6371919,
            445851105.2492482,
            435480730.3583842,
            427459586.73419356,
            449795951.4971138,
            443803446.2229527,
            423739470.93988115,
            469114170.4310205,
            445554466.9321975,
            454891448.7770626,
            459941292.1292635,
            440800916.82960314,
            464478871.3415399,
            473561965.8498101,
            442388764.9549247,
            435474345.60570234,
            457063812.2803294,
            443945549.27911574,
            464784510.7366895,
            465080215.0960912,
            418160922.8354066,
            437080560.7991458,
            441571256.599422,
            451888458.2018051,
            435318296.5959829,
            454599011.59577906,
            448055534.2449994,
            435781335.1530328,
            454346631.0261567,
            440186659.42610097,
            451125109.0309362,
            432329028.6081331,
            424493518.6094996,
            453313715.60214806
        ]
    },