{
    "Overall": {
        "samples": {
            "DominantAssumption": {
                "R0h1R1h1": 45,
                "R0h0R1h0": 45
            },
            "General": {
                "R0h1R1h1": 50,
                "R0h0R1h0": 50
            },
            "RelaxedDominantAssumption": {
                "R0h1R1h1": 44,
                "R0h0R1h0": 42
            },
            "Basic": {
                "R0h1R1h1": 17,
                "R0h0R1h0": 45
            },
            "Basic_timeAvg": {
                "R0h1R1h1": 46,
                "R0h0R1h0": 46
            }
        }
    },
    "PerTrafficStream": {},
    "ANOVA": {
        "samples": 45,
        "groundtruth": 34
    },
    "Kruskal": {
        "samples": 46,
        "groundtruth": 34
    },
    "EndToEndMean": {
        "R0h1R1h1": [
            550305950.9482871,
            553093773.5605507,
            549713685.1300864,
            550173790.4571304,
            549962268.9301169,
            550977847.0,
            557909654.6815742,
            557045523.8820512,
            552336995.6212153,
            550143155.5689731,
            555833223.7685286,
            555462430.2906002,
            554603366.8336952,
            553503200.1631579,
            553661699.2474627,
            546488474.532462,
            546579447.12604,
            546788109.922961,
            550614701.7267014,
            554445468.572771,
            548776962.8017583,
            555012416.6271186,
            555231363.1725963,
            552885249.8161523,
            554279005.7535607,
            556039766.8111812,
            552555480.790854,
            555313858.7120908,
            554858587.2678652,
            545153628.9940647,
            553564219.2200084,
            549610423.9533021,
            560005550.8578901,
            550058288.0135502,
            555080400.9427698,
            549173980.8757461,
            557777973.8606522,
            555719451.6286975,
            552411754.7885727,
            552587171.9362851,
            548359897.4259462,
            553071232.8171047,
            556184231.1723038,
            547113759.7502663,
            551719230.00724,
            555854336.6566304,
            554702512.032265,
            542675940.9440914,
            550920926.4977608,
            552318522.1454896
        ],
        "R0h0R1h0": [
            552356721.5464128,
            555942023.6607084,
            550991514.5324787,
            553121899.5910959,
            551380381.0080537,
            552897005.0827993,
            558865284.6835637,
            558352566.126895,
            554000755.6636332,
            552676236.6217184,
            556630822.4857574,
            556691126.7335243,
            557554098.3846024,
            554042066.1988759,
            555232140.0283191,
            547387944.0679417,
            548444899.9926933,
            547913547.1062979,
            552682951.8225455,
            556083285.7486118,
            549981439.6054772,
            556088013.035373,
            556538862.6592816,
            554878710.0006627,
            556312799.1882051,
            557465215.8498806,
            554516960.8119476,
            556096315.5334706,
            555587234.2202351,
            546747603.6738056,
            556683429.6186737,
            551051921.5678211,
            560709384.7393653,
            551260715.872864,
            557004612.5875063,
            549638877.2496138,
            559405189.0829834,
            557561491.9133333,
            553736537.5092701,
            554614337.87926,
            549457252.2003348,
            555324446.8767933,
            558595279.7666552,
            548934866.0408398,
            552527919.5354198,
            556678992.9618167,
            556238477.4026707,
            543579252.9437222,
            551918837.2312397,
            554352176.5714285
        ]
    },
    "EndToEndStd": {
        "R0h1R1h1": [
            17425788.64988593,
            21503422.153376296,
            21689711.90924318,
            22952096.55618204,
            21792052.58485892,
            21681465.17238493,
            20199802.181134474,
            19286037.555026058,
            27131573.603794765,
            16942284.142392598,
            16138058.833559422,
            20059654.134308256,
            24706070.285035785,
            20291730.697757185,
            18899848.730455376,
            20564805.339822493,
            18103803.567759532,
            20678993.61008928,
            20023707.449849524,
            24322293.245924305,
            22126541.469714064,
            18101817.83260425,
            17833881.623101085,
            26293190.441690974,
            23030779.58869061,
            21185318.22449123,
            21622587.604289167,
            22375238.423304357,
            19918864.709996995,
            21736798.312971633,
            28170101.416389093,
            17909452.637681507,
            17197296.1021104,
            20999985.79762292,
            27048463.673263706,
            21879090.74701976,
            19007354.526346102,
            25474442.858489145,
            25247231.281066533,
            18565847.449167088,
            21466098.190382432,
            19645307.915157776,
            19606913.870356873,
            21205367.853293337,
            18999619.58557698,
            17581168.154218815,
            21895345.725906987,
            21975196.04090169,
            14011001.337207232,
            22853478.7707493
        ],
        "R0h0R1h0": [
            17751783.398400977,
            21516612.04935418,
            22063968.405819926,
            23756965.96885745,
            22886196.32554432,
            18093759.73270033,
            20210491.1305697,
            19361604.565554358,
            19387377.416335694,
            17557091.164907105,
            15518685.132545441,
            18445446.147565953,
            22391527.392395288,
            18236820.034621518,
            18761443.44095877,
            21153440.77296798,
            22273200.141771533,
            21584651.275933057,
            21517823.360477556,
            24311693.62422881,
            18480826.880934283,
            19738261.42289593,
            17427883.84886894,
            19389368.93736535,
            21073147.432754677,
            21645056.4449669,
            22744211.848673917,
            22526854.814797092,
            17583522.86903895,
            19711757.55119514,
            27576802.278359253,
            17907416.91565119,
            17039481.280873507,
            17929791.402141687,
            22538889.342816696,
            23680667.48807611,
            18696332.477814615,
            18629052.38136274,
            19701389.864997216,
            18096452.35569066,
            18322065.101865444,
            20238568.134284906,
            19200181.555407323,
            21616420.41499359,
            18068000.95781012,
            15965414.117552808,
            22259488.11082556,
            21649274.264211886,
            12626396.323808571,
            19538444.06574107
        ]
    },