{
    "Overall": {
        "samples": {
            "DominantAssumption": {
                "R0h1R1h1": 44,
                "R0h0R1h0": 46
            },
            "General": {
                "R0h1R1h1": 50,
                "R0h0R1h0": 50
            },
            "RelaxedDominantAssumption": {
                "R0h1R1h1": 39,
                "R0h0R1h0": 45
            },
            "Basic": {
                "R0h1R1h1": 20,
                "R0h0R1h0": 41
            },
            "Basic_timeAvg": {
                "R0h1R1h1": 40,
                "R0h0R1h0": 48
            }
        }
    },
    "PerTrafficStream": {},
    "ANOVA": {
        "samples": 47,
        "groundtruth": 36
    },
    "Kruskal": {
        "samples": 47,
        "groundtruth": 34
    },
    "EndToEndMean": {
        "R0h1R1h1": [
            551882685.7434726,
            552593178.019741,
            553771150.3984642,
            558033665.7724657,
            545725416.7641273,
            551765748.73339,
            550180609.1612763,
            555154946.2357849,
            550065638.2010527,
            556667441.5023297,
            547830427.1611753,
            556734504.9562738,
            553584945.9686137,
            541465252.8477987,
            550603769.3292916,
            556768096.2175996,
            548954606.8259835,
            554064200.2647995,
            547269125.0912024,
            554025997.3638778,
            551620401.9063884,
            546071671.8912444,
            550104867.1954426,
            556151175.7260813,
            546760603.9476211,
            534625632.93475455,
            554327043.2750533,
            553910729.9987116,
            543193087.7683456,
            555968898.2001725,
            555296192.1350247,
            553622007.3415115,
            556497370.0208105,
            552974950.1111112,
            553254747.1708162,
            556007747.3829409,
            552277448.6540667,
            549566287.8699495,
            547306122.6860296,
            554347349.6736592,
            554326433.1416987,
            551772860.1740465,
            558642237.327234,
            539750594.2817537,
            553086430.6009241,
            549671053.0534979,
            548765160.1306609,
            557314693.0,
            559364155.6951406,
            552606765.2340071
        ],
        "R0h0R1h0": [
            553458740.2902418,
            554363203.4223721,
            554920631.787185,
            559624583.9277616,
            548297714.3614678,
            553345099.5458465,
            552178925.942063,
            556402811.8643166,
            550725975.5700017,
            559218153.6958014,
            549360645.7013795,
            558844270.7807647,
            554343572.1484915,
            541839752.0896664,
            552435116.0305905,
            558967772.4467766,
            549614088.5547922,
            555262407.1984628,
            549355916.9332559,
            555419517.1391727,
            553995500.0177346,
            547095937.3337414,
            551705412.094957,
            556993252.0332438,
            548626468.799031,
            535799903.5817668,
            555161751.7756978,
            556514626.892475,
            544758403.8530006,
            556561463.5704857,
            557260490.5655549,
            556961694.7904514,
            557485315.2300749,
            554191047.2976798,
            555840031.6783944,
            557143679.5732366,
            554000854.1967628,
            550602088.8214467,
            549148720.9601413,
            556516536.9526122,
            555574350.9178777,
            553565771.0244426,
            560394702.989445,
            541453134.2419622,
            555669687.8656387,
            550917627.6241819,
            549469105.663088,
            558529271.1278071,
            561074841.994154,
            554332791.3035277
        ]
    },
    "EndToEndStd": {
        "R0h1R1h1": [
            22535740.333003275,
            21106501.49033161,
            20938971.754717257,
            25144385.431185957,
            23905024.860999297,
            22539324.674952194,
            17632462.27410012,
            23094429.000400178,
            19939350.48595071,
            23020676.347653203,
            18217440.575651325,
            20011962.31566472,
            17313145.544561036,
            16833963.183099363,
            22642815.31238023,
            20095114.74666954,
            20845227.074897777,
            21196750.039703406,
            25635416.76556171,
            17757921.08612677,
            23063436.449830823,
            18110778.87068787,
            22844788.129075702,
            19273181.31409304,
            19403442.228388447,
            18690357.786390796,
            12489574.25064394,
            25228284.905957352,
            20919832.542169787,
            17607835.014501963,
            20288975.283782292,
            24561466.926866952,
            18250319.77293224,
            17608718.595093686,
            28554602.804947596,
            24668144.858246364,
            20704145.164992265,
            20272715.563259814,
            23896968.61584199,
            26646013.10393215,
            24477809.771979284,
            19466441.365556374,
            25416220.51321011,
            19256191.413936667,
            32934338.0381524,
            20374407.324175254,
            23406630.359680094,
            18086146.393059947,
            20081206.885948915,
            27303674.908748325
        ],
        "R0h0R1h0": [
            24122493.90658064,
            20609286.148101933,
            19779304.389724717,
            21723356.11943861,
            25813558.911864642,
            17950612.908568453,
            17578642.840752203,
            20265163.1658699,
            17930200.11992817,
            18622451.422353182,
            19088107.227078266,
            20827434.476150617,
            16447087.63401905,
            16286421.341514954,
            23186021.32751492,
            20822726.513868157,
            19603420.234339427,
            20300078.160527006,
            21470826.935299564,
            18266813.633257985,
            21000866.23631722,
            17168414.65084075,
            20073510.484530944,
            18927952.731451202,
            17520552.209681418,
            15101564.820705276,
            13236511.704298116,
            19935063.512362435,
            15480069.517287435,
            17462057.7666982,
            20519223.302054163,
            17801707.66223648,
            18019266.300222687,
            17822244.287234265,
            21918629.940678503,
            21026197.83255989,
            22871472.887379166,
            19325617.87612374,
            20197128.52742175,
            23168585.67328585,
            22544846.973346997,
            19751837.748474304,
            22603608.574660506,
            18454079.01480139,
            22798058.785416555,
            21117167.492719684,
            24071161.31210724,
            18722474.085863665,
            17518221.24341813,
            20387910.406873524
        ]
    },