{
    "Overall": {
        "samples": {
            "DominantAssumption": {
                "R0h1R1h1": 46,
                "R0h0R1h0": 49
            },
            "General": {
                "R0h1R1h1": 50,
                "R0h0R1h0": 50
            },
            "RelaxedDominantAssumption": {
                "R0h1R1h1": 46,
                "R0h0R1h0": 46
            },
            "Basic": {
                "R0h1R1h1": 16,
                "R0h0R1h0": 40
            },
            "Basic_timeAvg": {
                "R0h1R1h1": 47,
                "R0h0R1h0": 49
            }
        }
    },
    "PerTrafficStream": {},
    "ANOVA": {
        "samples": 47,
        "groundtruth": 26
    },
    "Kruskal": {
        "samples": 50,
        "groundtruth": 25
    },
    "EndToEndMean": {
        "R0h1R1h1": [
            548749764.338019,
            548390436.6497676,
            553226617.183198,
            557624009.9511633,
            553490806.0674324,
            552907076.7964957,
            556152271.4225076,
            548385879.8421391,
            548578048.1352502,
            555542822.6789361,
            548698015.5655366,
            552332775.2646221,
            556952249.1572188,
            548361641.8727431,
            556400789.1971978,
            552060720.1793394,
            557325416.6505762,
            549479241.9557881,
            553666973.7607851,
            551659901.9509066,
            549595831.4777498,
            556054792.2260469,
            555755710.1952649,
            555604286.0235748,
            547069469.5968081,
            551963578.0720053,
            553522374.9318676,
            551905963.5745809,
            552384057.9838675,
            556135119.8581201,
            555106565.0067056,
            554304134.0479826,
            550104416.6595745,
            552608777.3824087,
            550590973.1504655,
            553162564.0175554,
            553943382.9596403,
            555001303.9058428,
            548553219.1690322,
            544246804.513473,
            544821197.7426814,
            556244689.8745712,
            554877942.8921052,
            553931929.4894162,
            544697503.0063627,
            545745586.5939238,
            544962946.9140725,
            555207255.5093932,
            553753704.2727869,
            550993908.9932929
        ],
        "R0h0R1h0": [
            551677857.6302365,
            549495433.9913924,
            554683075.1960173,
            559371073.3970438,
            553816233.184881,
            554190022.9281136,
            557089550.5834286,
            548664547.2995534,
            550053129.4376136,
            557561110.4649183,
            548635894.8505671,
            554271549.5436957,
            558972343.5008452,
            550600789.3756346,
            557861863.4823807,
            553091233.1143476,
            559078888.0634574,
            550128660.8489672,
            555717812.1080065,
            553866098.5619161,
            550580927.7818545,
            557554446.6724337,
            557666230.0425249,
            557330992.4739233,
            548308088.9122952,
            553495007.0568277,
            556318007.3366337,
            552790770.0584164,
            553183252.1247675,
            558226847.8562711,
            556934514.9229097,
            555149344.346069,
            552238307.6738517,
            553502874.2079355,
            552683419.9755514,
            555421969.3688003,
            556124027.5773178,
            556702954.5612991,
            550146618.1071069,
            547464337.2021714,
            545901986.2650152,
            556525478.8134778,
            556795396.0092762,
            554881086.6218097,
            547769170.3281094,
            547014795.513482,
            546347171.3529714,
            557502585.3800033,
            557241705.6298388,
            552464168.5269371
        ]
    },
    "EndToEndStd": {
        "R0h1R1h1": [
            22387518.855120998,
            16676004.373401556,
            20375608.200808506,
            22717897.004001692,
            23641527.017497037,
            19617081.342152145,
            18347665.979446907,
            22591208.977327675,
            19800770.45581292,
            21573438.48793858,
            20064125.410747774,
            22854015.179085255,
            18333009.89198838,
            19713045.552255005,
            19435128.36350161,
            20001544.39893197,
            21684044.836804897,
            17020622.756488595,
            19672887.74809798,
            23581866.630915195,
            17485128.859319627,
            18086862.988029886,
            21416010.363459278,
            20060516.93062588,
            17173473.081149343,
            19434823.12442184,
            18699731.450903386,
            15173048.452044755,
            21491393.863496136,
            23018404.980263036,
            20583230.39991082,
            20704774.871114604,
            27996361.861235444,
            18194131.723845765,
            23896058.01874346,
            19886417.95419169,
            24070957.996120658,
            20476123.336418875,
            18887137.374097638,
            28140336.932508174,
            18960468.83074201,
            15641076.958411582,
            24595605.653167196,
            24697018.1382324,
            21143500.75195371,
            18052147.450525,
            18640030.28987842,
            23844913.637146894,
            29496301.727797914,
            18818025.726012006
        ],
        "R0h0R1h0": [
            22827338.992402382,
            16465459.819514856,
            20736620.286065392,
            22316600.36135405,
            23424008.48755131,
            19000686.454085354,
            17473690.808590278,
            23369211.700422164,
            17022511.20211359,
            21854595.113248434,
            17928319.690643217,
            20821196.899571754,
            19221051.13083192,
            18382182.68164008,
            19381717.59277142,
            18948924.27053142,
            22164035.475722887,
            17673055.946090866,
            20963914.141278066,
            24696679.567117367,
            18303358.42866354,
            18326755.47833618,
            19141703.275472265,
            20216382.07773037,
            15930037.861206556,
            17754831.961136952,
            20172385.765125208,
            15076257.896400865,
            19922200.588050082,
            20680882.155223135,
            18868655.80175457,
            17551945.791020103,
            22482049.33237514,
            15782274.862139719,
            17211136.98893806,
            19671562.20570147,
            22356850.936102185,
            19127188.5977633,
            18728727.139887247,
            20412747.910189953,
            21042312.691952135,
            15173848.058880692,
            25623477.02210849,
            23166891.829575464,
            20545767.058267016,
            16859614.29114352,
            18004443.95941201,
            21600156.265062597,
            23162421.002481285,
            18770642.722338375
        ]
    },