{
    "Overall": {
        "samples": {
            "DominantAssumption": {
                "R0h1R1h1": 48,
                "R0h0R1h0": 49
            },
            "General": {
                "R0h1R1h1": 50,
                "R0h0R1h0": 50
            },
            "RelaxedDominantAssumption": {
                "R0h1R1h1": 47,
                "R0h0R1h0": 49
            },
            "Basic": {
                "R0h1R1h1": 15,
                "R0h0R1h0": 45
            },
            "Basic_timeAvg": {
                "R0h1R1h1": 47,
                "R0h0R1h0": 49
            }
        }
    },
    "PerTrafficStream": {},
    "ANOVA": {
        "samples": 47,
        "groundtruth": 32
    },
    "Kruskal": {
        "samples": 47,
        "groundtruth": 30
    },
    "EndToEndMean": {
        "R0h1R1h1": [
            548840551.1309798,
            552367541.8385912,
            555385678.5481206,
            548357236.7532221,
            547666148.545704,
            555385247.994691,
            556219772.7655534,
            553558457.2891723,
            551407640.0453744,
            550703539.430766,
            553205264.1593659,
            549563019.652867,
            545242555.6927328,
            552159849.8923396,
            539312177.8523926,
            549022492.5173289,
            550340600.8267869,
            553480697.604636,
            548696592.2323254,
            549791841.0580754,
            551894932.4117172,
            549853883.6645395,
            551157765.5960612,
            551134143.5358404,
            552049833.0010675,
            549844481.0855249,
            550483569.8279524,
            548912469.1367618,
            549713494.270748,
            548544682.106022,
            551234940.335428,
            551328101.9414364,
            552554904.8024219,
            554642622.7533333,
            555528979.948957,
            554693347.013649,
            550908331.9483759,
            552258087.9177312,
            553502830.6933451,
            553554574.0602514,
            551405730.8585923,
            555635824.94473,
            553083839.6242344,
            556845268.9654033,
            539077470.7078604,
            554979224.7847435,
            550843875.1633875,
            545647868.2097963,
            551780399.8106221,
            548375585.8256243
        ],
        "R0h0R1h0": [
            550545084.0922521,
            554187860.5429411,
            556884669.380631,
            550819544.7842088,
            549468061.2251699,
            557368189.9297705,
            556817214.7642553,
            554323121.0533956,
            552386704.1149484,
            551984687.0459071,
            553759699.0743312,
            550318085.5469261,
            545667141.2303863,
            554543328.6195025,
            541063880.2860888,
            550041867.845761,
            551555028.142596,
            555350181.1378899,
            551525387.9434149,
            552505217.5619905,
            553717572.9914719,
            551076896.3538117,
            552731887.7506418,
            552502781.8850244,
            554932469.307952,
            552281917.0219336,
            551703660.2028615,
            550554541.3716316,
            550970157.7318021,
            549029461.7575603,
            554407122.6170355,
            552067790.7468082,
            553838820.4006912,
            556383073.5587685,
            556831920.5747088,
            555572511.3142525,
            552568849.5572544,
            554896162.9912252,
            554379312.679882,
            555101359.1906031,
            552702176.43539,
            557554010.2966958,
            555058564.5737354,
            558750892.8640321,
            540741980.9026939,
            557095220.4657034,
            552442335.04,
            547660559.4026016,
            553466982.962341,
            548471217.7595963
        ]
    },
    "EndToEndStd": {
        "R0h1R1h1": [
            23158379.90387632,
            22011374.642634552,
            21883916.827922627,
            22190315.184642274,
            19189420.86241042,
            19518606.398210894,
            20754395.911402002,
            23077825.690398473,
            18591389.422670793,
            21453653.560215503,
            26022227.62537749,
            17760644.14893849,
            18964476.255911812,
            24076538.11356054,
            26277715.865739014,
            23163050.173417524,
            22332519.601730626,
            22178595.331646107,
            23227607.70447536,
            24620606.704782706,
            20177217.996042967,
            17355220.888248518,
            21783530.839049652,
            23013497.720292382,
            24461415.650776014,
            18039322.533131525,
            20034760.6123707,
            20516103.2174143,
            16778096.588075414,
            16184018.021946652,
            22052843.144709617,
            19224570.737762854,
            22312090.960823987,
            19753096.122844197,
            18076671.360692337,
            16719160.25474434,
            25671852.89639497,
            19020056.461742714,
            17834516.708781566,
            22635208.33117624,
            20665888.969427448,
            19950314.921933018,
            18200352.25344978,
            19771730.074196614,
            18548487.969171613,
            19351597.23488849,
            20549604.554782268,
            23110531.749753486,
            16582979.850733226,
            16991342.780487027
        ],
        "R0h0R1h0": [
            15811517.299555087,
            18522063.993870266,
            20836211.447123915,
            22893618.24530447,
            21570313.763225287,
            18255858.655901566,
            20630056.915410254,
            22124846.704209715,
            18890070.01526123,
            21426251.445962224,
            25112861.34131144,
            17858494.488911897,
            18629672.014527995,
            19416985.436790764,
            18076101.892513264,
            23270434.503229693,
            20285094.201634437,
            16340487.600269498,
            23992795.47877873,
            26106403.55618326,
            20457126.779137127,
            18388537.55246579,
            20899928.381589886,
            18299529.301493626,
            25740510.902064763,
            16481810.668167425,
            19892606.2225015,
            21791850.89657006,
            17044737.63758117,
            18098394.702799004,
            21901043.34514364,
            18642648.35335712,
            21455964.79558748,
            20464182.58774445,
            18151280.154402982,
            16532584.715088617,
            22610322.746695217,
            20488752.76055411,
            18091035.064504344,
            21370982.128349822,
            21488501.22690496,
            20529847.677022092,
            21021898.25980548,
            19102462.232085727,
            18422888.76969859,
            20152241.945713848,
            19824337.569090888,
            21416145.172905453,
            16368079.428742973,
            16624191.431525938
        ]
    },