{
    "Overall": {
        "samples": {
            "DominantAssumption": {
                "R0h1R1h1": 48,
                "R0h0R1h0": 46
            },
            "General": {
                "R0h1R1h1": 50,
                "R0h0R1h0": 50
            },
            "RelaxedDominantAssumption": {
                "R0h1R1h1": 45,
                "R0h0R1h0": 45
            },
            "Basic": {
                "R0h1R1h1": 15,
                "R0h0R1h0": 37
            },
            "Basic_timeAvg": {
                "R0h1R1h1": 48,
                "R0h0R1h0": 47
            }
        }
    },
    "PerTrafficStream": {},
    "ANOVA": {
        "samples": 47,
        "groundtruth": 31
    },
    "Kruskal": {
        "samples": 47,
        "groundtruth": 30
    },
    "EndToEndMean": {
        "R0h1R1h1": [
            548059399.3279214,
            555764734.6377383,
            549488404.6367842,
            551147990.2212082,
            553611975.1129518,
            553865703.0888796,
            549808167.1532276,
            558259828.3128042,
            553906649.6496843,
            552368950.524676,
            547414129.976246,
            548076690.651502,
            553366370.7650862,
            550708744.0521984,
            555896819.0959779,
            551546978.8390484,
            553850098.2879492,
            563160242.073539,
            553825521.4844879,
            554171195.2066188,
            558502049.7647827,
            554992152.6461132,
            549049763.4526652,
            555999904.0680914,
            549140377.0652792,
            556122830.3830066,
            551052482.4633946,
            549683980.3273305,
            555697623.0938041,
            556215945.6362265,
            556625748.1869972,
            548182727.9464741,
            547675760.8722411,
            555313396.4866565,
            542017257.7290252,
            557119159.8835821,
            556875539.4537597,
            554274787.4302152,
            543785520.8955545,
            551578927.4170443,
            551547071.978008,
            551462507.2826179,
            550931673.9581232,
            561062552.3589854,
            549946213.5580242,
            552366961.7662165,
            547356839.6826283,
            546148555.1549175,
            550087774.4048644,
            547907432.1456144
        ],
        "R0h0R1h0": [
            548776155.1224955,
            556649018.6015549,
            551454467.4443874,
            552474521.1765609,
            554553635.808589,
            554974580.6038841,
            552434928.0666326,
            559213816.2828418,
            554826917.3552452,
            555750772.5838103,
            548619661.3746599,
            549150262.3777927,
            554475042.1983955,
            551594895.3176913,
            557093305.9385484,
            552943864.8472383,
            556091107.7783766,
            564802866.5274782,
            556955476.2572006,
            556910833.5640299,
            561562378.0812376,
            555897834.6449047,
            549555039.0683376,
            558433961.0342569,
            550967678.4803544,
            558165915.1985887,
            551423775.5291758,
            551803605.3654165,
            557678312.4712455,
            556879322.2176086,
            557238535.3047795,
            549692338.3595712,
            549875727.0239242,
            555990460.7672588,
            544315765.3411016,
            559026999.5757016,
            558648877.1039563,
            555888547.2393397,
            546374054.7192982,
            552941135.7066622,
            553978696.4172864,
            552988288.3014371,
            552826667.6923333,
            562713318.1245195,
            551731335.1718361,
            553185192.8371782,
            548732927.2524288,
            547892929.6549548,
            550177713.0696735,
            549333928.9072098
        ]
    },
    "EndToEndStd": {
        "R0h1R1h1": [
            20473912.43219499,
            19409041.219197888,
            19492823.830977604,
            19120971.862528373,
            20623121.98975238,
            24570610.03841852,
            13591339.933414014,
            20179620.10589864,
            17502665.375290066,
            26105039.798936855,
            20153903.504047338,
            19365338.06720389,
            17516749.722620696,
            18464585.594109718,
            21381873.07351225,
            21794378.92067023,
            25161453.9716993,
            14794712.26452529,
            24230839.94696763,
            22945930.376644615,
            16845668.426062755,
            21328560.016544648,
            18445417.349128384,
            22903417.074451618,
            25147274.185801234,
            20490049.93377958,
            22132670.270694096,
            21264699.307391793,
            18333543.564297006,
            19060646.01386834,
            17726026.631289903,
            21826592.296904165,
            17843318.45488277,
            15425835.02434813,
            24754346.760578,
            20795701.503289036,
            19448384.934713118,
            19276697.352933884,
            21680975.06365459,
            17496088.377650224,
            21935797.424193084,
            20056003.836570855,
            22826522.2651703,
            25498579.342618316,
            23813495.236891925,
            20920074.76724623,
            19379062.884048782,
            26707917.28015985,
            25096630.643820785,
            17451076.524581503
        ],
        "R0h0R1h0": [
            22145306.348862525,
            19223380.59522021,
            16984813.866779212,
            18679960.771121982,
            19357777.387160324,
            24928749.046176694,
            13855191.886494627,
            20283997.221748244,
            17462054.824282955,
            20694360.393856313,
            19455235.17162766,
            20225600.73348791,
            19799093.85213592,
            19379932.85329505,
            18469544.139015973,
            22945481.31832588,
            25284714.875927005,
            15322978.645595826,
            24457171.018412236,
            21081957.347089916,
            17558399.49628748,
            19623813.287356094,
            19356436.65999358,
            18885984.41711504,
            22460456.673461426,
            20526261.912258677,
            21820154.95633447,
            21024128.931272432,
            18506027.737407137,
            19180749.615015622,
            17199558.076660294,
            19510180.51064662,
            19222866.825730834,
            16390080.16810068,
            17454296.210833177,
            21394743.732030272,
            20339181.58579802,
            19233037.125428706,
            17391440.881696682,
            15553418.408102935,
            22916580.569690518,
            20730975.145950004,
            22031164.58157661,
            23191632.74781754,
            18862027.55452767,
            20734565.285805758,
            18185157.20708286,
            22751542.37146298,
            23732225.326310962,
            18824864.66069316
        ]
    },