{
    "Overall": {
        "samples": {
            "DominantAssumption": {
                "R0h1R1h1": 48,
                "R0h0R1h0": 47
            },
            "General": {
                "R0h1R1h1": 50,
                "R0h0R1h0": 50
            },
            "RelaxedDominantAssumption": {
                "R0h1R1h1": 46,
                "R0h0R1h0": 47
            },
            "Basic": {
                "R0h1R1h1": 15,
                "R0h0R1h0": 42
            },
            "Basic_timeAvg": {
                "R0h1R1h1": 46,
                "R0h0R1h0": 47
            }
        }
    },
    "PerTrafficStream": {},
    "ANOVA": {
        "samples": 47,
        "groundtruth": 27
    },
    "Kruskal": {
        "samples": 48,
        "groundtruth": 29
    },
    "EndToEndMean": {
        "R0h1R1h1": [
            551806277.6904813,
            558234204.6386465,
            547808879.5740142,
            546312201.705528,
            552258144.5675278,
            551530884.8411652,
            556928755.4729382,
            549929813.2936336,
            554665485.9438764,
            554612837.0552417,
            553200928.9430324,
            549909529.4916083,
            548720058.6579174,
            550567734.756654,
            549444052.3491162,
            553731580.6696851,
            553252110.6807625,
            544300698.962012,
            548834545.0814353,
            555189549.1166348,
            551240520.5323635,
            557320275.3309672,
            545592294.1111581,
            551790384.7815619,
            549449924.050121,
            554571485.4435858,
            552062362.7006001,
            548689704.5050246,
            546412117.0616482,
            551543346.8203243,
            553886735.0136083,
            552188614.4810915,
            553062013.6008695,
            552281082.8542068,
            555655709.7998714,
            552514147.1984462,
            556600797.1771257,
            549633186.1789337,
            554112987.4727972,
            555258595.1198518,
            559283824.5112097,
            549890799.140385,
            543588674.289149,
            552091465.9249674,
            553219198.246879,
            555578137.910409,
            546565031.523176,
            542041249.0731448,
            555244139.3866582,
            553928759.347423
        ],
        "R0h0R1h0": [
            553064230.5939952,
            559265637.5570087,
            549389732.5756189,
            549241848.3410623,
            553987434.5823252,
            551951263.7523506,
            559455409.6938673,
            551120054.165917,
            556488311.7836944,
            557423134.4393709,
            554030181.757651,
            551718773.2083895,
            551445857.2470471,
            552807256.6642869,
            553224682.1214647,
            554501914.6356485,
            553676481.1578504,
            546520866.3634984,
            551934667.4373641,
            556028019.2020725,
            553249404.7389761,
            558813062.8362387,
            548245729.5487804,
            554196346.9190445,
            551959583.013928,
            556588299.8103334,
            554658568.9960778,
            549649045.9881877,
            548551806.8118421,
            552777297.3658211,
            555026471.1951013,
            555438012.8304856,
            554674908.0071193,
            552957541.5280954,
            557802717.4858458,
            552978344.0311543,
            557717753.7714574,
            551355289.634609,
            555386985.1158353,
            556204233.1959947,
            561485624.0658532,
            551701299.9319739,
            544861317.6296421,
            554111275.6376371,
            554395168.289299,
            556668301.0147429,
            548673091.4224021,
            542941398.4181727,
            556746875.4366311,
            555329891.9195852
        ]
    },
    "EndToEndStd": {
        "R0h1R1h1": [
            17879478.223066166,
            18348887.553904027,
            23231364.3673696,
            25164827.813804448,
            23083749.104390785,
            22901924.077138957,
            21776099.83464168,
            20448076.257501774,
            17433895.761873707,
            23246096.49294497,
            23024903.429458655,
            22274975.223167636,
            18756371.11619954,
            27515795.227510754,
            24080733.45819176,
            20418479.200025875,
            18085972.10702384,
            20961271.79813281,
            23970329.63361754,
            19128382.809918713,
            19595230.552037627,
            21215674.63808513,
            20832175.597107798,
            26703611.295510232,
            26214400.371202182,
            25416604.40275372,
            20785871.877236884,
            19717993.83480739,
            16055693.25851128,
            21323388.631414376,
            17801319.416244213,
            28057557.469680432,
            22578243.523585398,
            16867071.54835717,
            22823885.282611266,
            22864062.449391723,
            16463699.39367346,
            24087011.983303882,
            22027712.57973024,
            23059760.258121938,
            25601198.166514553,
            21095270.91684913,
            19308812.765313447,
            24638136.315699626,
            19543996.99793816,
            17212812.7474184,
            18206818.46666855,
            19632404.3287292,
            15763328.50308695,
            23146978.86673134
        ],
        "R0h0R1h0": [
            17967776.17715572,
            20273959.684937537,
            22892193.07608269,
            25526374.846320193,
            20190452.36797746,
            22507572.06482801,
            20179077.053122763,
            22137293.472234987,
            17617921.20393985,
            24487223.305972032,
            20068658.22687167,
            23641756.19279391,
            18600249.601294033,
            23607049.735147078,
            24985797.36842781,
            20428793.59637611,
            18904857.861581158,
            20256744.79529406,
            21581072.265406583,
            19056212.176159352,
            20692162.275843,
            17357562.056133218,
            18844483.007746514,
            19826322.143595085,
            27874122.08140994,
            24756803.808458433,
            20954309.87228792,
            18820452.512138776,
            16899368.710307118,
            21770254.19709498,
            15509542.034214811,
            24912189.69970115,
            23159850.20737424,
            16925913.470929176,
            20841953.177431546,
            22935560.68865794,
            16146577.52096534,
            23323847.08534709,
            21028793.317547303,
            22420350.809209194,
            24657209.09033928,
            19656623.095231976,
            19781797.98968229,
            22543846.61866319,
            18656780.825563468,
            15840648.121318419,
            18681227.37749946,
            18067322.7050629,
            16373212.013757793,
            18645226.37511447
        ]
    },