{
    "Overall": {
        "samples": {
            "DominantAssumption": {
                "R0h1R1h1": 42,
                "R0h0R1h0": 46
            },
            "General": {
                "R0h1R1h1": 50,
                "R0h0R1h0": 50
            },
            "RelaxedDominantAssumption": {
                "R0h1R1h1": 41,
                "R0h0R1h0": 45
            },
            "Basic": {
                "R0h1R1h1": 17,
                "R0h0R1h0": 35
            },
            "Basic_timeAvg": {
                "R0h1R1h1": 43,
                "R0h0R1h0": 47
            }
        }
    },
    "PerTrafficStream": {},
    "ANOVA": {
        "samples": 47,
        "groundtruth": 31
    },
    "Kruskal": {
        "samples": 47,
        "groundtruth": 31
    },
    "EndToEndMean": {
        "R0h1R1h1": [
            558878168.9614441,
            549311841.378645,
            544923696.4591837,
            556651449.8763134,
            551862016.088142,
            544579019.0841357,
            553841980.0220368,
            546242750.8918406,
            558317125.5910329,
            549722424.0047598,
            551952809.9201031,
            551862076.9776281,
            549714244.7117773,
            552294445.0940433,
            555927349.9355335,
            546317502.3295872,
            551439908.9676182,
            551496644.8647695,
            554061747.034662,
            552778042.42527,
            548393104.160992,
            557050000.7939342,
            551513985.243814,
            549646677.7527319,
            546742479.0375369,
            549028002.306524,
            553331842.0151548,
            564443139.7783365,
            544520932.8938811,
            555678289.7867208,
            555859730.0772794,
            554243166.3102703,
            552017843.9028524,
            550129120.5573385,
            548557175.7207109,
            551646014.5309621,
            549420030.2690171,
            557319054.5901008,
            551958696.659787,
            546039871.3576257,
            550603216.4143195,
            551454252.252366,
            555771191.9304813,
            553953281.7035018,
            553341931.8856585,
            554668071.8132542,
            549234818.9877287,
            549206249.559322,
            544772783.1624084,
            553977067.3668011
        ],
        "R0h0R1h0": [
            559285442.8746759,
            550524293.7090849,
            548361442.1858686,
            559474138.8810189,
            555132779.0197151,
            546060660.5784097,
            555594021.059386,
            548072393.9317236,
            557985174.1270168,
            551759414.0383205,
            553495692.8204781,
            552670134.1945299,
            550501371.4756517,
            553886536.063285,
            558481781.6981009,
            548432550.364549,
            551873027.8724438,
            554244092.3145214,
            555150560.1458895,
            553853154.9784892,
            549736857.7393868,
            559460690.8091314,
            552275199.0039235,
            551515469.6004801,
            547409967.8948519,
            551046716.7454696,
            555513836.7300445,
            566047252.5217173,
            546758082.4707526,
            556777741.3978279,
            556762413.5453457,
            555217598.0036442,
            554529193.2481955,
            550558489.6856562,
            548763149.5295087,
            553207819.4101787,
            550899478.7613794,
            558883590.8272454,
            553342399.9119223,
            546935967.8634046,
            552116822.0628963,
            552499895.8820435,
            557860375.3037217,
            555837916.3196763,
            556191434.2533829,
            556663400.1895005,
            550012235.208579,
            550894636.1205328,
            546829869.8409241,
            555467011.8423038
        ]
    },
    "EndToEndStd": {
        "R0h1R1h1": [
            14100844.220609251,
            19301256.22371344,
            16023800.17779786,
            17478196.323745787,
            22408963.682100356,
            15741530.798824033,
            26156387.848226618,
            21054098.348550107,
            19021713.74639732,
            19662197.73377056,
            21646905.82354734,
            17786691.691951443,
            23595001.83681812,
            20479867.347379044,
            18881554.26039693,
            18082418.950818993,
            21023863.64730748,
            21946744.39787121,
            18482558.17427593,
            20699270.077242788,
            21841070.582311694,
            24807036.382696863,
            24393481.916963425,
            19874013.822611406,
            19280130.42615369,
            22072144.15018314,
            23184159.453446187,
            26701154.356829546,
            18634478.228771873,
            18390835.33388406,
            21397321.513799828,
            20046209.520383094,
            25441534.183784682,
            14587242.089783689,
            17259738.604159854,
            19810922.93312676,
            27560809.71914947,
            20909477.8457999,
            19396362.323035996,
            18913125.219548464,
            17131590.74833044,
            20903119.32333129,
            22976885.15837709,
            19962417.453885164,
            22796654.71618252,
            21097512.161656152,
            22143513.008822616,
            18864582.983951,
            26548172.461825337,
            21801242.821706146
        ],
        "R0h0R1h0": [
            13645174.661530335,
            19083877.758738264,
            17054020.7583803,
            19717786.362099152,
            22715256.458591636,
            14951163.462701717,
            21445093.373107478,
            21107169.80117486,
            19743979.93615017,
            20109957.214447517,
            18991715.872529007,
            15383322.224461654,
            23572240.784384377,
            19106788.537118666,
            17703689.303312216,
            18304622.540623173,
            19506730.40382677,
            23527922.959412005,
            18415605.245800886,
            20583409.993321985,
            21786447.60895354,
            25090462.27577859,
            23869993.6055379,
            20297679.040691007,
            20924961.28453022,
            22566907.42040496,
            18502215.017241456,
            24779327.914858513,
            19578912.222142357,
            17047124.987475246,
            21762813.87633972,
            18905024.053254504,
            19669769.62067633,
            14165804.189441869,
            16666165.60469309,
            20660819.14232215,
            25092889.664108112,
            20866885.136615645,
            19503476.41633903,
            18169954.500309143,
            16290096.145822715,
            19590388.914516382,
            21172521.29425436,
            20777946.45977992,
            21342639.55008526,
            17651149.97861785,
            21443200.853321146,
            17882144.110545546,
            25501161.237557773,
            22520655.59531658
        ]
    },