{
    "Overall": {
        "samples": {
            "DominantAssumption": {
                "R0h1R1h1": 48,
                "R0h0R1h0": 45
            },
            "General": {
                "R0h1R1h1": 50,
                "R0h0R1h0": 50
            },
            "RelaxedDominantAssumption": {
                "R0h1R1h1": 47,
                "R0h0R1h0": 45
            },
            "Basic": {
                "R0h1R1h1": 18,
                "R0h0R1h0": 44
            },
            "Basic_timeAvg": {
                "R0h1R1h1": 47,
                "R0h0R1h0": 45
            }
        }
    },
    "PerTrafficStream": {},
    "ANOVA": {
        "samples": 46,
        "groundtruth": 30
    },
    "Kruskal": {
        "samples": 46,
        "groundtruth": 29
    },
    "EndToEndMean": {
        "R0h1R1h1": [
            544114330.404336,
            545043123.8215605,
            553638332.9217635,
            558208300.8458025,
            555239165.983993,
            549753976.3491201,
            548872398.1871383,
            560147769.690363,
            550358145.1108056,
            544456045.4717382,
            548730570.1922755,
            547225189.9917338,
            551555959.2691072,
            552613815.908488,
            543381841.5961539,
            548526066.4192003,
            551120719.9798672,
            540333643.6246253,
            552496064.9868222,
            553449381.676155,
            552553529.2180692,
            547073476.9277186,
            555797379.9057829,
            552656676.3788389,
            549570920.6002587,
            556517272.0245413,
            551172642.6738604,
            555191144.1054348,
            551449157.6481521,
            544199378.8307822,
            550511167.5176667,
            553107332.3296272,
            561326289.4345146,
            549769642.3469864,
            552606833.699092,
            551592426.1141956,
            550014927.1847067,
            555393719.1708287,
            559061765.4818709,
            552776914.4752302,
            549536047.328773,
            551700971.2688496,
            550370885.1671964,
            548827294.5060292,
            549796345.2846284,
            554086543.5763644,
            551359304.0640297,
            550257156.3480351,
            549660883.8745987,
            550097595.4170929
        ],
        "R0h0R1h0": [
            545187935.0699679,
            547045301.3920105,
            555101453.5039676,
            559563689.8162751,
            557441378.633139,
            552296375.0827781,
            550891477.1240633,
            561784077.3276275,
            551326341.066521,
            546691493.0780332,
            551424032.6096328,
            549525701.6228129,
            553187692.9699804,
            555812623.1907682,
            545841390.0996346,
            550285278.4118235,
            553734601.3337908,
            541526088.5825063,
            554572622.8222709,
            554740928.2470728,
            554178976.0212228,
            547947126.098438,
            557602943.0163987,
            553136655.0645107,
            551831317.0885785,
            557240227.7174205,
            554613713.6092705,
            555686891.9316655,
            553257798.6119096,
            545848614.6825054,
            553250978.6935692,
            554176773.548585,
            562711140.3118726,
            550235705.9004248,
            553744400.939047,
            551887919.4899204,
            551279600.3929796,
            556775801.2751449,
            561393917.3931023,
            552893760.9560196,
            551190273.2076795,
            553265801.7461773,
            551919108.0950034,
            551071642.0181454,
            551705580.1557323,
            555607934.5729271,
            554757348.5598923,
            551268234.9549385,
            551055555.031229,
            551967710.6952637
        ]
    },
    "EndToEndStd": {
        "R0h1R1h1": [
            20752283.7130853,
            22459500.476103082,
            22157777.350608613,
            19929573.125073127,
            19351172.966448303,
            21489809.470980477,
            25861793.061389107,
            25098054.227638192,
            16431782.518724397,
            26745943.26092693,
            28574266.38539367,
            22324719.710533153,
            24025707.903252136,
            27086067.52321658,
            28386584.33222025,
            20565256.83490499,
            20367188.978608195,
            16057904.719111346,
            17965760.827290133,
            15528808.77567722,
            21051920.81256338,
            17113945.454693187,
            18220182.542020533,
            16981533.267092038,
            23844339.603007603,
            17204270.96903279,
            24799037.36238768,
            22887212.067668114,
            24151822.263680767,
            23054522.737666752,
            22919051.582877714,
            20757457.49385366,
            22095479.09367615,
            19082049.55046108,
            21247487.078504518,
            18018981.444733012,
            19464966.62209509,
            22799715.819643658,
            22413701.161582965,
            19483766.8469377,
            17255049.54262545,
            21547885.658727486,
            19906124.045901272,
            18466285.861940864,
            16239233.530235864,
            17594618.130392686,
            23404592.540137056,
            24875360.682368662,
            18229699.47545667,
            19043983.646112133
        ],
        "R0h0R1h0": [
            19240824.857860938,
            21038280.733231086,
            20582498.145533144,
            19217982.98027165,
            19555078.353809852,
            24338052.31525491,
            17942676.925862037,
            19921373.178492606,
            17293093.436836563,
            17196683.608087394,
            25677130.186457288,
            19621518.919081043,
            19061702.346214943,
            25731656.201671902,
            28939335.398955155,
            17757385.140600964,
            21574782.47660885,
            16053564.722981174,
            18314498.74117296,
            16316494.606147053,
            20985180.414599936,
            18018866.70447406,
            18328986.95984329,
            15868657.106480667,
            17241632.48527794,
            16937732.574481424,
            25596907.64767642,
            21829972.661290504,
            25349841.629519913,
            21639843.440635886,
            17988636.805264026,
            16659015.489508215,
            18262335.75474079,
            20867000.237927955,
            21444236.28570503,
            17759044.11205664,
            18556989.22451057,
            23812709.14538792,
            21563487.197625667,
            19591035.640780684,
            19267477.76766631,
            19577534.110940825,
            19515350.06023313,
            18957326.773943435,
            17139066.123005353,
            16678940.13465421,
            23769323.949561827,
            21603609.621897735,
            18144272.968598664,
            19149400.759244245
        ]
    },