{
    "MaxEpsilonIneqDelay": {
        "A0D0": {
            "A0": 8
        }
    },
    "MaxEpsilonIneqSuccessProb": {
        "E2E_eventAvg": {
            "A0D0": {
                "A0": 0
            }
        },
        "sentTime_est": {
            "A0D0": {
                "A0": 1
            }
        },
        "enqueueTime_est": {
            "A0D0": {
                "A0": 4
            }
        },
        "poisson_sentTime_est": {
            "0.5": {
                "A0D0": {
                    "A0": 1
                }
            }
        }
    },
    "MaxEpsilonIneqNonMarkingProb": {
        "E2E_eventAvg": {
            "A0D0": {
                "A0": 9
            }
        },
        "sentTime_est_events": {
            "A0D0": {
                "A0": 3
            }
        },
        "sentTime_est_probs": {
            "A0D0": {
                "A0": 0
            }
        },
        "possion_est_probs": {
            "A0D0": {
                "A0": 8
            }
        }
    },
    "EndToEndDelayMean": {
        "A0D0": {
            "A0": [
                60059.50991777864,
                59716.691124547186,
                60950.368942526096,
                62172.42789337222,
                54917.638455577464,
                59658.22114905719,
                62320.06709178639,
                58384.82858770063,
                58915.53898572808,
                56762.15206719824
            ]
        }
    },
    "EndToEndDelayStd": {
        "A0D0": {
            "A0": [
                86158.43066823191,
                86770.82637205979,
                82678.97824888639,
                81729.15938697533,
                77216.45302678239,
                80844.09945345893,
                77922.89957157167,
                81193.86031704347,
                78459.84186633815,
                74011.68440394496
            ]
        }
    },
    "EndToEndSuccessProb": {
        "E2E_eventAvg": {
            "A0D0": {
                "A0": [
                    0.9961851916074216,
                    0.9950563694459517,
                    0.9964990080522815,
                    0.9963652885052249,
                    0.9974475326148611,
                    0.9971766684687932,
                    0.997298408410172,
                    0.9970945435527921,
                    0.9970183486238532,
                    0.9975669099756691
                ]
            }
        },
        "sentTime_est": {
            "A0D0": {
                "A0": [
                    0.9954823791509877,
                    0.9941059148550555,
                    0.995502734357456,
                    0.9961406352302082,
                    0.9969795689722338,
                    0.9964770725219595,
                    0.9970343175269455,
                    0.9965581993048558,
                    0.996332893093337,
                    0.9968511012865038
                ]
            }
        },
        "enqueueTime_est": {
            "A0D0": {
                "A0": [
                    0.9877988728445857,
                    0.9845287995551243,
                    0.9884772924516596,
                    0.9898938718493646,
                    0.9913893631141781,
                    0.9908753465788713,
                    0.9917020121448031,
                    0.9895066763987216,
                    0.9905253724430054,
                    0.991153861019997
                ]
            }
        },
        "poisson_sentTime_est": {
            "0.5": {
                "A0D0": {
                    "A0": [
                        0.9968587626343574,
                        0.9930007946069858,
                        0.995813028146143,
                        0.9973316756051921,
                        0.9973973016318123,
                        0.9965321780902706,
                        0.9976761929628439,
                        0.9971276043591621,
                        0.9960096189828366,
                        0.9960939395971093
                    ]
                }
            }
        }
    },
    "EndToEndNonMarkingProb": {
        "E2E_eventAvg": {
            "A0D0": {
                "A0": [
                    0.6972429339344547,
                    0.6969916199433291,
                    0.6600536818765317,
                    0.6750908677873694,
                    0.7062960862166762,
                    0.6739953144710759,
                    0.6348740236095612,
                    0.6916729618223023,
                    0.6610091743119266,
                    0.6765728189085853
                ]
            }
        },
        "sentTime_est_events": {
            "A0D0": {
                "A0": [
                    0.7070300716055686,
                    0.71431177482317,
                    0.6784517440069011,
                    0.683112314019175,
                    0.7144444675464723,
                    0.6911036224744926,
                    0.6580270726847817,
                    0.705344467730169,
                    0.6824602521971441,
                    0.6972857947667153
                ]
            }
        },
        "sentTime_est_probs": {
            "A0D0": {
                "A0": [
                    0.6386283040031708,
                    0.6360612134576922,
                    0.6306025067103164,
                    0.6383562771741509,
                    0.6533531118354619,
                    0.6444568231666459,
                    0.6186008943464563,
                    0.6373800524922069,
                    0.6428237834288781,
                    0.6486420088028639
                ]
            }
        },
        "possion_est_probs": {
            "A0D0": {
                "A0": [
                    0.7031795421132654,
                    0.6977596128571965,
                    0.6732356516529544,
                    0.6786279986957268,
                    0.7096934178720306,
                    0.6713531933485604,
                    0.6514245032047982,
                    0.6894732129777528,
                    0.6833612249304043,
                    0.692037760907636
                ]
            }
        }
    },
    "DropRate": [
        0.003814808392578417,
        0.004943630554048339,
        0.003500991947718468,
        0.0036347114947751225,
        0.0025524673851389235,
        0.0028233315312067297,
        0.0027015915898278564,
        0.002905456447207966,
        0.002981651376146699,
        0.0024330900243310083
    ],
    "maxEpsilonDelay": {
        "A0D0": {
            "A0": [
                0.042158560224423915,
                0.042263812200701766,
                0.03933176562211861,
                0.03910976267573957,
                0.04077022847254272,
                0.039865252617512774,
                0.036815838639019154,
                0.04061150478435855,
                0.03853465961989963,
                0.03723298363981863
            ]
        }
    },
    "maxEpsilonSuccessProb": {
        "A0D0": {
            "A0": [
                0.0024294817839650316,
                0.002594829264970727,
                0.0023562784958355114,
                0.002346229286811942,
                0.0016313816144763649,
                0.0016325362059188585,
                0.0019320222193103197,
                0.0018771145666598332,
                0.001892888390910084,
                0.0018505330287120556
            ]
        }
    },
    "maxEpsilonNonMarkingProb": {
        "A0D0": {
            "A0": [
                0.019214159220327355,
                0.018912704656031766,
                0.020174345265519585,
                0.0205271867412539,
                0.01871449605063642,
                0.01997475176897595,
                0.021855660440925996,
                0.019043278795120414,
                0.020463752448983907,
                0.02047925401240214
            ]
        }
    },