{
    "MaxEpsilonIneqDelay": {
        "A0D0": {
            "A0": 10
        }
    },
    "MaxEpsilonIneqSuccessProb": {
        "E2E_eventAvg": {
            "A0D0": {
                "A0": 0
            }
        },
        "sentTime_est": {
            "A0D0": {
                "A0": 0
            }
        },
        "enqueueTime_est": {
            "A0D0": {
                "A0": 5
            }
        },
        "poisson_sentTime_est": {
            "0.5": {
                "A0D0": {
                    "A0": 2
                }
            }
        }
    },
    "MaxEpsilonIneqNonMarkingProb": {
        "E2E_eventAvg": {
            "A0D0": {
                "A0": 7
            }
        },
        "sentTime_est_events": {
            "A0D0": {
                "A0": 2
            }
        },
        "sentTime_est_probs": {
            "A0D0": {
                "A0": 1
            }
        },
        "possion_est_probs": {
            "A0D0": {
                "A0": 8
            }
        }
    },
    "EndToEndDelayMean": {
        "A0D0": {
            "A0": [
                99205.24483718227,
                86817.36641256852,
                78327.95266651445,
                80485.97650977569,
                82676.1020279548,
                92748.12586777614,
                79594.73727523729,
                79282.89895210383,
                72728.00153109478,
                73594.6866799452
            ]
        }
    },
    "EndToEndDelayStd": {
        "A0D0": {
            "A0": [
                118973.06241422871,
                110086.52935100952,
                106604.27822117232,
                109418.32144580664,
                106976.32334819694,
                110888.80075756178,
                100649.0063328886,
                104569.27832085316,
                97380.20073488915,
                94422.52606777937
            ]
        }
    },
    "EndToEndSuccessProb": {
        "E2E_eventAvg": {
            "A0D0": {
                "A0": [
                    0.9791773968067103,
                    0.9873679096319689,
                    0.9911255546528343,
                    0.9846850198412699,
                    0.9874179095317007,
                    0.9819719953325554,
                    0.9908879757012685,
                    0.9908735332464146,
                    0.9910203097691798,
                    0.9945894524050182
                ]
            }
        },
        "sentTime_est": {
            "A0D0": {
                "A0": [
                    0.9786788056735808,
                    0.984855841747873,
                    0.9905846416683615,
                    0.9837180507053631,
                    0.9853574878922188,
                    0.977953523342365,
                    0.9895197158266675,
                    0.9892644448445346,
                    0.9891767654507237,
                    0.9930360028620028
                ]
            }
        },
        "enqueueTime_est": {
            "A0D0": {
                "A0": [
                    0.9655303198903855,
                    0.975837183260168,
                    0.9830757181378705,
                    0.9740476610337695,
                    0.9746948186274895,
                    0.9658140190291824,
                    0.9822455514829133,
                    0.9798558977832166,
                    0.9822331973003653,
                    0.9886755801098362
                ]
            }
        },
        "poisson_sentTime_est": {
            "0.5": {
                "A0D0": {
                    "A0": [
                        0.9812030447620022,
                        0.9851862934206896,
                        0.9930117913512703,
                        0.9816151848956339,
                        0.9844872054398994,
                        0.9806400775907254,
                        0.9891740692100723,
                        0.9877881487181533,
                        0.9870912910201628,
                        0.9937032117940438
                    ]
                }
            }
        }
    },
    "EndToEndNonMarkingProb": {
        "E2E_eventAvg": {
            "A0D0": {
                "A0": [
                    0.5478625561033037,
                    0.6152678246082838,
                    0.6318980063746016,
                    0.6333705357142857,
                    0.6283066347511201,
                    0.5973745624270712,
                    0.6340896909058424,
                    0.6376674173284342,
                    0.6508166094136082,
                    0.6508115821392473
                ]
            }
        },
        "sentTime_est_events": {
            "A0D0": {
                "A0": [
                    0.6039150691430624,
                    0.6452931041145805,
                    0.6625611215034556,
                    0.6680789544377814,
                    0.6583402366970965,
                    0.620009690138223,
                    0.649610545553547,
                    0.6630385110481782,
                    0.6792054281384321,
                    0.6699859074481149
                ]
            }
        },
        "sentTime_est_probs": {
            "A0D0": {
                "A0": [
                    0.5539447304134073,
                    0.6081095702077859,
                    0.5890431897981334,
                    0.6156000843561666,
                    0.6053618046293713,
                    0.6005430322800129,
                    0.6079816296782742,
                    0.6079732225975543,
                    0.6159832233755038,
                    0.6293910579025837
                ]
            }
        },
        "possion_est_probs": {
            "A0D0": {
                "A0": [
                    0.5659926179387257,
                    0.6344254711929921,
                    0.6463770528184644,
                    0.6555874259596101,
                    0.634321500294915,
                    0.6139742092982772,
                    0.6430101604154379,
                    0.6524843090865662,
                    0.6621570373301674,
                    0.6566316894018888
                ]
            }
        }
    },
    "DropRate": [
        0.020822603193289657,
        0.012632090368031146,
        0.00887444534716575,
        0.015314980158730118,
        0.012582090468299278,
        0.018028004667444697,
        0.009112024298731591,
        0.009126466753585416,
        0.008979690230820236,
        0.005410547594981829
    ],
    "maxEpsilonDelay": {
        "A0D0": {
            "A0": [
                0.035022543714365514,
                0.03723942091679897,
                0.038550552619314574,
                0.038503011058939024,
                0.038307749469324755,
                0.035309696535904884,
                0.038387042932402554,
                0.037826973573512744,
                0.039909152109950816,
                0.03739050557201021
            ]
        }
    },
    "maxEpsilonSuccessProb": {
        "A0D0": {
            "A0": [
                0.003886146917899133,
                0.003333909566233487,
                0.0029151204196423554,
                0.0034940236890739756,
                0.0034657033395625674,
                0.004137438910545609,
                0.003060104407226607,
                0.003306437181198224,
                0.002956500617621861,
                0.002446436417731821
            ]
        }
    },
    "maxEpsilonNonMarkingProb": {
        "A0D0": {
            "A0": [
                0.02403450496373692,
                0.021894375456668447,
                0.021421851869974515,
                0.021568643665046405,
                0.021532218143786905,
                0.023880225401326446,
                0.021614423911060332,
                0.021461899813844804,
                0.021057407103981636,
                0.020979555812936892
            ]
        }
    },