{
    "MaxEpsilonIneqDelay": {
        "A0D0": {
            "A0": 29
        }
    },
    "MaxEpsilonIneqSuccessProb": {
        "E2E_eventAvg": {
            "A0D0": {
                "A0": 0
            }
        },
        "sentTime_est": {
            "A0D0": {
                "A0": 0
            }
        },
        "enqueueTime_est": {
            "A0D0": {
                "A0": 27
            }
        },
        "poisson_sentTime_est": {
            "0.5": {
                "A0D0": {
                    "A0": 0
                }
            }
        }
    },
    "EndToEndDelayMean": {
        "A0D0": {
            "A0": [
                53008,
                42680,
                45936,
                44555,
                43490,
                46498,
                46455,
                43647,
                50950,
                47901,
                45269,
                43431,
                46819,
                44784,
                41636,
                41767,
                41336,
                40018,
                42563,
                41807,
                44015,
                41321,
                39977,
                46948,
                42676,
                41195,
                44063,
                42020,
                45044,
                41723
            ]
        }
    },
    "EndToEndDelayStd": {
        "A0D0": {
            "A0": [
                2682874019,
                2249075625,
                2249562252,
                2405032958,
                2267199691,
                2309196042,
                2296490561,
                2329063503,
                2633037004,
                2489406057,
                2386642123,
                2355722679,
                2502575486,
                2353800229,
                2296079163,
                2321145993,
                2297352207,
                2079532362,
                2450212452,
                2388861523,
                2493506625,
                2261648867,
                2226616448,
                2576739147,
                2358363165,
                2336133418,
                2374531632,
                2339603776,
                2366943353,
                2414709652
            ]
        }
    },
    "EndToEndSuccessProb": {
        "E2E_eventAvg": {
            "A0D0": {
                "A0": [
                    0.9882209337808971,
                    0.9921416913498157,
                    0.9925677295612563,
                    0.9914780906316577,
                    0.9927497789566755,
                    0.9927919548915887,
                    0.9913258983890955,
                    0.9914756025867137,
                    0.9873781180833882,
                    0.9900556410559962,
                    0.9921484238687914,
                    0.9903648434287057,
                    0.9906133395522388,
                    0.9907456217419317,
                    0.9923136049192929,
                    0.992098493201029,
                    0.9924233385037585,
                    0.9928019662921348,
                    0.988531417878916,
                    0.9915564478034955,
                    0.9903458895996209,
                    0.9921094160967912,
                    0.9914804224776799,
                    0.98883206959384,
                    0.9918184983172798,
                    0.9906016128096536,
                    0.9914460755981968,
                    0.9918018489447061,
                    0.9914439133769989,
                    0.9900041159522549
                ]
            }
        },
        "sentTime_est": {
            "A0D0": {
                "A0": [
                    0.9858702873910212,
                    0.9907910657315125,
                    0.9909074678264341,
                    0.9890154591260506,
                    0.9913776397570042,
                    0.9907970027273572,
                    0.9893661861531121,
                    0.9893729580680665,
                    0.6151248857197701,
                    0.6170561417669909,
                    0.6188183644798725,
                    0.6177475291810693,
                    0.6175812355151714,
                    0.6177331927752048,
                    0.6189444937826493,
                    0.6191674842108893,
                    0.6190177476442524,
                    0.6193448042747897,
                    0.6161429197351767,
                    0.6181906510472196,
                    0.6173985847438959,
                    0.6188093647325135,
                    0.6186152855806457,
                    0.6163282352433243,
                    0.6185345012910421,
                    0.6181460826197763,
                    0.6183810762867563,
                    0.6188519879461608,
                    0.6185388081124374,
                    0.6177804144624257
                ]
            }
        },
        "enqueueTime_est": {
            "A0D0": {
                "A0": [
                    0.9605058,
                    0.9758195,
                    0.976599,
                    0.9712571,
                    0.9773261,
                    0.9756694,
                    0.9739949999999999,
                    0.9738299,
                    0.9620053,
                    0.9714846,
                    0.9751688,
                    0.973574,
                    0.9685054,
                    0.9724108,
                    0.9776252,
                    0.972713,
                    0.9721914,
                    0.9769745,
                    0.968182,
                    0.9731666,
                    0.9704336,
                    0.9750707,
                    0.9756018,
                    0.9652831,
                    0.9742411,
                    0.9730628,
                    0.9730027,
                    0.9740294,
                    0.9747018,
                    0.9743303
                ]
            }
        },
        "poisson_sentTime_est": {
            "0.5": {
                "A0D0": {
                    "A0": [
                        0.9869085722438115,
                        0.9894902300047164,
                        0.9912313621905009,
                        0.9920572960764958,
                        0.9932711469218042,
                        0.989787292834165,
                        0.9904926088392134,
                        0.9880752795217469,
                        0.98454353378116,
                        0.9894956488901425,
                        0.989745557957963,
                        0.9908338007107027,
                        0.9887073081816862,
                        0.99165793832603,
                        0.9907007298788811,
                        0.9890275970400042,
                        0.9931697989966722,
                        0.9914125247147998,
                        0.986402533373788,
                        0.987389610483783,
                        0.9893513200085353,
                        0.9924768125863576,
                        0.989523972663216,
                        0.9887044033143295,
                        0.9910349067648969,
                        0.9902733543312423,
                        0.9898897918383873,
                        0.9902658551649415,
                        0.9887189953554608,
                        0.9865798416255257
                    ]
                }
            }
        }
    },