{
    "MaxEpsilonIneqDelay": {
        "A0D0": {
            "A0": 10
        }
    },
    "MaxEpsilonIneqSuccessProb": {
        "E2E_eventAvg": {
            "A0D0": {
                "A0": 0
            }
        },
        "sentTime_est": {
            "A0D0": {
                "A0": 0
            }
        },
        "enqueueTime_est": {
            "A0D0": {
                "A0": 7
            }
        },
        "poisson_sentTime_est": {
            "0.5": {
                "A0D0": {
                    "A0": 1
                }
            }
        }
    },
    "MaxEpsilonIneqNonMarkingProb": {
        "E2E_eventAvg": {
            "A0D0": {
                "A0": 10
            }
        },
        "sentTime_est_events": {
            "A0D0": {
                "A0": 4
            }
        },
        "sentTime_est_probs": {
            "A0D0": {
                "A0": 0
            }
        },
        "possion_est_probs": {
            "A0D0": {
                "A0": 5
            }
        }
    },
    "EndToEndDelayMean": {
        "A0D0": {
            "A0": [
                74405.0826706638,
                80286.55955837465,
                70210.73997902565,
                66517.54260970368,
                70269.12833883743,
                65926.53121023894,
                66429.97125342386,
                58718.42147054661,
                59100.04426335117,
                63561.65906858745
            ]
        }
    },
    "EndToEndDelayStd": {
        "A0D0": {
            "A0": [
                98201.32263600596,
                104520.50156691532,
                95075.85275944974,
                91245.94797663753,
                96015.79481721234,
                89123.62557240126,
                90766.20834466064,
                82514.03881132831,
                83576.79666829982,
                90183.19112053995
            ]
        }
    },
    "EndToEndSuccessProb": {
        "E2E_eventAvg": {
            "A0D0": {
                "A0": [
                    0.9900133542356152,
                    0.9875941766272022,
                    0.9929593992020652,
                    0.9942528735632183,
                    0.9909228441754917,
                    0.9936120789779327,
                    0.9937267657992565,
                    0.996600632985582,
                    0.9955180141354939,
                    0.9924911915901345
                ]
            }
        },
        "sentTime_est": {
            "A0D0": {
                "A0": [
                    0.9884566488251156,
                    0.984526735610017,
                    0.9913943267148937,
                    0.9929373314240642,
                    0.9888089619909965,
                    0.9919485015311852,
                    0.9922151135781099,
                    0.995888416642463,
                    0.9948152422599397,
                    0.9905770012513474
                ]
            }
        },
        "enqueueTime_est": {
            "A0D0": {
                "A0": [
                    0.9773109824113765,
                    0.9686517690675777,
                    0.9823385338385262,
                    0.986925675185501,
                    0.9800709702347956,
                    0.9850831540851177,
                    0.9849348204717049,
                    0.9912562836788006,
                    0.990230703594058,
                    0.9834616379631698
                ]
            }
        },
        "poisson_sentTime_est": {
            "0.5": {
                "A0D0": {
                    "A0": [
                        0.9931483936606821,
                        0.9842669544020158,
                        0.9927312227780751,
                        0.9946267476849091,
                        0.9898973379214508,
                        0.9937001940033225,
                        0.9918376441578413,
                        0.9957352417527031,
                        0.9941791223263192,
                        0.9919189497040752
                    ]
                }
            }
        }
    },
    "EndToEndNonMarkingProb": {
        "E2E_eventAvg": {
            "A0D0": {
                "A0": [
                    0.6577831968878824,
                    0.64334673993089,
                    0.6702065242900728,
                    0.6799383813248016,
                    0.670196671709531,
                    0.6709639953542392,
                    0.665485594795539,
                    0.6995076778806705,
                    0.6985577199333448,
                    0.7013227054814302
                ]
            }
        },
        "sentTime_est_events": {
            "A0D0": {
                "A0": [
                    0.6709522571424065,
                    0.6564188563068543,
                    0.6804965495913421,
                    0.6905654858047128,
                    0.6829289960569381,
                    0.6853305894957733,
                    0.6843765081024251,
                    0.7122633004953609,
                    0.7068536366204785,
                    0.7125572029073199
                ]
            }
        },
        "sentTime_est_probs": {
            "A0D0": {
                "A0": [
                    0.6295667897407801,
                    0.6094231034144961,
                    0.645578232348496,
                    0.6200522663124051,
                    0.6307749099677495,
                    0.6307446901531051,
                    0.6425816129002396,
                    0.6639411789204344,
                    0.6642640521052169,
                    0.6432416371942942
                ]
            }
        },
        "possion_est_probs": {
            "A0D0": {
                "A0": [
                    0.6711824639218333,
                    0.6512675045294314,
                    0.6748290093941013,
                    0.6796854280466754,
                    0.6804617931655255,
                    0.6883587811734232,
                    0.6796057301063558,
                    0.7069448455096737,
                    0.7026425086127656,
                    0.7126534863494756
                ]
            }
        }
    },
    "DropRate": [
        0.009986645764384905,
        0.012405823372797942,
        0.007040600797934671,
        0.005747126436781547,
        0.009077155824508298,
        0.006387921022067311,
        0.006273234200743438,
        0.003399367014417898,
        0.0044819858645062105,
        0.007508808409865453
    ],
    "maxEpsilonDelay": {
        "A0D0": {
            "A0": [
                0.038762910589137056,
                0.039285138214930536,
                0.039188665762681235,
                0.0404298633087196,
                0.039998131838238735,
                0.0393022021099847,
                0.03933115377665046,
                0.042239398730498784,
                0.04078299150075239,
                0.04205167174365499
            ]
        }
    },
    "maxEpsilonSuccessProb": {
        "A0D0": {
            "A0": [
                0.003225588505517693,
                0.0036237095790146033,
                0.002919748057395448,
                0.002699224982203214,
                0.003323556406697595,
                0.002702278910176666,
                0.0027811637433579725,
                0.002215308227294826,
                0.0021098381422759898,
                0.0026974231726154857
            ]
        }
    },
    "maxEpsilonNonMarkingProb": {
        "A0D0": {
            "A0": [
                0.0212220013437041,
                0.021521261167430753,
                0.020528917782356177,
                0.019894391792120006,
                0.020372503373188553,
                0.02045269535967887,
                0.021026133259955858,
                0.01857346683967854,
                0.01861471722838654,
                0.019080824009602877
            ]
        }
    },