{
    "MaxEpsilonIneqDelay": {
        "A0D0": {
            "A0": 30
        }
    },
    "MaxEpsilonIneqSuccessProb": {
        "E2E_eventAvg": {
            "A0D0": {
                "A0": 0
            }
        },
        "sentTime_est": {
            "A0D0": {
                "A0": 0
            }
        },
        "enqueueTime_est": {
            "A0D0": {
                "A0": 26
            }
        },
        "poisson_sentTime_est": {
            "0.5": {
                "A0D0": {
                    "A0": 0
                }
            }
        }
    },
    "EndToEndDelayMean": {
        "A0D0": {
            "A0": [
                52461,
                46170,
                45731,
                42952,
                42474,
                40426,
                40706,
                45062,
                43513,
                46628,
                44201,
                45862,
                40466,
                39704,
                41477,
                43163,
                43057,
                39332,
                36200,
                40439,
                41510,
                48267,
                42696,
                42356,
                41299,
                40976,
                42945,
                44259,
                42212,
                44768
            ]
        }
    },
    "EndToEndDelayStd": {
        "A0D0": {
            "A0": [
                2520240504,
                2496242184,
                2347991018,
                2197251300,
                2129889974,
                2168157143,
                2183488209,
                2356262430,
                2405090331,
                2215624435,
                2034741374,
                2321412743,
                2122007157,
                2178766815,
                1951653152,
                2219817088,
                2116855783,
                2087897670,
                1939762452,
                2246263930,
                2235391616,
                2499265243,
                2143616927,
                2237582943,
                2089740403,
                2279899758,
                2184972016,
                2165343760,
                2278973933,
                2240418500
            ]
        }
    },
    "EndToEndSuccessProb": {
        "E2E_eventAvg": {
            "A0D0": {
                "A0": [
                    0.9894082274156075,
                    0.9916034512710638,
                    0.9921851873778935,
                    0.9933046389287422,
                    0.9940735576085062,
                    0.9940566367556228,
                    0.9940760338183701,
                    0.9933732488519444,
                    0.9921568627450981,
                    0.9935867806794546,
                    0.9945538818076477,
                    0.9931824860417279,
                    0.9946080705009277,
                    0.9938329066790784,
                    0.9950831187075626,
                    0.9941863845125284,
                    0.9934245288557506,
                    0.9939814814814815,
                    0.9954981290926099,
                    0.9933701009152781,
                    0.9938111517151951,
                    0.9902569158499102,
                    0.9942726900824032,
                    0.9934380126552613,
                    0.9946096331072857,
                    0.9936134654410888,
                    0.9944146945356135,
                    0.994259942599426,
                    0.9923320065558418,
                    0.9935292060160895
                ]
            }
        },
        "sentTime_est": {
            "A0D0": {
                "A0": [
                    0.9883916522164456,
                    0.9897292369696356,
                    0.9902989180119194,
                    0.991404273228068,
                    0.9926562182286838,
                    0.9929411733172679,
                    0.992565580900711,
                    0.9913117378586486,
                    0.6197336477591471,
                    0.6198507037389224,
                    0.6206062426009711,
                    0.6198492266237625,
                    0.6207090539975152,
                    0.6201751004926768,
                    0.6209993549410758,
                    0.6202509708677832,
                    0.6199075872677882,
                    0.6202687729670012,
                    0.6213109218189685,
                    0.619886836667573,
                    0.6200523541865308,
                    0.6177217652540827,
                    0.6204910167031414,
                    0.6197906776087236,
                    0.620997911703735,
                    0.6200075627100963,
                    0.6204929095224498,
                    0.620494177231656,
                    0.618920255878644,
                    0.6197739775495774
                ]
            }
        },
        "enqueueTime_est": {
            "A0D0": {
                "A0": [
                    0.9594233,
                    0.9697076,
                    0.9714122,
                    0.9755079,
                    0.9797484,
                    0.9790404,
                    0.9761441,
                    0.9713657,
                    0.971914,
                    0.9747636,
                    0.978298,
                    0.9712425,
                    0.980587,
                    0.9770597,
                    0.982985,
                    0.9755501,
                    0.9785029,
                    0.9778114,
                    0.982316,
                    0.9760868,
                    0.9758321,
                    0.9683026,
                    0.9777858,
                    0.9769166,
                    0.9797654,
                    0.9769555,
                    0.9773103,
                    0.9791312,
                    0.9723484,
                    0.975128
                ]
            }
        },
        "poisson_sentTime_est": {
            "0.5": {
                "A0D0": {
                    "A0": [
                        0.9871597456368935,
                        0.9900667090258997,
                        0.9913707614719804,
                        0.9930262494565191,
                        0.9936758417681654,
                        0.9950154225118423,
                        0.9918134043123652,
                        0.9929558392109491,
                        0.992488073229413,
                        0.9931575197158529,
                        0.9942174306951009,
                        0.9927736753199543,
                        0.9941379542579731,
                        0.9908321154760106,
                        0.9940232637134001,
                        0.9927643620021389,
                        0.9920919032572963,
                        0.9926527406689375,
                        0.9952323257239518,
                        0.9922371043307702,
                        0.9922175083694288,
                        0.9894839636693034,
                        0.9950055144474776,
                        0.9937925019669445,
                        0.9941309460987421,
                        0.9920238512795447,
                        0.9927098605634888,
                        0.9932466487567135,
                        0.9904990992878641,
                        0.9907455632613897
                    ]
                }
            }
        }
    },