{
    "MaxEpsilonIneqDelay": {
        "A0D0": {
            "A0": 27
        }
    },
    "MaxEpsilonIneqSuccessProb": {
        "E2E_eventAvg": {
            "A0D0": {
                "A0": 0
            }
        },
        "sentTime_est": {
            "A0D0": {
                "A0": 0
            }
        },
        "enqueueTime_est": {
            "A0D0": {
                "A0": 0
            }
        },
        "poisson_sentTime_est": {
            "0.5": {
                "A0D0": {
                    "A0": 0
                }
            }
        }
    },
    "EndToEndDelayMean": {
        "A0D0": {
            "A0": [
                22486,
                24182,
                25000,
                22028,
                25927,
                19276,
                23741,
                25464,
                23698,
                22630,
                22300,
                23895,
                23107,
                24053,
                22140,
                17831,
                23688,
                21204,
                32149,
                28046,
                25183,
                20920,
                23329,
                23601,
                24219,
                22346,
                22055,
                20956,
                24895,
                24322
            ]
        }
    },
    "EndToEndDelayStd": {
        "A0D0": {
            "A0": [
                1100447880,
                1348247428,
                1351281410,
                1112799072,
                1308310796,
                921195136,
                1209688198,
                1348790297,
                1188801669,
                1081808409,
                1199006936,
                1225220486,
                1235208572,
                1152611647,
                1146305897,
                817318600,
                1329322161,
                1073897257,
                1597420656,
                1358568806,
                1210409364,
                1137350101,
                1139385701,
                1126568552,
                1109095141,
                1063191126,
                1167274494,
                984035788,
                1214972362,
                1195696875
            ]
        }
    },
    "EndToEndSuccessProb": {
        "E2E_eventAvg": {
            "A0D0": {
                "A0": [
                    0.9973783684916474,
                    0.9979604079184163,
                    0.9970840167669036,
                    0.9982697892850522,
                    0.9974302496328928,
                    0.9984367183591796,
                    0.9981952716116225,
                    0.9976528647087145,
                    0.9977180214629333,
                    0.9990300678952473,
                    0.9982507652901855,
                    0.9986242373489652,
                    0.9978992857571575,
                    0.9980687990343995,
                    0.9983710407239819,
                    0.9995741315325181,
                    0.9978943568764288,
                    0.9979615788498363,
                    0.9953825857519789,
                    0.9972217189104307,
                    0.9977089783281734,
                    0.997983997983998,
                    0.9978285147040575,
                    0.9977885362500747,
                    0.9979340062570097,
                    0.9976435569887139,
                    0.9982524856884604,
                    0.9985175521821632,
                    0.9976909521784043,
                    0.9981994958588405
                ]
            }
        },
        "sentTime_est": {
            "A0D0": {
                "A0": [
                    0.9975575183165675,
                    0.9976017574120213,
                    0.9966257399880172,
                    0.9983538739949492,
                    0.9970088928690685,
                    0.9986459342702095,
                    0.9982326275374308,
                    0.997623804738332,
                    0.9978142094078164,
                    0.9988833297819798,
                    0.9979819204917856,
                    0.9985400378064114,
                    0.9975389712175466,
                    0.9979212114110827,
                    0.9983880105377041,
                    0.999465140359093,
                    0.997558813406798,
                    0.9981815633620752,
                    0.995183402513588,
                    0.9971745094271331,
                    0.9976589394764172,
                    0.9975917773702793,
                    0.9977388092873021,
                    0.9976708038723693,
                    0.9980969716922026,
                    0.997678268423357,
                    0.9984125066244579,
                    0.9984803430705911,
                    0.99727912428078,
                    0.9980571980185831
                ]
            }
        },
        "enqueueTime_est": {
            "A0D0": {
                "A0": [
                    0.99755763,
                    0.99760172,
                    0.99671832,
                    0.99835395,
                    0.99700904,
                    0.99865883,
                    0.99823262,
                    0.99762381,
                    0.99781434,
                    0.99888341,
                    0.997982,
                    0.99854004,
                    0.99753897,
                    0.99794122,
                    0.9983878900000001,
                    0.999465176,
                    0.99755863,
                    0.99820637,
                    0.99518376,
                    0.99717451,
                    0.99765894,
                    0.99765933,
                    0.99773881,
                    0.99767094,
                    0.99809683,
                    0.99769301,
                    0.99841245,
                    0.9984803,
                    0.99727931,
                    0.99805719
                ]
            }
        },
        "poisson_sentTime_est": {
            "0.5": {
                "A0D0": {
                    "A0": [
                        0.9975744586460775,
                        0.9973725159917716,
                        0.9974957767322883,
                        0.9990697309255617,
                        0.9961622788312826,
                        0.9978421419219945,
                        0.9968386589168824,
                        0.9980072535429289,
                        0.9980843577198895,
                        0.9987810196633096,
                        0.9982893450933277,
                        0.9982985791156758,
                        0.9974253290358048,
                        0.9987772881829349,
                        0.9987479974767707,
                        0.9993494552112101,
                        0.9976810358737538,
                        0.999177396244456,
                        0.99537775550883,
                        0.996769654637668,
                        0.9979722064204948,
                        0.998763365170443,
                        0.9980395303628129,
                        0.9981876059786614,
                        0.9987624471245523,
                        0.9982285024480922,
                        0.9993219265447608,
                        0.9977162456766087,
                        0.9974333835696897,
                        0.9989073318715253
                    ]
                }
            }
        }
    },