{
    "MaxEpsilonIneqDelay": {
        "A0D0": {
            "A0": 9
        }
    },
    "MaxEpsilonIneqSuccessProb": {
        "E2E_eventAvg": {
            "A0D0": {
                "A0": 0
            }
        },
        "sentTime_est": {
            "A0D0": {
                "A0": 0
            }
        },
        "enqueueTime_est": {
            "A0D0": {
                "A0": 6
            }
        },
        "poisson_sentTime_est": {
            "0.5": {
                "A0D0": {
                    "A0": 0
                }
            }
        }
    },
    "MaxEpsilonIneqNonMarkingProb": {
        "E2E_eventAvg": {
            "A0D0": {
                "A0": 9
            }
        },
        "sentTime_est_events": {
            "A0D0": {
                "A0": 5
            }
        },
        "sentTime_est_probs": {
            "A0D0": {
                "A0": 0
            }
        },
        "possion_est_probs": {
            "A0D0": {
                "A0": 9
            }
        }
    },
    "EndToEndDelayMean": {
        "A0D0": {
            "A0": [
                70803.25194653207,
                69999.68916853236,
                70530.11237877788,
                61934.86097241207,
                71513.35660095935,
                60658.830277408546,
                63301.35733197206,
                55574.249901283176,
                66572.28974907236,
                56206.75236671633
            ]
        }
    },
    "EndToEndDelayStd": {
        "A0D0": {
            "A0": [
                97588.58064804533,
                92968.89319634812,
                94421.12582445535,
                85091.35638353946,
                94948.67067227946,
                80935.77507194983,
                87430.3075675779,
                79555.12267558531,
                92436.3342332961,
                82794.94691938348
            ]
        }
    },
    "EndToEndSuccessProb": {
        "E2E_eventAvg": {
            "A0D0": {
                "A0": [
                    0.9919078138149803,
                    0.9921728050482373,
                    0.9942542077771329,
                    0.9955370250748723,
                    0.9919143738002443,
                    0.9954498574288662,
                    0.9939300166626993,
                    0.9973619416109744,
                    0.9932973485971884,
                    0.9945961483184823
                ]
            }
        },
        "sentTime_est": {
            "A0D0": {
                "A0": [
                    0.9909725279280418,
                    0.9912322401537129,
                    0.9929559389311254,
                    0.994718106588242,
                    0.990380535157779,
                    0.9943979914760658,
                    0.9931605952087649,
                    0.9969799924212893,
                    0.9926194349174943,
                    0.9938769816586085
                ]
            }
        },
        "enqueueTime_est": {
            "A0D0": {
                "A0": [
                    0.9805679547738682,
                    0.98290486533583,
                    0.9843130363812195,
                    0.9890422562503738,
                    0.9802482986585168,
                    0.9879705064270358,
                    0.9861688660907664,
                    0.9918703327626761,
                    0.984682556498499,
                    0.987778137462534
                ]
            }
        },
        "poisson_sentTime_est": {
            "0.5": {
                "A0D0": {
                    "A0": [
                        0.9890049974711346,
                        0.992391070484484,
                        0.9952925466011711,
                        0.9944670868231126,
                        0.9896412222613367,
                        0.9940542531687256,
                        0.9942443227476644,
                        0.9982264402337606,
                        0.9912365488503516,
                        0.9945582199659248
                    ]
                }
            }
        }
    },
    "EndToEndNonMarkingProb": {
        "E2E_eventAvg": {
            "A0D0": {
                "A0": [
                    0.6409658833430439,
                    0.6491717735574297,
                    0.6564132327336042,
                    0.6907628163720712,
                    0.6601710197196208,
                    0.6807013286416308,
                    0.6903118305165437,
                    0.7116895298393715,
                    0.6729343377424521,
                    0.7091118137395803
                ]
            }
        },
        "sentTime_est_events": {
            "A0D0": {
                "A0": [
                    0.6831626840526225,
                    0.6667108353962317,
                    0.6699069475211926,
                    0.7006727682649276,
                    0.6697060661028853,
                    0.6947197329501251,
                    0.7034202273997546,
                    0.725023693375585,
                    0.6943110719416843,
                    0.7299120457110262
                ]
            }
        },
        "sentTime_est_probs": {
            "A0D0": {
                "A0": [
                    0.5885954480817948,
                    0.6190766882968083,
                    0.6286069730957597,
                    0.6331266197733868,
                    0.6178869717381996,
                    0.6527941738886129,
                    0.6425850403377783,
                    0.6696782743534659,
                    0.6275874999111694,
                    0.6428666400918669
                ]
            }
        },
        "possion_est_probs": {
            "A0D0": {
                "A0": [
                    0.6541486817690193,
                    0.6490567246404664,
                    0.6589132149957572,
                    0.6883359065177247,
                    0.664645055936898,
                    0.6865493668541235,
                    0.7008897914041192,
                    0.7102324742914473,
                    0.6805786141068302,
                    0.7143419697703642
                ]
            }
        }
    },
    "DropRate": [
        0.008092186185019723,
        0.00782719495176265,
        0.0057457922228670855,
        0.004462974925127816,
        0.008085626199755613,
        0.004550142571133842,
        0.006069983337300688,
        0.0026380583890256437,
        0.006702651402811455,
        0.005403851681517691
    ],
    "maxEpsilonDelay": {
        "A0D0": {
            "A0": [
                0.04034622780895097,
                0.03961479568779542,
                0.03850209614754275,
                0.039789404985114615,
                0.039761398622399954,
                0.03910888097962411,
                0.04092305203486115,
                0.04148739715151268,
                0.04038158492782358,
                0.04409833129409593
            ]
        }
    },
    "maxEpsilonSuccessProb": {
        "A0D0": {
            "A0": [
                0.003135555940020572,
                0.002866481699005494,
                0.0027361596948467,
                0.0022910612628656494,
                0.0032343802908589687,
                0.002192493202969355,
                0.0026961715883585587,
                0.0017539078820828398,
                0.0027808141314289454,
                0.002425891340259132
            ]
        }
    },
    "maxEpsilonNonMarkingProb": {
        "A0D0": {
            "A0": [
                0.020445323541309884,
                0.0208505884120247,
                0.021115333252590133,
                0.019609741748281274,
                0.02042441032542667,
                0.019613485306471775,
                0.019526134299364156,
                0.018544091613412007,
                0.019687597660378024,
                0.0181664889155648
            ]
        }
    },