{
    "MaxEpsilonIneqDelay": {
        "A0D0": {
            "A0": 30
        }
    },
    "MaxEpsilonIneqSuccessProb": {
        "E2E_eventAvg": {
            "A0D0": {
                "A0": 0
            }
        },
        "sentTime_est": {
            "A0D0": {
                "A0": 0
            }
        },
        "enqueueTime_est": {
            "A0D0": {
                "A0": 20
            }
        },
        "poisson_sentTime_est": {
            "0.5": {
                "A0D0": {
                    "A0": 0
                }
            }
        }
    },
    "EndToEndDelayMean": {
        "A0D0": {
            "A0": [
                47092,
                38740,
                39620,
                40038,
                40696,
                42666,
                38449,
                36387,
                38976,
                35899,
                36745,
                38576,
                43426,
                40636,
                39687,
                40326,
                38908,
                35740,
                37890,
                37026,
                35026,
                39520,
                39574,
                43349,
                40098,
                39431,
                36883,
                36402,
                40440,
                34379
            ]
        }
    },
    "EndToEndDelayStd": {
        "A0D0": {
            "A0": [
                1882245047,
                1633001402,
                1614503160,
                1687183899,
                1733483010,
                1900677081,
                1581436772,
                1592119631,
                1552324832,
                1540869887,
                1589284100,
                1502140978,
                1457236724,
                1695527118,
                1597673594,
                1624245921,
                1493627061,
                1528085549,
                1780619728,
                1592277997,
                1586411290,
                1664418421,
                1686889043,
                1631071248,
                1734021772,
                1679822478,
                1405143537,
                1468787154,
                1838173857,
                1490958232
            ]
        }
    },
    "EndToEndSuccessProb": {
        "E2E_eventAvg": {
            "A0D0": {
                "A0": [
                    0.9987253027405991,
                    0.9986159967706592,
                    0.9983925598484413,
                    0.9990206809147992,
                    0.9986233796030745,
                    0.9982808022922636,
                    0.9992539454806313,
                    0.998962236955895,
                    0.9991418764302059,
                    0.9991395135383203,
                    0.9988962472406181,
                    0.9991138417912211,
                    0.9991226530970345,
                    0.9986780089665479,
                    0.9989153393845979,
                    0.9990711175616837,
                    0.9993030954178523,
                    0.9991367403314917,
                    0.9987394717240589,
                    0.9989056560304113,
                    0.9988514987940738,
                    0.9993110179709479,
                    0.9987259671067871,
                    0.9990231569269666,
                    0.9991977077363897,
                    0.9989139133417172,
                    0.999295733317683,
                    0.9991876523151909,
                    0.9982174688057041,
                    0.9989527577379567
                ]
            }
        },
        "sentTime_est": {
            "A0D0": {
                "A0": [
                    0.9983208270022569,
                    0.9983131923824302,
                    0.9979723025498984,
                    0.9986708096557605,
                    0.9982046318157648,
                    0.9978711399412162,
                    0.9990029646393027,
                    0.9987903151317108,
                    0.9989319296484952,
                    0.9988284555796837,
                    0.998600122922466,
                    0.998889405233878,
                    0.9989682701715431,
                    0.9983152195386437,
                    0.9987079811222476,
                    0.9987947063095347,
                    0.9992421976831224,
                    0.9991204085500227,
                    0.9985141652806759,
                    0.9985799039045513,
                    0.998529778903159,
                    0.6243502474610123,
                    0.6239530458284075,
                    0.6242708602672571,
                    0.624307019966818,
                    0.6241578527915592,
                    0.6244545536199047,
                    0.6243147590993631,
                    0.6236268978798356,
                    0.6241519607289925
                ]
            }
        },
        "enqueueTime_est": {
            "A0D0": {
                "A0": [
                    0.9838334,
                    0.99002398,
                    0.9888875,
                    0.9896656,
                    0.9889606,
                    0.9848951,
                    0.99117858,
                    0.9886372,
                    0.99142874,
                    0.99150459,
                    0.99149382,
                    0.99154017,
                    0.99132241,
                    0.9891328,
                    0.9901567,
                    0.99099913,
                    0.99223607,
                    0.9913682,
                    0.9892962,
                    0.9899471,
                    0.9897545,
                    0.99102641,
                    0.9890751,
                    0.9895409,
                    0.99019669,
                    0.9889234,
                    0.99455664,
                    0.99359792,
                    0.9859838,
                    0.99271897
                ]
            }
        },
        "poisson_sentTime_est": {
            "0.5": {
                "A0D0": {
                    "A0": [
                        0.9982590705274771,
                        0.9978784462189093,
                        0.9984072643827886,
                        0.9986621691942386,
                        0.9987384152634934,
                        0.9986317442821212,
                        0.9993189987350136,
                        0.9991183980207633,
                        0.9993537776073005,
                        0.9991339548786256,
                        0.9988001915189907,
                        0.9992618861952792,
                        0.9993392369428933,
                        0.9989254417688586,
                        0.9994761081519207,
                        0.998209646306895,
                        0.99942770392507,
                        0.9989423498353059,
                        0.9990396243963097,
                        0.9992580085802192,
                        0.9981708182021395,
                        0.9992689833361246,
                        0.997944295858222,
                        0.998443256706238,
                        0.9984376141028111,
                        0.9980317342990486,
                        0.9993729961959477,
                        0.9995907769826952,
                        0.9983192912242445,
                        0.9985595707892562
                    ]
                }
            }
        }
    },