{
    "MaxEpsilonIneqDelay": {
        "A0D0": {
            "A0": 1
        }
    },
    "MaxEpsilonIneqSuccessProb": {
        "E2E_eventAvg": {
            "A0D0": {
                "A0": 10
            }
        },
        "sentTime_est": {
            "A0D0": {
                "A0": 10
            }
        },
        "enqueueTime_est": {
            "A0D0": {
                "A0": 10
            }
        },
        "poisson_sentTime_est": {
            "0.5": {
                "A0D0": {
                    "A0": 10
                }
            }
        }
    },
    "MaxEpsilonIneqNonMarkingProb": {
        "E2E_eventAvg": {
            "A0D0": {
                "A0": 0
            }
        },
        "sentTime_est_events": {
            "A0D0": {
                "A0": 0
            }
        },
        "sentTime_est_probs": {
            "A0D0": {
                "A0": 0
            }
        },
        "possion_est_probs": {
            "A0D0": {
                "A0": 0
            }
        }
    },
    "EndToEndDelayMean": {
        "A0D0": {
            "A0": [
                6144.821108455415,
                6352.3478112453195,
                6300.982466586443,
                6460.375412893102,
                6219.021328942978,
                6562.357941593026,
                6159.943733114184,
                6280.614146207714,
                6360.435781580074,
                6270.726834341017
            ]
        }
    },
    "EndToEndDelayStd": {
        "A0D0": {
            "A0": [
                9754.48074631242,
                9740.503377029567,
                9720.486444004393,
                9675.179404152803,
                9607.538023385441,
                9706.628500703395,
                9715.207673886474,
                9750.094333049385,
                9691.462690496724,
                9600.255049825508
            ]
        }
    },
    "EndToEndSuccessProb": {
        "E2E_eventAvg": {
            "A0D0": {
                "A0": [
                    1.0,
                    1.0,
                    1.0,
                    1.0,
                    1.0,
                    1.0,
                    1.0,
                    1.0,
                    1.0,
                    1.0
                ]
            }
        },
        "sentTime_est": {
            "A0D0": {
                "A0": [
                    1.0,
                    1.0,
                    1.0,
                    1.0,
                    1.0,
                    1.0,
                    1.0,
                    1.0,
                    1.0,
                    1.0
                ]
            }
        },
        "enqueueTime_est": {
            "A0D0": {
                "A0": [
                    1.0,
                    1.0,
                    1.0,
                    1.0,
                    1.0,
                    1.0,
                    1.0,
                    1.0,
                    1.0,
                    1.0
                ]
            }
        },
        "poisson_sentTime_est": {
            "0.5": {
                "A0D0": {
                    "A0": [
                        1.0,
                        1.0,
                        1.0,
                        1.0,
                        1.0,
                        1.0,
                        1.0,
                        1.0,
                        1.0,
                        1.0
                    ]
                }
            }
        }
    },
    "EndToEndNonMarkingProb": {
        "E2E_eventAvg": {
            "A0D0": {
                "A0": [
                    0.9321337035454934,
                    0.9325920778318276,
                    0.9317682371227958,
                    0.9332010936578566,
                    0.9326444289768164,
                    0.9323062057118316,
                    0.9327210593763349,
                    0.9325800578344222,
                    0.9325511625415194,
                    0.9327915307704646
                ]
            }
        },
        "sentTime_est_events": {
            "A0D0": {
                "A0": [
                    0.907017572857108,
                    0.90819104377903,
                    0.9070826989353146,
                    0.9085929146506748,
                    0.9077209773244593,
                    0.9070904900109887,
                    0.9079154528329422,
                    0.9077009226027059,
                    0.907838141707344,
                    0.9080977632293938
                ]
            }
        },
        "sentTime_est_probs": {
            "A0D0": {
                "A0": [
                    0.651039392123716,
                    0.6434704229406981,
                    0.6472325812867747,
                    0.6452778739512592,
                    0.6503089782281736,
                    0.6463969948608532,
                    0.6474572309321729,
                    0.6419199473765123,
                    0.6350513260718986,
                    0.6522270393904711
                ]
            }
        },
        "possion_est_probs": {
            "A0D0": {
                "A0": [
                    0.9220321456555606,
                    0.918157727463988,
                    0.9188396671234477,
                    0.9171184775652741,
                    0.9186583862484363,
                    0.9198598365110724,
                    0.9184199256408484,
                    0.9189464551383156,
                    0.9200183135385528,
                    0.9169009893581046
                ]
            }
        }
    },
    "DropRate": [
        0.0,
        0.0,
        0.0,
        0.0,
        0.0,
        0.0,
        0.0,
        0.0,
        0.0,
        0.0
    ],
    "maxEpsilonDelay": {
        "A0D0": {
            "A0": [
                0.04151674178690713,
                0.040682558440317526,
                0.041377828544219064,
                0.04105348208686883,
                0.0410732755487023,
                0.04055329491853633,
                0.040324919012659804,
                0.04145965763722416,
                0.04136312429023032,
                0.041844027188514196
            ]
        }
    },
    "maxEpsilonSuccessProb": {
        "A0D0": {
            "A0": [
                0.0,
                0.0,
                0.0,
                0.0,
                0.0,
                0.0,
                0.0,
                0.0,
                0.0,
                0.0
            ]
        }
    },
    "maxEpsilonNonMarkingProb": {
        "A0D0": {
            "A0": [
                0.0,
                0.0,
                0.0,
                0.0,
                0.0,
                0.0,
                0.0,
                0.0,
                0.0,
                0.0
            ]
        }
    },
    "errors": {
        "A0D0": {
            "A0": [
                0.08820557355427658,
                0.05718960022057792,
                0.06901003509241939,
                0.10925634818328209,
                0.056684510023673834,
                0.10221148264149497,
                0.031137902720620395,
                0.07245365450578814,
                0.0876853369342473,
                0.10106014707766589
            ]
        }
    },
    "workLoad": {
        "A0D0": {
            "A0": [
                0.299979408,
                0.299984288,
                0.29996584,
                0.299998704,
                0.299974704,
                0.299989328,
                0.299965056,
                0.29999,
                0.299963632,
                0.299989312
            ]
        }
    },
    "AverageWorkLoad": 0.2999800272,