{
    "Overall": {
        "samples": {
            "DominantAssumption": {
                "R0h1R1h1": 94,
                "R0h0R1h0": 39
            },
            "General": {
                "R0h1R1h1": 100,
                "R0h0R1h0": 100
            }
        }
    },
    "PerTrafficStream": {
        "samples": {
            "DominantAssumption": {
                "R0h1R1h1": 100,
                "R0h0R1h0": 100
            },
            "General": {
                "R0h1R1h1": 100,
                "R0h0R1h0": 100
            }
        }
    },
    "ANOVA": 42,
    "Kruskal": 40,
    "EndToEndMean": {
        "R0h1R1h1": 441715510.6503143,
        "R0h0R1h0": 560830730.6813494
    },
    "EndToEndStd": {
        "R0h1R1h1": 463514943.3405266,
        "R0h0R1h0": 667440941.0014181
    },
    "EndToEndSkew": {
        "R0h1R1h1": 1.90221699315478,
        "R0h0R1h0": 2.2650712876801276
    },
    "experiments": 100
}