{
    "MaxEpsilonIneqDelay": {
        "A0D0": {
            "A0": 10
        }
    },
    "MaxEpsilonIneqSuccessProb": {
        "E2E_eventAvg": {
            "A0D0": {
                "A0": 0
            }
        },
        "sentTime_est": {
            "A0D0": {
                "A0": 1
            }
        },
        "enqueueTime_est": {
            "A0D0": {
                "A0": 4
            }
        },
        "poisson_sentTime_est": {
            "0.5": {
                "A0D0": {
                    "A0": 1
                }
            }
        }
    },
    "MaxEpsilonIneqNonMarkingProb": {
        "E2E_eventAvg": {
            "A0D0": {
                "A0": 9
            }
        },
        "sentTime_est_events": {
            "A0D0": {
                "A0": 2
            }
        },
        "sentTime_est_probs": {
            "A0D0": {
                "A0": 1
            }
        },
        "possion_est_probs": {
            "A0D0": {
                "A0": 9
            }
        }
    },
    "EndToEndDelayMean": {
        "A0D0": {
            "A0": [
                68594.43142082632,
                68566.66062014726,
                59993.970386263325,
                74103.76132328247,
                57741.02894317142,
                51132.48289701109,
                62395.52161523943,
                58570.8467961608,
                56752.78017576836,
                52865.421026597396
            ]
        }
    },
    "EndToEndDelayStd": {
        "A0D0": {
            "A0": [
                98444.90848909234,
                95117.72206664988,
                86216.61198521209,
                96257.96918678196,
                82857.27232650602,
                76097.1708013161,
                89548.10089362426,
                81391.79514373804,
                81970.90224801266,
                77374.12046930815
            ]
        }
    },
    "EndToEndSuccessProb": {
        "E2E_eventAvg": {
            "A0D0": {
                "A0": [
                    0.9905926622765757,
                    0.9927763819095478,
                    0.9948819355589159,
                    0.9917609515520742,
                    0.9964782205746061,
                    0.9969154842689698,
                    0.992929114371575,
                    0.9960200726769337,
                    0.9949786019971469,
                    0.9972721996517702
                ]
            }
        },
        "sentTime_est": {
            "A0D0": {
                "A0": [
                    0.989782030515201,
                    0.9916850896096034,
                    0.9945517512468431,
                    0.9901307959193738,
                    0.9960845550715806,
                    0.996613395781436,
                    0.9917442520149767,
                    0.9951865734608054,
                    0.9937704182295433,
                    0.9970537218823677
                ]
            }
        },
        "enqueueTime_est": {
            "A0D0": {
                "A0": [
                    0.978582532469693,
                    0.9808449959655446,
                    0.9867068626263358,
                    0.9778827782177172,
                    0.9893988794946253,
                    0.9923392191670246,
                    0.9831444038502802,
                    0.9894516402686601,
                    0.9864785256079408,
                    0.991951532647372
                ]
            }
        },
        "poisson_sentTime_est": {
            "0.5": {
                "A0D0": {
                    "A0": [
                        0.9889000116709944,
                        0.9935852661193436,
                        0.9948601022537515,
                        0.9940144821026043,
                        0.9954496911954406,
                        0.9958801264760304,
                        0.9920981422765094,
                        0.9947150134901827,
                        0.9950878418514055,
                        0.9970232399193707
                    ]
                }
            }
        }
    },
    "EndToEndNonMarkingProb": {
        "E2E_eventAvg": {
            "A0D0": {
                "A0": [
                    0.662151144559423,
                    0.6608668341708542,
                    0.7040246597650344,
                    0.6418334783870032,
                    0.6834105653382762,
                    0.7155459592843924,
                    0.6982499558069648,
                    0.7008132894964527,
                    0.7117261055634807,
                    0.7212420197330238
                ]
            }
        },
        "sentTime_est_events": {
            "A0D0": {
                "A0": [
                    0.6953752431445788,
                    0.6912315936538809,
                    0.7162444430643848,
                    0.6575681592021041,
                    0.7104887689341954,
                    0.741697401219009,
                    0.7133106691811542,
                    0.7137064742848619,
                    0.7218377679703162,
                    0.7332510355712147
                ]
            }
        },
        "sentTime_est_probs": {
            "A0D0": {
                "A0": [
                    0.6128904368646753,
                    0.6187446924055657,
                    0.6543217642511074,
                    0.6199315700621373,
                    0.6322262118994002,
                    0.6586332040930274,
                    0.6488689338251201,
                    0.6576618416915752,
                    0.6600032155180782,
                    0.6726523608766535
                ]
            }
        },
        "possion_est_probs": {
            "A0D0": {
                "A0": [
                    0.666199935218567,
                    0.6723313398658622,
                    0.7069294551476771,
                    0.6456649848187392,
                    0.6892359450835529,
                    0.713104060562221,
                    0.7027848198600677,
                    0.695729625490325,
                    0.7124589425173153,
                    0.7208264908325217
                ]
            }
        }
    },
    "DropRate": [
        0.00940733772342428,
        0.007223618090452244,
        0.005118064441084091,
        0.008239048447925668,
        0.0035217794253938894,
        0.0030845157310301907,
        0.00707088562842495,
        0.003979927323066401,
        0.005021398002853061,
        0.0027278003482298363
    ],
    "maxEpsilonDelay": {
        "A0D0": {
            "A0": [
                0.041183553493321146,
                0.0398402078557093,
                0.04282450219812606,
                0.03755298013212807,
                0.041118653574408436,
                0.04417956193859816,
                0.041847408479646825,
                0.04091545172599816,
                0.04270199988917871,
                0.042267474401551514
            ]
        }
    },
    "maxEpsilonSuccessProb": {
        "A0D0": {
            "A0": [
                0.002821701948575621,
                0.002674756579212765,
                0.0023997587781626577,
                0.0034535234361140546,
                0.002142702315572729,
                0.0020421384447564857,
                0.0030736681758033392,
                0.0019509233897304626,
                0.0023108605002396033,
                0.001931781131210249
            ]
        }
    },
    "maxEpsilonNonMarkingProb": {
        "A0D0": {
            "A0": [
                0.020024555461151707,
                0.019975644440828944,
                0.018416078220403906,
                0.022120516129441565,
                0.019500902960639867,
                0.017873798454035923,
                0.018981392680703382,
                0.01903450558459423,
                0.018457543716580708,
                0.01818792129744783
            ]
        }
    },