{
    "Overall": {
        "samples": {
            "DominantAssumption": {
                "R0h1R1h1": 93,
                "R0h0R1h0": 64
            },
            "General": {
                "R0h1R1h1": 100,
                "R0h0R1h0": 100
            }
        }
    },
    "PerTrafficStream": {
        "samples": {
            "DominantAssumption": {
                "R0h1R1h1": 100,
                "R0h0R1h0": 100
            },
            "General": {
                "R0h1R1h1": 100,
                "R0h0R1h0": 100
            }
        }
    },
    "ANOVA": 92,
    "Kruskal": 88,
    "EndToEndMean": {
        "R0h1R1h1": 482678953.9428844,
        "R0h0R1h0": 591293828.479424
    },
    "EndToEndStd": {
        "R0h1R1h1": 479903532.1076609,
        "R0h0R1h0": 661673950.0837357
    },
    "EndToEndSkew": {
        "R0h1R1h1": 1.994200190079004,
        "R0h0R1h0": 2.0280078827993524
    },
    "experiments": 100
}