{
    "Overall": {
        "samples": {
            "DominantAssumption": {
                "R0h1R1h1": 87,
                "R0h0R1h0": 20
            },
            "General": {
                "R0h1R1h1": 94,
                "R0h0R1h0": 100
            }
        }
    },
    "PerTrafficStream": {
        "samples": {
            "DominantAssumption": {
                "R0h1R1h1": 100,
                "R0h0R1h0": 100
            },
            "General": {
                "R0h1R1h1": 100,
                "R0h0R1h0": 100
            }
        }
    },
    "ANOVA": 88,
    "Kruskal": 98,
    "EndToEndMean": {
        "R0h1R1h1": [
            166453071.01752815,
            194477632.9165497,
            198404627.58296248,
            217926944.59216884,
            176013222.75669473,
            206612287.50797498,
            214866446.64135396,
            199535221.1005135,
            207896619.70609725,
            197808659.7078409,
            182429642.4122303,
            177981049.63111395,
            184499279.68604055,
            195829538.02544105,
            204407084.0549911,
            174539902.61881754,
            210090419.51993313,
            201941052.02772853,
            192350886.23507607,
            182203022.77851304,
            170725387.2199819,
            190457080.16117406,
            186431029.0298239,
            204658653.5205462,
            199690882.353098,
            182246588.31903726,
            160782521.40317217,
            211650242.90035814,
            182598421.18742755,
            175930041.653856,
            202762032.21682268,
            203238205.88920093,
            193937873.915621,
            168706885.7732342,
            172618586.0087415,
            185720535.41075796,
            166169975.90261886,
            180670024.9965278,
            187579552.693919,
            179706372.81899986,
            177033509.88707414,
            182175291.8004102,
            201681791.35376936,
            230199264.4109624,
            188459461.27674714,
            167382843.8600182,
            179669339.60923395,
            183035395.3047631,
            200128742.93666494,
            186722723.76723918,
            180105117.35269976,
            172734343.3236653,
            176339370.25238883,
            174485690.67172554,
            191287669.48809522,
            207670602.9518751,
            199229221.45191073,
            219632765.3050569,
            191988705.55123946,
            182658718.89960048,
            154085267.09931728,
            193211900.4166343,
            189964566.35314995,
            185778784.19512817,
            177236104.23289776,
            189306610.76612493,
            187218468.21879795,
            184545297.8191707,
            194396749.36263177,
            186529185.49012217,
            177817206.66658115,
            197518473.10844764,
            181628213.755527,
            188821341.31348002,
            214338632.9198566,
            192167012.34412697,
            187659425.41814443,
            165754146.6042412,
            176094727.2432674,
            169976416.14283878,
            198562924.755692,
            193364881.13545665,
            193367490.39931482,
            188060663.4878919,
            200693421.50356233,
            172317059.41809353,
            211418873.593568,
            199961879.53502044,
            190284977.04372355,
            206456608.1928251,
            180977522.1805645,
            187922384.3030611,
            164031389.46636885,
            192363892.62839684,
            187414836.2102033,
            205700846.40687346,
            194653320.0232202,
            209134487.15403298,
            188267922.43994895,
            170797904.55274963
        ],
        "R0h0R1h0": [
            340036367.32391715,
            322281226.8999184,
            374399885.19296813,
            371361963.88845927,
            353532719.4377354,
            334881663.1547281,
            354600800.386511,
            355025281.9988182,
            355981138.2765209,
            333370100.7112775,
            343030697.76086444,
            346984936.1070416,
            349572071.40699303,
            346847197.39597315,
            356926795.40595466,
            356358861.256781,
            349684997.12262255,
            339855490.1089842,
            333383037.8330013,
            350736013.84315366,
            353360593.16076905,
            342350709.7006548,
            354277817.7570481,
            355767473.1491405,
            344053594.95755935,
            351629724.5299376,
            341903908.1962902,
            328895945.9948622,
            359053264.5153085,
            343274150.6397552,
            326270331.518095,
            357209579.4503083,
            321714858.99458694,
            331529767.41137516,
            346079967.1347132,
            338637105.18191504,
            358716012.7202024,
            324276994.073085,
            361471628.4678781,
            341689429.05295366,
            354974280.2178685,
            336700342.87244594,
            325569615.1567479,
            349201247.23151547,
            357956791.15158665,
            336903728.30166805,
            342122520.639953,
            332499747.65623176,
            356994923.33817625,
            344651679.925996,
            327293536.98763084,
            346981570.17890346,
            326797667.53578156,
            335458213.5464565,
            346710749.0617096,
            339731801.78897023,
            343210545.9145759,
            377403785.8605362,
            353214707.4813639,
            338094622.4231676,
            333148857.5779561,
            352630930.3230387,
            348366430.3833177,
            356649723.53004116,
            353541741.93443584,
            355288105.8239097,
            347410703.69497114,
            337603468.7093327,
            333392505.3511631,
            348330914.9135947,
            325459014.58196914,
            330158107.4639943,
            356528916.79076374,
            347056088.3742157,
            323129073.6741954,
            351173917.1252354,
            364490999.71873534,
            340582160.68456376,
            342077965.7048987,
            357849349.32484674,
            351334983.2611817,
            354266822.18361044,
            355993657.48634267,
            357887694.7618767,
            360751434.9118838,
            354657206.1924816,
            354852109.5339715,
            339853159.46180147,
            309263086.5626327,
            351912722.8634351,
            348801345.6721657,
            332280947.3393734,
            334428243.7486365,
            362275044.9399126,
            338583899.5407791,
            363683479.390614,
            349514670.4591606,
            337118905.2929614,
            363640262.99307513,
            331681297.15508467
        ]
    },