{
    "MaxEpsilonIneqPackets": {
        "R0H0R2H0": {
            "A0": 1,
            "A1": 1
        },
        "R0H1R2H1": {
            "A0": 1,
            "A1": 1
        },
        "R0H2R2H2": {
            "A0": 1,
            "A1": 1
        },
        "R0H3R2H3": {
            "A0": 1,
            "A1": 1
        },
        "R0H4R2H4": {
            "A0": 1,
            "A1": 1
        },
        "R0H5R2H5": {
            "A0": 1,
            "A1": 1
        },
        "R1H0R3H0": {
            "A0": 1,
            "A1": 1
        },
        "R1H1R3H1": {
            "A0": 1,
            "A1": 1
        },
        "R1H2R3H2": {
            "A0": 1,
            "A1": 1
        },
        "R1H3R3H3": {
            "A0": 1,
            "A1": 1
        },
        "R1H4R3H4": {
            "A0": 1,
            "A1": 1
        },
        "R1H5R3H5": {
            "A0": 1,
            "A1": 1
        }
    },
    "DropRate": [
        6.370319407815107e-06
    ],
    "EndToEndSuccessProbPackets": {
        "R0H0R2H0": {
            "A0": [
                0.6903788712466593
            ],
            "A1": [
                0.6821391016974614
            ]
        },
        "R0H1R2H1": {
            "A0": [
                0.676620930858219
            ],
            "A1": [
                0.6445074651764118
            ]
        },
        "R0H2R2H2": {
            "A0": [
                0.6739592183517418
            ],
            "A1": [
                0.686756077116513
            ]
        },
        "R0H3R2H3": {
            "A0": [
                0.6751205964040345
            ],
            "A1": [
                0.6414466846809395
            ]
        },
        "R0H4R2H4": {
            "A0": [
                0.6712057635974982
            ],
            "A1": [
                0.697910447761194
            ]
        },
        "R0H5R2H5": {
            "A0": [
                0.6761562470443583
            ],
            "A1": [
                0.6443814473580597
            ]
        },
        "R1H0R3H0": {
            "A0": [
                0.6973346802393348
            ],
            "A1": [
                0.6717316082443208
            ]
        },
        "R1H1R3H1": {
            "A0": [
                0.6317715214960871
            ],
            "A1": [
                0.6784428442844285
            ]
        },
        "R1H2R3H2": {
            "A0": [
                0.6859412231930103
            ],
            "A1": [
                0.6844995176968167
            ]
        },
        "R1H3R3H3": {
            "A0": [
                0.6480018954351603
            ],
            "A1": [
                0.6932267168391345
            ]
        },
        "R1H4R3H4": {
            "A0": [
                0.6844806099259585
            ],
            "A1": [
                0.6949546803561402
            ]
        },
        "R1H5R3H5": {
            "A0": [
                0.6710419705072111
            ],
            "A1": [
                0.6459100957995578
            ]
        }
    },
    "maxEpsilon": {
        "R0H0R2H0": {
            "A0": [
                0.019554005060226115
            ],
            "A1": [
                0.019554005060226115
            ]
        },
        "R0H1R2H1": {
            "A0": [
                0.021129658391398472
            ],
            "A1": [
                0.021129658391398472
            ]
        },
        "R0H2R2H2": {
            "A0": [
                0.01942075364517369
            ],
            "A1": [
                0.01942075364517369
            ]
        },
        "R0H3R2H3": {
            "A0": [
                0.021006673199601627
            ],
            "A1": [
                0.021006673199601627
            ]
        },
        "R0H4R2H4": {
            "A0": [
                0.019722510608888386
            ],
            "A1": [
                0.019722510608888386
            ]
        },
        "R0H5R2H5": {
            "A0": [
                0.02104509163514034
            ],
            "A1": [
                0.02104509163514034
            ]
        },
        "R1H0R3H0": {
            "A0": [
                0.01898378752276628
            ],
            "A1": [
                0.01898378752276628
            ]
        },
        "R1H1R3H1": {
            "A0": [
                0.020915250187528683
            ],
            "A1": [
                0.020915250187528683
            ]
        },
        "R1H2R3H2": {
            "A0": [
                0.01847599814089249
            ],
            "A1": [
                0.01847599814089249
            ]
        },
        "R1H3R3H3": {
            "A0": [
                0.02013441313425347
            ],
            "A1": [
                0.02013441313425347
            ]
        },
        "R1H4R3H4": {
            "A0": [
                0.01948426010341061
            ],
            "A1": [
                0.01948426010341061
            ]
        },
        "R1H5R3H5": {
            "A0": [
                0.02147284894933359
            ],
            "A1": [
                0.02147284894933359
            ]
        }
    },
    "experiments": 1
}