{
    "MaxEpsilonIneqPackets": {
        "R0H0R2H0": {
            "A0": 1,
            "A1": 1
        },
        "R0H1R2H1": {
            "A0": 1,
            "A1": 1
        },
        "R0H2R2H2": {
            "A0": 1,
            "A1": 1
        },
        "R0H3R2H3": {
            "A0": 1,
            "A1": 1
        },
        "R0H4R2H4": {
            "A0": 1,
            "A1": 1
        },
        "R0H5R2H5": {
            "A0": 1,
            "A1": 1
        },
        "R1H0R3H0": {
            "A0": 1,
            "A1": 1
        },
        "R1H1R3H1": {
            "A0": 1,
            "A1": 1
        },
        "R1H2R3H2": {
            "A0": 1,
            "A1": 1
        },
        "R1H3R3H3": {
            "A0": 1,
            "A1": 1
        },
        "R1H4R3H4": {
            "A0": 1,
            "A1": 1
        },
        "R1H5R3H5": {
            "A0": 1,
            "A1": 1
        }
    },
    "DropRate": [
        6.376412375341138e-06
    ],
    "EndToEndSuccessProbPackets": {
        "R0H0R2H0": {
            "A0": [
                0.6910498459593966
            ],
            "A1": [
                0.6828921788544937
            ]
        },
        "R0H1R2H1": {
            "A0": [
                0.6758227057879247
            ],
            "A1": [
                0.6506394286663345
            ]
        },
        "R0H2R2H2": {
            "A0": [
                0.6783873473134223
            ],
            "A1": [
                0.6887378314870762
            ]
        },
        "R0H3R2H3": {
            "A0": [
                0.6692472166924721
            ],
            "A1": [
                0.6415094339622642
            ]
        },
        "R0H4R2H4": {
            "A0": [
                0.669094363521216
            ],
            "A1": [
                0.696351129056378
            ]
        },
        "R0H5R2H5": {
            "A0": [
                0.6691211177192485
            ],
            "A1": [
                0.6462940943321442
            ]
        },
        "R1H0R3H0": {
            "A0": [
                0.6979263385948622
            ],
            "A1": [
                0.6669441501437869
            ]
        },
        "R1H1R3H1": {
            "A0": [
                0.6396241664982825
            ],
            "A1": [
                0.6740762991889456
            ]
        },
        "R1H2R3H2": {
            "A0": [
                0.6850662225394559
            ],
            "A1": [
                0.6888773079213818
            ]
        },
        "R1H3R3H3": {
            "A0": [
                0.6519042696986563
            ],
            "A1": [
                0.6887473062868922
            ]
        },
        "R1H4R3H4": {
            "A0": [
                0.6803822864229956
            ],
            "A1": [
                0.6910157505625201
            ]
        },
        "R1H5R3H5": {
            "A0": [
                0.6671542337071348
            ],
            "A1": [
                0.6498705621301775
            ]
        }
    },
    "maxEpsilon": {
        "R0H0R2H0": {
            "A0": [
                0.019502167062054362
            ],
            "A1": [
                0.019502167062054362
            ]
        },
        "R0H1R2H1": {
            "A0": [
                0.020315758537097932
            ],
            "A1": [
                0.020315758537097932
            ]
        },
        "R0H2R2H2": {
            "A0": [
                0.01900595089235618
            ],
            "A1": [
                0.01900595089235618
            ]
        },
        "R0H3R2H3": {
            "A0": [
                0.02119821888824539
            ],
            "A1": [
                0.02119821888824539
            ]
        },
        "R0H4R2H4": {
            "A0": [
                0.019722510608888386
            ],
            "A1": [
                0.019722510608888386
            ]
        },
        "R0H5R2H5": {
            "A0": [
                0.021192440490111267
            ],
            "A1": [
                0.021192440490111267
            ]
        },
        "R1H0R3H0": {
            "A0": [
                0.019942725261701676
            ],
            "A1": [
                0.019942725261701676
            ]
        },
        "R1H1R3H1": {
            "A0": [
                0.020307224124246508
            ],
            "A1": [
                0.020307224124246508
            ]
        },
        "R1H2R3H2": {
            "A0": [
                0.019023662367365326
            ],
            "A1": [
                0.019023662367365326
            ]
        },
        "R1H3R3H3": {
            "A0": [
                0.02100366014210129
            ],
            "A1": [
                0.02100366014210129
            ]
        },
        "R1H4R3H4": {
            "A0": [
                0.018997806497802108
            ],
            "A1": [
                0.018997806497802108
            ]
        },
        "R1H5R3H5": {
            "A0": [
                0.02141764253922516
            ],
            "A1": [
                0.02141764253922516
            ]
        }
    },
    "experiments": 1
}