{
    "MaxEpsilonIneqDelay": {
        "A0D0": {
            "A0": 26
        }
    },
    "MaxEpsilonIneqSuccessProb": {
        "E2E_eventAvg": {
            "A0D0": {
                "A0": 0
            }
        },
        "sentTime_est": {
            "A0D0": {
                "A0": 0
            }
        },
        "enqueueTime_est": {
            "A0D0": {
                "A0": 0
            }
        },
        "poisson_sentTime_est": {
            "0.5": {
                "A0D0": {
                    "A0": 0
                }
            }
        }
    },
    "EndToEndDelayMean": {
        "A0D0": {
            "A0": [
                50857,
                52187,
                46282,
                51913,
                51464,
                54673,
                47053,
                43367,
                46447,
                53746,
                48393,
                46790,
                44869,
                48701,
                42100,
                47818,
                52800,
                47834,
                52494,
                51683,
                50759,
                52439,
                46782,
                47165,
                47314,
                46613,
                45659,
                49769,
                43822,
                48056
            ]
        }
    },
    "EndToEndDelayStd": {
        "A0D0": {
            "A0": [
                2873887161,
                2756202734,
                2735101903,
                2947332413,
                2643065245,
                2781898852,
                2761238587,
                2618146166,
                2634285967,
                2836485749,
                2845600781,
                2703340355,
                2730291242,
                2699263048,
                2696200044,
                2731294336,
                2851781245,
                2806182157,
                2856679602,
                2849249880,
                2735955029,
                2879516158,
                2684586414,
                2803731093,
                2737598660,
                2610337344,
                2778217130,
                2748809550,
                2580839547,
                2721930142
            ]
        }
    },
    "EndToEndSuccessProb": {
        "E2E_eventAvg": {
            "A0D0": {
                "A0": [
                    0.9767398470054108,
                    0.9796595318563024,
                    0.9791639704930762,
                    0.9738167796504758,
                    0.9813169425511198,
                    0.9746417445482866,
                    0.9807826031986852,
                    0.9834561199431304,
                    0.9813024268425434,
                    0.9764201500535906,
                    0.9795029464514476,
                    0.9786281679485563,
                    0.9832419636182407,
                    0.978830707926032,
                    0.9814404256666878,
                    0.9767827529021559,
                    0.978464766135999,
                    0.9821136239616807,
                    0.9765777886497065,
                    0.9777365491651205,
                    0.9804068388868089,
                    0.9752166156982671,
                    0.9789383335534134,
                    0.9777805753131491,
                    0.9794679186228482,
                    0.9810828025477707,
                    0.9805368689177716,
                    0.9776007964161274,
                    0.9827112720009986,
                    0.9802774839793442
                ]
            }
        },
        "sentTime_est": {
            "A0D0": {
                "A0": [
                    0.9744128424779207,
                    0.9773560854944556,
                    0.9779882207559757,
                    0.9718057790017434,
                    0.9791756932577994,
                    0.9736614643774106,
                    0.9787105374241167,
                    0.982687045509334,
                    0.9795592660204226,
                    0.974311392698122,
                    0.9780309472765402,
                    0.9785859204480029,
                    0.9824779175501643,
                    0.9776628315487589,
                    0.9811230808128892,
                    0.9761557532477761,
                    0.9753536915821273,
                    0.9795209447067563,
                    0.9765138904485422,
                    0.9763953562638078,
                    0.9783246983020971,
                    0.9739745983003104,
                    0.9780767699590912,
                    0.9754519083360981,
                    0.9774360717700619,
                    0.9798998589228474,
                    0.979631506005579,
                    0.9762310192516023,
                    0.981150425100209,
                    0.978146267590187
                ]
            }
        },
        "enqueueTime_est": {
            "A0D0": {
                "A0": [
                    0.9758563,
                    0.9777489,
                    0.978622,
                    0.9726059,
                    0.979916,
                    0.9740039,
                    0.9788884,
                    0.9830598,
                    0.9800904,
                    0.9749341,
                    0.9790151,
                    0.9789365,
                    0.9831121,
                    0.9779244,
                    0.9815397,
                    0.9766305,
                    0.9764155,
                    0.9800928,
                    0.9765897,
                    0.9767532,
                    0.9789491,
                    0.9746541,
                    0.9786351,
                    0.9768114999999999,
                    0.9782527,
                    0.9806011,
                    0.9808911,
                    0.9770278,
                    0.9812164,
                    0.9790604
                ]
            }
        },
        "poisson_sentTime_est": {
            "0.5": {
                "A0D0": {
                    "A0": [
                        0.9748170153893992,
                        0.9824525054395847,
                        0.9784517769177477,
                        0.9763378582418555,
                        0.980884836439269,
                        0.9733164045977415,
                        0.9796206892306445,
                        0.9810682840819581,
                        0.9797540223989393,
                        0.9779377814556016,
                        0.9781358618391445,
                        0.9802157027269658,
                        0.9846797726661154,
                        0.9811595349406907,
                        0.9849457367624302,
                        0.9769274471474364,
                        0.9782264896151147,
                        0.9798266523499913,
                        0.9721030648283182,
                        0.9817431337150089,
                        0.9787669046256758,
                        0.9759355922783173,
                        0.9769932128879893,
                        0.9794825580897574,
                        0.9804645641219043,
                        0.980648008630896,
                        0.9808027959165029,
                        0.9784232498811348,
                        0.97997228525094,
                        0.9807566283989188
                    ]
                }
            }
        }
    },