{
    "MaxEpsilonIneqDelay": {
        "A0D0": {
            "A0": 30
        }
    },
    "MaxEpsilonIneqSuccessProb": {
        "E2E_eventAvg": {
            "A0D0": {
                "A0": 0
            }
        },
        "sentTime_est": {
            "A0D0": {
                "A0": 0
            }
        },
        "enqueueTime_est": {
            "A0D0": {
                "A0": 0
            }
        },
        "poisson_sentTime_est": {
            "0.5": {
                "A0D0": {
                    "A0": 0
                }
            }
        }
    },
    "EndToEndDelayMean": {
        "A0D0": {
            "A0": [
                53917,
                50300,
                50674,
                54136,
                58231,
                56506,
                51845,
                50949,
                50517,
                50177,
                53706,
                50526,
                53200,
                50527,
                53986,
                52548,
                49963,
                56700,
                53676,
                56059,
                55221,
                47332,
                49637,
                55468,
                51485,
                48989,
                47610,
                48010,
                46686,
                46794
            ]
        }
    },
    "EndToEndDelayStd": {
        "A0D0": {
            "A0": [
                3043238033,
                3034080431,
                2922827285,
                3197486665,
                3071449527,
                3047180154,
                2902163561,
                2950007025,
                2864574069,
                2860845928,
                3030541096,
                2863546292,
                2981001149,
                2920827352,
                3055747148,
                3010588507,
                2893404351,
                2911897008,
                2948972228,
                3055892952,
                3016091541,
                2955610492,
                2964041689,
                3112729779,
                3061576412,
                2729619198,
                2861280963,
                2916199477,
                2765158588,
                2887403344
            ]
        }
    },
    "EndToEndSuccessProb": {
        "E2E_eventAvg": {
            "A0D0": {
                "A0": [
                    0.9757281553398058,
                    0.9747106442764434,
                    0.9755331676043438,
                    0.9748467025403579,
                    0.9733155859795906,
                    0.97265625,
                    0.9781132075471698,
                    0.9775991900272101,
                    0.9781891960436216,
                    0.9778169243818099,
                    0.972256593943341,
                    0.9787554996857323,
                    0.9740458015267176,
                    0.9753110419906688,
                    0.9742819598272949,
                    0.9759832263803291,
                    0.9779472513504925,
                    0.9733099551918956,
                    0.9734410339256866,
                    0.970687352959878,
                    0.9719655344655345,
                    0.978809738503156,
                    0.9790868350977463,
                    0.972526772055074,
                    0.974996858901872,
                    0.9812528282371193,
                    0.9764894298526585,
                    0.9787111622554661,
                    0.9808609476618148,
                    0.9774899396378269
                ]
            }
        },
        "sentTime_est": {
            "A0D0": {
                "A0": [
                    0.9735830536878788,
                    0.9724302218752328,
                    0.9733155509669628,
                    0.9726827291002341,
                    0.9701732799913647,
                    0.9703878145277296,
                    0.9756685187407831,
                    0.9757936730312368,
                    0.9749530019287581,
                    0.9779166692503457,
                    0.9707940798220756,
                    0.9756539302440744,
                    0.971442565664077,
                    0.9724256233544899,
                    0.971915810093167,
                    0.9735934312911243,
                    0.975041314462442,
                    0.971406520476381,
                    0.9709702902877358,
                    0.9676229235835413,
                    0.9707300002560543,
                    0.978081688695844,
                    0.9787004176197437,
                    0.9696986344356459,
                    0.9734104783070121,
                    0.9801220557948325,
                    0.975689974465483,
                    0.978896435788782,
                    0.9786458415403614,
                    0.975979983391169
                ]
            }
        },
        "enqueueTime_est": {
            "A0D0": {
                "A0": [
                    0.9750945,
                    0.9737551,
                    0.9741183,
                    0.9741423,
                    0.9709964,
                    0.9715475,
                    0.9760889,
                    0.976958,
                    0.9765549,
                    0.9785116,
                    0.9721229,
                    0.9767234,
                    0.9722774,
                    0.973314,
                    0.9726403,
                    0.9750862,
                    0.9766004,
                    0.972493,
                    0.9722608,
                    0.9691031,
                    0.9713988,
                    0.979111,
                    0.9794967,
                    0.9707092,
                    0.9741747,
                    0.9811538,
                    0.9763473,
                    0.9797351,
                    0.9794623,
                    0.9762542
                ]
            }
        },
        "poisson_sentTime_est": {
            "0.5": {
                "A0D0": {
                    "A0": [
                        0.9753283719856204,
                        0.973992806630505,
                        0.9722240323110191,
                        0.9754127117677491,
                        0.9690649818044774,
                        0.9732159335244807,
                        0.978898183853758,
                        0.9784770087846878,
                        0.9789159499426836,
                        0.9778792056722875,
                        0.9719047841269935,
                        0.9765787905749613,
                        0.9727483285395927,
                        0.9739160899772741,
                        0.9716227704312568,
                        0.9779978139850735,
                        0.9755573915221795,
                        0.9758865294105626,
                        0.9698140052200396,
                        0.9740007982561957,
                        0.9728445323128034,
                        0.9777959554388077,
                        0.9756586641968797,
                        0.9719789746996611,
                        0.9750316777678386,
                        0.9835721298728118,
                        0.9736326583569546,
                        0.9786926739455801,
                        0.9799752828095931,
                        0.977917463631258
                    ]
                }
            }
        }
    },