{
    "MaxEpsilonIneqDelay": {
        "A0D0": {
            "A0": 10
        }
    },
    "MaxEpsilonIneqSuccessProb": {
        "E2E_eventAvg": {
            "A0D0": {
                "A0": 10
            }
        },
        "sentTime_est": {
            "A0D0": {
                "A0": 10
            }
        },
        "enqueueTime_est": {
            "A0D0": {
                "A0": 10
            }
        },
        "poisson_sentTime_est": {
            "0.5": {
                "A0D0": {
                    "A0": 10
                }
            }
        }
    },
    "MaxEpsilonIneqNonMarkingProb": {
        "E2E_eventAvg": {
            "A0D0": {
                "A0": 0
            }
        },
        "sentTime_est_events": {
            "A0D0": {
                "A0": 0
            }
        },
        "sentTime_est_probs": {
            "A0D0": {
                "A0": 0
            }
        },
        "possion_est_probs": {
            "A0D0": {
                "A0": 0
            }
        }
    },
    "EndToEndDelayMean": {
        "A0D0": {
            "A0": [
                20415.87380322887,
                20537.906450136077,
                20207.078800186646,
                20424.167861287136,
                20390.716787655183,
                20457.44186896112,
                20103.635865951717,
                20494.909783968,
                20376.41363206492,
                20278.101900410697
            ]
        }
    },
    "EndToEndDelayStd": {
        "A0D0": {
            "A0": [
                10293.533147057637,
                10223.652241757307,
                10281.270779604843,
                10240.519299403848,
                10317.363861941434,
                10258.642507207705,
                10343.646698521654,
                10187.738977346038,
                10343.632554478647,
                10309.140857422031
            ]
        }
    },
    "EndToEndSuccessProb": {
        "E2E_eventAvg": {
            "A0D0": {
                "A0": [
                    1.0,
                    1.0,
                    1.0,
                    1.0,
                    1.0,
                    1.0,
                    1.0,
                    1.0,
                    1.0,
                    1.0
                ]
            }
        },
        "sentTime_est": {
            "A0D0": {
                "A0": [
                    1.0,
                    1.0,
                    1.0,
                    1.0,
                    1.0,
                    1.0,
                    1.0,
                    1.0,
                    1.0,
                    1.0
                ]
            }
        },
        "enqueueTime_est": {
            "A0D0": {
                "A0": [
                    1.0,
                    1.0,
                    1.0,
                    1.0,
                    1.0,
                    1.0,
                    1.0,
                    1.0,
                    1.0,
                    1.0
                ]
            }
        },
        "poisson_sentTime_est": {
            "0.5": {
                "A0D0": {
                    "A0": [
                        1.0,
                        1.0,
                        1.0,
                        1.0,
                        1.0,
                        1.0,
                        1.0,
                        1.0,
                        1.0,
                        1.0
                    ]
                }
            }
        }
    },
    "EndToEndNonMarkingProb": {
        "E2E_eventAvg": {
            "A0D0": {
                "A0": [
                    0.9265021459227468,
                    0.9274692187752029,
                    0.9282360473802156,
                    0.9275114764599125,
                    0.9277121317435706,
                    0.9278135048231512,
                    0.9266409266409267,
                    0.927478662300714,
                    0.9260072867552508,
                    0.9284527573824963
                ]
            }
        },
        "sentTime_est_events": {
            "A0D0": {
                "A0": [
                    0.9075923294917752,
                    0.9078948362290864,
                    0.907682218618078,
                    0.9078797253672558,
                    0.9076261331320542,
                    0.9075885251630598,
                    0.9081609731364466,
                    0.9076788717002566,
                    0.9069031657480957,
                    0.9074390021342928
                ]
            }
        },
        "sentTime_est_probs": {
            "A0D0": {
                "A0": [
                    0.6531774282322413,
                    0.6546688450211089,
                    0.6640243226517062,
                    0.6471616893709726,
                    0.6504812046941242,
                    0.6503183088393916,
                    0.6527664713499338,
                    0.6582362374283464,
                    0.648449319169736,
                    0.6546135964183275
                ]
            }
        },
        "possion_est_probs": {
            "A0D0": {
                "A0": [
                    0.9181175900257383,
                    0.9133592187695289,
                    0.9200885284946637,
                    0.9171104385060437,
                    0.9112135331961505,
                    0.9150125527865923,
                    0.916665737026588,
                    0.9134401437110676,
                    0.9188979643535695,
                    0.9161192156495759
                ]
            }
        }
    },
    "DropRate": [
        0.0,
        0.0,
        0.0,
        0.0,
        0.0,
        0.0,
        0.0,
        0.0,
        0.0,
        0.0
    ],
    "maxEpsilonDelay": {
        "A0D0": {
            "A0": [
                0.014604879827648807,
                0.014758875495896606,
                0.014860664961231708,
                0.015133627444442181,
                0.014528143576410938,
                0.014537211391494404,
                0.015242298918048307,
                0.01451829458096851,
                0.015375890071433253,
                0.0150048105907882
            ]
        }
    },
    "maxEpsilonSuccessProb": {
        "A0D0": {
            "A0": [
                0.0,
                0.0,
                0.0,
                0.0,
                0.0,
                0.0,
                0.0,
                0.0,
                0.0,
                0.0
            ]
        }
    },
    "maxEpsilonNonMarkingProb": {
        "A0D0": {
            "A0": [
                0.002052812145804477,
                0.002098116487939265,
                0.0019675509118362846,
                0.0021098025195111178,
                0.002162526193558805,
                0.0025428940692761664,
                0.002026058292756691,
                0.001812267628777638,
                0.0023581265979060666,
                0.0022871011026918053
            ]
        }
    },
    "errors": {
        "A0D0": {
            "A0": [
                0.0014139599521571394,
                0.01280224220661631,
                0.0021883606697242685,
                0.00924333449583039,
                0.004358650798789001,
                0.005537617716790662,
                0.0004389670479228908,
                0.0118333035232801,
                0.010331367228329476,
                0.0056598140123791645
            ]
        }
    },
    "workLoad": {
        "A0D0": {
            "A0": [
                0.299989392,
                0.299969712,
                0.29998448,
                0.299983552,
                0.299960672,
                0.299992608,
                0.299981344,
                0.29998192,
                0.299992768,
                0.29998288
            ]
        }
    },
    "AverageWorkLoad": 0.2999819328,