{
    "MaxEpsilonIneqDelay": {
        "A0D0": {
            "A0": 26
        }
    },
    "MaxEpsilonIneqSuccessProb": {
        "E2E_eventAvg": {
            "A0D0": {
                "A0": 0
            }
        },
        "sentTime_est": {
            "A0D0": {
                "A0": 0
            }
        },
        "enqueueTime_est": {
            "A0D0": {
                "A0": 0
            }
        },
        "poisson_sentTime_est": {
            "0.5": {
                "A0D0": {
                    "A0": 0
                }
            }
        }
    },
    "EndToEndDelayMean": {
        "A0D0": {
            "A0": [
                43699,
                44261,
                43223,
                44827,
                45387,
                46809,
                38965,
                42660,
                46962,
                40331,
                38847,
                39442,
                45241,
                39470,
                37542,
                39990,
                40718,
                45391,
                44053,
                42880,
                44205,
                42941,
                45511,
                37389,
                47489,
                45880,
                44412,
                43874,
                41576,
                39630
            ]
        }
    },
    "EndToEndDelayStd": {
        "A0D0": {
            "A0": [
                2449243410,
                2447375613,
                2379246604,
                2432137938,
                2485973701,
                2453331483,
                2341814269,
                2399702726,
                2508107725,
                2263925430,
                2241640030,
                2219866246,
                2487153094,
                2228590433,
                2165139693,
                2292696245,
                2271180470,
                2313991578,
                2413053948,
                2469495665,
                2375953117,
                2330982867,
                2453356980,
                2206156276,
                2666553261,
                2419526896,
                2449626180,
                2511148650,
                2359479034,
                2271400792
            ]
        }
    },
    "EndToEndSuccessProb": {
        "E2E_eventAvg": {
            "A0D0": {
                "A0": [
                    0.983753740914921,
                    0.9853797546772395,
                    0.9849291853286527,
                    0.9842290803389202,
                    0.9850291961734376,
                    0.9833222951411885,
                    0.9865058143150301,
                    0.9874799738918887,
                    0.9839803995476819,
                    0.9890151042316815,
                    0.9875225029486623,
                    0.986985510962944,
                    0.98330623983994,
                    0.9882761095824859,
                    0.9877005681463445,
                    0.9879532882606024,
                    0.9876468082516887,
                    0.9862140800196066,
                    0.9837305637269617,
                    0.983419493128231,
                    0.9848569478061193,
                    0.9847447447447447,
                    0.9844249924539692,
                    0.9874482401656315,
                    0.9821450484722052,
                    0.9840701407755001,
                    0.9832374892940169,
                    0.985069169358279,
                    0.9847553164232642,
                    0.9865689865689866
                ]
            }
        },
        "sentTime_est": {
            "A0D0": {
                "A0": [
                    0.9830186061982669,
                    0.9840321561552421,
                    0.9839348994631794,
                    0.9823075038928215,
                    0.9835140795632833,
                    0.9813080649427843,
                    0.985872606858586,
                    0.9865124910784755,
                    0.9824404101164359,
                    0.9884439462129627,
                    0.9874360111109995,
                    0.9859535676258983,
                    0.9812939636662834,
                    0.9862266878119029,
                    0.9877292011462449,
                    0.9872045266359316,
                    0.9868924070637766,
                    0.9838851867868822,
                    0.9831988329882677,
                    0.9830155065417144,
                    0.9842750715622158,
                    0.9832123755525793,
                    0.9828590252003173,
                    0.9867996459823402,
                    0.9794722098387997,
                    0.9826967141076121,
                    0.982604405909148,
                    0.9840035386025606,
                    0.984072690536467,
                    0.9855166298589405
                ]
            }
        },
        "enqueueTime_est": {
            "A0D0": {
                "A0": [
                    0.9836828,
                    0.9842554,
                    0.9842181,
                    0.9836964,
                    0.9836664,
                    0.9816723,
                    0.986449,
                    0.9865882,
                    0.9831712,
                    0.9886789,
                    0.9874822,
                    0.9867669,
                    0.9823975,
                    0.9863433,
                    0.987961,
                    0.9872858,
                    0.9870536,
                    0.9846204,
                    0.9835939,
                    0.9831471,
                    0.9846352,
                    0.9833987,
                    0.9833126,
                    0.9870651,
                    0.9802593,
                    0.9838853,
                    0.9827777,
                    0.9842188,
                    0.9846473,
                    0.9857842
                ]
            }
        },
        "poisson_sentTime_est": {
            "0.5": {
                "A0D0": {
                    "A0": [
                        0.982997716554697,
                        0.9841679305757305,
                        0.9855741770181224,
                        0.9846270406190045,
                        0.9852066735693741,
                        0.9818526851075585,
                        0.9871125056329295,
                        0.9881854972024353,
                        0.9806090154885766,
                        0.9906753932576611,
                        0.9875428126248118,
                        0.9885014273388677,
                        0.9821733333301923,
                        0.9880565280869966,
                        0.9883944364577618,
                        0.9884379504052961,
                        0.9857888568434934,
                        0.9867524219150443,
                        0.9835437994918941,
                        0.9827931921158058,
                        0.9852830822659211,
                        0.9834090054596285,
                        0.983373434723664,
                        0.985858800397078,
                        0.9819396990725953,
                        0.9854181442174402,
                        0.9812739534149366,
                        0.9830912058758956,
                        0.9837421306010352,
                        0.9863779131091925
                    ]
                }
            }
        }
    },