{
    "Overall": {
        "samples": {
            "DominantAssumption": {
                "R0h1R1h1": 94,
                "R0h0R1h0": 25
            },
            "General": {
                "R0h1R1h1": 100,
                "R0h0R1h0": 100
            }
        }
    },
    "PerTrafficStream": {
        "samples": {
            "DominantAssumption": {
                "R0h1R1h1": 100,
                "R0h0R1h0": 100
            },
            "General": {
                "R0h1R1h1": 100,
                "R0h0R1h0": 100
            }
        }
    },
    "ANOVA": 27,
    "Kruskal": 23,
    "EndToEndMean": {
        "R0h1R1h1": [
            427794751.4807692,
            447083608.22409636,
            435769273.77902097,
            438097387.7136352,
            440417261.6462766,
            438536358.0509958,
            452976314.38532925,
            454608447.6058385,
            450549867.3081721,
            433573990.14097196,
            448672824.49196506,
            448381550.42426926,
            440614836.5937698,
            436287345.23607594,
            441162326.9264725,
            430138952.0081043,
            443768288.7993421,
            440084363.6006317,
            446395484.82951814,
            448616198.08251995,
            428785727.634298,
            433471956.2379985,
            427520063.3206783,
            440500352.25943816,
            446889268.51978624,
            437726474.5201567,
            435016586.64702153,
            449939998.4120411,
            431907902.82916665,
            447911321.88585925,
            426806714.3035014,
            432355044.8267477,
            432888365.1285023,
            434061032.1344229,
            432590031.9846544,
            438531547.9552087,
            428743749.9874445,
            450259570.07140136,
            443218643.36365944,
            437994763.8338403,
            432904030.24984145,
            441554966.9431544,
            446335566.2801969,
            434179489.6321592,
            437656761.3005057,
            431440103.7039848,
            443732567.2930751,
            435201529.9671278,
            450405038.7753137,
            438907250.388088,
            438370546.45053136,
            443536533.25348014,
            441094359.58017975,
            434835256.6962138,
            436928833.0747119,
            453442590.8226645,
            451081064.22945815,
            433151897.6371121,
            440397156.6207947,
            441996190.3468377,
            436960538.39294326,
            427218320.80374306,
            444159091.08008134,
            439579376.36031926,
            451477397.59460145,
            437832200.782256,
            444105935.8185284,
            434127740.2297673,
            436660434.66278774,
            445125862.23527926,
            439408167.2158774,
            457179418.5595586,
            440810374.84542227,
            449949362.6309827,
            443968856.8440949,
            439747806.68800914,
            438244278.5038583,
            432978142.505062,
            441513927.9199241,
            438366928.29923856,
            437848496.06662434,
            454063862.98232543,
            433908276.43373036,
            437273011.20216286,
            442025263.29343975,
            419808705.8975813,
            435404286.3089132,
            436851725.14044875,
            449110125.01577806,
            449178648.1904219,
            432710196.8466125,
            437954284.427082,
            439240092.2546513,
            431819374.1923077,
            431424051.0574145,
            442095800.16218615,
            440935805.04967684,
            436528737.4376348,
            429940183.1279483,
            440394279.41436183
        ],
        "R0h0R1h0": [
            569596957.2478321,
            560894919.8623403,
            568242210.7269192,
            554480936.7840884,
            560479308.1445482,
            557446973.1668942,
            560731374.713862,
            559309516.1662284,
            558266741.6115165,
            559070669.6999203,
            562952458.7489703,
            560261683.5123619,
            557512395.9889257,
            554010521.4729036,
            564328266.2783623,
            565483162.9870843,
            561186435.4497832,
            552936361.1509175,
            562291981.3623006,
            563852763.2961403,
            553846682.3697488,
            563387751.7358576,
            552685789.9737833,
            570199290.0927718,
            559369445.0370876,
            568927981.169352,
            558135253.3115258,
            555716904.6381137,
            556834287.8906143,
            557730737.9955641,
            555905450.7537177,
            559568055.6010044,
            563225743.8736458,
            560218456.5244724,
            560601256.3963087,
            564134456.4290938,
            558244893.3508092,
            551042073.990523,
            562298318.3071314,
            561015721.1176605,
            565417897.6408883,
            550282678.5170487,
            559998573.4071282,
            566516057.6517521,
            563190865.4518265,
            562898417.3405325,
            566734768.6018202,
            569082303.6914821,
            555698579.9476374,
            563203365.9967974,
            565549954.0418047,
            551948032.5503134,
            559371765.0385317,
            563828616.7350866,
            550650943.5449784,
            561181419.5992,
            568705796.42028,
            550939461.052037,
            557935967.7498578,
            571062341.7222476,
            558979558.968113,
            568615343.9719082,
            559831195.966476,
            567694026.6645029,
            568001420.3105059,
            563537296.61563,
            567434564.6036334,
            558701272.8712,
            561852884.6573937,
            567421742.3815714,
            550164561.9273992,
            560827169.9738429,
            561178983.9424089,
            562611460.7554845,
            572387147.4063427,
            555528170.4607675,
            557764148.4851733,
            560846470.1623317,
            555352537.6673893,
            564028407.0838754,
            556680385.1962061,
            559305986.3367544,
            562717669.588148,
            561262185.4484766,
            555169398.7656822,
            562937581.6302685,
            565629535.3099794,
            559641267.2879151,
            575175105.5328609,
            561206213.2998061,
            564705447.3708466,
            560355647.583001,
            560168462.5814139,
            565364004.1405362,
            555796510.6890132,
            549277168.7661583,
            559378407.3946526,
            567095328.9069262,
            554250839.8463031,
            560400416.4862093
        ]
    },