{
    "Overall": {
        "samples": {
            "DominantAssumption": {
                "R0h1R1h1": 95,
                "R0h0R1h0": 31
            },
            "General": {
                "R0h1R1h1": 100,
                "R0h0R1h0": 100
            }
        }
    },
    "PerTrafficStream": {
        "samples": {
            "DominantAssumption": {
                "R0h1R1h1": 100,
                "R0h0R1h0": 100
            },
            "General": {
                "R0h1R1h1": 100,
                "R0h0R1h0": 100
            }
        }
    },
    "ANOVA": 38,
    "Kruskal": 41,
    "EndToEndMean": {
        "R0h1R1h1": 440744721.3196522,
        "R0h0R1h0": 560076141.9364843
    },
    "EndToEndStd": {
        "R0h1R1h1": 461365943.70869833,
        "R0h0R1h0": 665384421.5576266
    },
    "EndToEndSkew": {
        "R0h1R1h1": 1.882209599656209,
        "R0h0R1h0": 2.250503912878455
    },
    "experiments": 100
}