{
    "Overall": {
        "samples": {
            "DominantAssumption": {
                "R0h1R1h1": 45,
                "R0h0R1h0": 48
            },
            "General": {
                "R0h1R1h1": 50,
                "R0h0R1h0": 50
            },
            "RelaxedDominantAssumption": {
                "R0h1R1h1": 43,
                "R0h0R1h0": 47
            },
            "Basic": {
                "R0h1R1h1": 4,
                "R0h0R1h0": 33
            },
            "Basic_timeAvg": {
                "R0h1R1h1": 43,
                "R0h0R1h0": 48
            }
        }
    },
    "PerTrafficStream": {},
    "ANOVA": {
        "samples": 46,
        "groundtruth": 30
    },
    "Kruskal": {
        "samples": 47,
        "groundtruth": 28
    },
    "EndToEndMean": {
        "R0h1R1h1": [
            584228325.2693416,
            590295509.7195066,
            581095899.2440805,
            589121080.5785424,
            590091238.2570596,
            584460229.7976825,
            587685799.3553835,
            587946096.1500441,
            581297181.6419157,
            582383431.8416462,
            582281928.6503656,
            586465728.0871135,
            585357416.686713,
            585134288.9624689,
            584678091.095955,
            583254716.7080091,
            590914605.5648148,
            585159726.0596279,
            587517378.0303309,
            586164995.8244793,
            583159273.3864254,
            585440269.1080711,
            593153146.0598191,
            588333666.0545372,
            584507050.0526083,
            586200584.9715061,
            588662109.577951,
            584991280.1218066,
            585266266.9320747,
            585517065.3320525,
            586834774.1039506,
            586241119.6902534,
            585919586.0959401,
            584077516.951842,
            587555014.9814317,
            588576807.1113138,
            586621460.6066328,
            589557908.0682445,
            585257054.198317,
            587273032.3218337,
            593128696.1635082,
            585656866.8341497,
            582453699.7555755,
            587266241.8191864,
            590344269.1655297,
            590381892.4494927,
            584547897.9033827,
            592506380.1068895,
            581180385.8310322,
            593956143.5600555
        ],
        "R0h0R1h0": [
            586800719.2491235,
            590831133.8573519,
            582897803.8314285,
            589645817.3669195,
            590394444.5356952,
            586336433.0425532,
            589298161.2941177,
            588646350.8430786,
            582559719.2648377,
            583648499.5291098,
            584525432.4672635,
            586815013.5147971,
            586198733.8070239,
            587795401.7700268,
            585741080.66393,
            584128162.9738305,
            592175305.6659459,
            586933321.443263,
            588536754.8918443,
            588295842.7759591,
            584488212.2910858,
            586178494.6752405,
            595142223.7017945,
            589489194.2803535,
            586080140.5671228,
            587274191.9005997,
            590476618.3449577,
            585354092.0308052,
            587070016.8935169,
            586838140.8196636,
            588847128.7011807,
            587789974.0576419,
            588326722.8712802,
            585348348.8370067,
            589355227.5575901,
            588911569.0174357,
            587846080.224719,
            590174644.901522,
            586080675.3054408,
            587965948.5783871,
            593820108.1669973,
            588054106.8218861,
            584567730.7449036,
            588615406.110352,
            592594964.2747409,
            591610101.9453434,
            586305349.0742654,
            593502986.8219202,
            583277372.3389157,
            594188046.2512991
        ]
    },
    "EndToEndStd": {
        "R0h1R1h1": [
            24404710.76654652,
            23566696.39449614,
            21714206.721636966,
            22821520.051654495,
            20743933.2357563,
            23829212.38182611,
            24535866.709060963,
            24632840.873421036,
            22213055.74892208,
            28101830.218242556,
            21300196.049300715,
            21983916.12505459,
            21603088.05127312,
            26529536.76922059,
            24395575.28952142,
            24020291.80354414,
            24071566.26304709,
            28141034.184622094,
            22621784.89127363,
            26624035.744200666,
            22519099.68981389,
            21120664.258111298,
            22595844.175020184,
            23407697.052586872,
            27326597.016602647,
            22295919.158353463,
            23570710.434162617,
            20908931.83549578,
            26167854.94477417,
            26451956.66780781,
            24037726.987553865,
            21556258.289211232,
            21030657.278739896,
            25350551.58684236,
            24613533.925774954,
            22910739.032308433,
            25757488.230088327,
            23744686.122288227,
            29262652.3833034,
            23259539.762358546,
            23819447.645405833,
            22736088.760540947,
            28371237.28833263,
            22050570.26143613,
            27524211.28093529,
            23739799.014359742,
            21912963.606584385,
            23557449.366071258,
            22724228.47176202,
            26708975.126646955
        ],
        "R0h0R1h0": [
            24539896.666202936,
            22850215.727993164,
            20421330.34796963,
            24189825.296444297,
            22716490.120743047,
            23942694.12849182,
            22761432.012536746,
            26043719.363431446,
            21716096.168908555,
            22755193.33414853,
            21466161.16929686,
            21840531.511760693,
            23793609.916993707,
            22806071.785784047,
            22807214.353805974,
            24141093.159524914,
            24208322.684952587,
            26568516.589099847,
            21903351.53687263,
            27128301.80817857,
            22472862.72333645,
            20665913.319110148,
            24789521.301443256,
            23785346.776577312,
            24532507.5423768,
            24968697.24931173,
            23471444.904464874,
            21957693.32730611,
            25070798.638699956,
            27493997.2278924,
            21513034.22917561,
            22443473.23920257,
            23219512.924556363,
            25321361.373682838,
            23965564.797777124,
            21213444.012735754,
            24636554.7160372,
            23969703.00587182,
            25386932.69128202,
            22969722.642670423,
            24759408.933190107,
            17271751.18665305,
            26575726.85022237,
            24345409.248947974,
            27052192.20434706,
            22376097.66500384,
            23432767.87103775,
            23775528.06569383,
            22819335.770444103,
            25477981.361359242
        ]
    },