{
    "Overall": {
        "samples": {
            "DominantAssumption": {
                "R0h1R1h1": 44,
                "R0h0R1h0": 48
            },
            "General": {
                "R0h1R1h1": 50,
                "R0h0R1h0": 50
            },
            "RelaxedDominantAssumption": {
                "R0h1R1h1": 42,
                "R0h0R1h0": 45
            },
            "Basic": {
                "R0h1R1h1": 4,
                "R0h0R1h0": 36
            },
            "Basic_timeAvg": {
                "R0h1R1h1": 43,
                "R0h0R1h0": 47
            }
        }
    },
    "PerTrafficStream": {},
    "ANOVA": {
        "samples": 47,
        "groundtruth": 30
    },
    "Kruskal": {
        "samples": 47,
        "groundtruth": 25
    },
    "EndToEndMean": {
        "R0h1R1h1": [
            588216112.8410764,
            584844424.8169212,
            587114715.9367936,
            588670071.4199281,
            587808773.7737128,
            591531001.2026904,
            583428390.6938369,
            586554985.8452624,
            587413033.6880903,
            587457391.9709197,
            586555226.6845762,
            587374297.607026,
            590104794.373993,
            588628471.3939394,
            581574904.4203345,
            587174873.201032,
            586079857.4020256,
            586751788.4156026,
            586961925.3519814,
            590848949.6666666,
            587840993.7617855,
            584321746.9754847,
            589426793.9667696,
            586740960.7596085,
            585818090.4712279,
            583634112.1725345,
            586854935.7287879,
            589401568.947029,
            582676148.0861989,
            588974240.0101607,
            587105254.6594595,
            590220153.1997619,
            595682025.7416335,
            586178590.4281257,
            578576746.870789,
            589790616.5086006,
            584413214.9373865,
            585741984.3142989,
            583641441.6387082,
            587118712.0587305,
            588388392.1782026,
            589312288.9988345,
            588309565.216849,
            589729914.8049359,
            584074774.4993166,
            584650901.4922464,
            586473575.1594818,
            590065712.5049086,
            587456881.221374,
            590590537.2060395
        ],
        "R0h0R1h0": [
            590213405.741565,
            586688128.4950249,
            588998729.5172982,
            589996721.5649536,
            589157880.7968017,
            593948650.019384,
            584469713.4186833,
            587478523.4224744,
            588646024.6302689,
            590904431.5075471,
            588696213.041138,
            587784720.5281417,
            590967288.4608465,
            589612410.863059,
            582440237.9690442,
            588852307.3563511,
            587072002.2621481,
            589084086.6111591,
            588476024.1226499,
            592257741.828995,
            589765712.6629391,
            585596801.1712639,
            590494337.0701009,
            587577091.9565895,
            587415910.2816247,
            583630971.5600278,
            587581469.5530168,
            590200888.1985046,
            584246903.4940035,
            588807875.9366435,
            588101948.4575068,
            591150260.9139766,
            596833792.8438781,
            587993593.1757084,
            581085167.3886143,
            592259945.0114175,
            585825626.9522969,
            587722979.2284192,
            583608500.8851094,
            589745467.57891,
            590778104.7669921,
            590833570.1275818,
            588797470.5528194,
            591177439.221294,
            586378273.4251328,
            586435198.2345793,
            588725718.83697,
            589556502.224643,
            587125147.0452455,
            592040564.2646341
        ]
    },
    "EndToEndStd": {
        "R0h1R1h1": [
            25562556.27864942,
            24951448.25952777,
            27157049.481571715,
            28613467.669787433,
            27646387.888811883,
            31339614.860119708,
            22790352.932881087,
            22210027.02428021,
            20841140.874206997,
            23686702.17707008,
            22258426.561161432,
            23165013.35868711,
            21505396.64322342,
            23040574.153086476,
            22940572.885625232,
            27218283.93393316,
            23731687.222982027,
            21777795.115139633,
            24242193.035058822,
            21356902.507721115,
            22518864.214394152,
            23972683.98187029,
            22528543.268598277,
            24081965.708009444,
            24992564.319973845,
            24842509.93648447,
            26122913.288751636,
            25551731.40162066,
            22661996.858398024,
            23572656.525716726,
            20400643.75660237,
            18277098.720571622,
            18969266.558593426,
            23691068.62810643,
            29136618.67622567,
            24515253.052770164,
            19767718.60456304,
            24876616.77766463,
            20763226.809655614,
            28054435.00952275,
            22838512.465710044,
            25796141.639159538,
            18525332.12122034,
            21677805.632989947,
            23030278.877244674,
            25226269.893474236,
            27307216.153285906,
            27294909.896559265,
            20739905.55088908,
            21440308.83643959
        ],
        "R0h0R1h0": [
            23962547.043171763,
            21681934.7741435,
            27048090.268448967,
            28486248.615518257,
            28609192.64410273,
            28685089.472304,
            22076786.819987323,
            21463348.382470265,
            19833073.161532506,
            25144968.405174624,
            23456402.973520774,
            23530304.753884558,
            22363869.187365174,
            23567141.815084066,
            23309811.3471078,
            26192630.81258106,
            25543046.741327144,
            20767314.004398443,
            25472430.694916856,
            20776583.3311522,
            21400853.034867067,
            26001582.720348142,
            19624230.00378058,
            22805173.38768179,
            24326176.232868746,
            23199752.813489947,
            24776105.85694674,
            24751385.374684256,
            18931493.787542276,
            25025314.805913378,
            20362468.730722226,
            18727671.491611574,
            19130980.50690414,
            24229931.295461994,
            23575049.361146547,
            22632710.671309046,
            16202602.45805378,
            23970349.61215803,
            21342016.097007327,
            25279581.086383764,
            24091699.88362954,
            22884515.349056117,
            19771437.764792316,
            21321785.48419404,
            21072255.856730707,
            23766698.643412776,
            27033413.292747434,
            25232190.154960528,
            21206554.06876777,
            19349787.043923717
        ]
    },