{
    "Overall": {
        "samples": {
            "DominantAssumption": {
                "R0h1R1h1": 46,
                "R0h0R1h0": 48
            },
            "General": {
                "R0h1R1h1": 50,
                "R0h0R1h0": 50
            },
            "RelaxedDominantAssumption": {
                "R0h1R1h1": 42,
                "R0h0R1h0": 47
            },
            "Basic": {
                "R0h1R1h1": 6,
                "R0h0R1h0": 34
            },
            "Basic_timeAvg": {
                "R0h1R1h1": 42,
                "R0h0R1h0": 48
            }
        }
    },
    "PerTrafficStream": {},
    "ANOVA": {
        "samples": 45,
        "groundtruth": 32
    },
    "Kruskal": {
        "samples": 46,
        "groundtruth": 31
    },
    "EndToEndMean": {
        "R0h1R1h1": [
            580185747.7083334,
            589194041.5089655,
            588729474.1162575,
            583053989.7473685,
            588032377.7013888,
            591070470.3015007,
            583100747.7419503,
            587138991.7183462,
            582932159.7890471,
            582208995.832203,
            585636811.9395616,
            592759878.1085888,
            590822257.8239293,
            584226762.0251629,
            585529429.8126992,
            586036418.0591166,
            584733828.9814898,
            587569783.1494809,
            587960450.4150296,
            587677687.8203686,
            589670331.3309546,
            589248239.3885205,
            586149547.8351064,
            588098106.6663669,
            589143509.2543153,
            582380513.9895597,
            586938897.415678,
            579306289.1518931,
            590720906.026953,
            589329597.7955619,
            585436437.9961917,
            582683574.1139562,
            595129088.5522592,
            584000477.0980752,
            589868593.7547892,
            587871702.5146959,
            588473446.8239565,
            589510435.2424518,
            588306455.2215377,
            586747787.3324943,
            588351494.369069,
            588025883.5280899,
            589294739.2105869,
            584276915.715535,
            588764581.4289527,
            585866422.9225241,
            591411015.198621,
            585307979.4116838,
            586345807.7544144,
            587107091.6550033
        ],
        "R0h0R1h0": [
            582593758.8276047,
            589461111.0131698,
            590494999.0748858,
            584242011.5990944,
            589777287.453067,
            592130107.2578154,
            585019658.4922508,
            588125439.7744613,
            584295569.9071904,
            583559086.5703387,
            584890098.7901754,
            593494891.0693052,
            593086510.3286562,
            585358176.8810986,
            587548992.5925286,
            587798100.4792142,
            586932505.2941177,
            589899672.27643,
            588829331.4500355,
            588626973.5429398,
            589880749.0126877,
            590333165.4737774,
            587838735.1322186,
            589589325.858965,
            590324527.0048369,
            585200906.5782562,
            588544794.9959248,
            581242555.348741,
            590854646.4793209,
            590986707.2439365,
            586338024.1088617,
            583809461.3121665,
            596895004.1007168,
            584638067.5152578,
            590783081.8502296,
            588711109.2868471,
            589039886.2295856,
            591326529.6534239,
            589091699.5211942,
            587374862.7218336,
            590049127.1581345,
            589560156.2007818,
            591429649.3344464,
            585712980.5377599,
            590659140.3670617,
            587284277.7365716,
            592430326.2966797,
            586585502.1563734,
            586274960.9079039,
            588426593.3676392
        ]
    },
    "EndToEndStd": {
        "R0h1R1h1": [
            21033870.884862494,
            20778836.31088369,
            21038618.325175337,
            25044825.314331483,
            23834480.535919048,
            22010444.204836685,
            22415718.65979698,
            18227880.855438385,
            24251556.42744588,
            24321595.198697135,
            23437648.981114976,
            21237126.004671782,
            29287976.77025014,
            24252859.872060463,
            25099172.31798683,
            22739514.86612972,
            22955415.936648417,
            30033407.215566725,
            20921176.49027152,
            21576222.988101758,
            21658458.284128133,
            20197345.46620973,
            20344258.93933013,
            24428026.46856495,
            27554166.627566226,
            23893296.341947217,
            27363112.294296384,
            22914705.46195631,
            23422981.293932043,
            25978406.934694387,
            25192656.902250566,
            18002577.572838582,
            25002495.116036393,
            20574617.21313257,
            24150976.239000186,
            21874952.254832827,
            25589895.035695113,
            20314215.51076266,
            31689239.26550423,
            23897359.688841004,
            19430181.167075872,
            24011884.389996182,
            23798667.689544447,
            27277739.38578903,
            26151546.61044633,
            26743275.588148057,
            28018559.918942586,
            22049387.073545028,
            22914205.703574736,
            19975996.63087059
        ],
        "R0h0R1h0": [
            22221822.02682586,
            20474269.91295605,
            22202144.923667632,
            26041105.172866825,
            23791455.23271836,
            19609788.25677957,
            24279894.356426366,
            17726990.17112954,
            24624112.140460573,
            22506550.439141426,
            23240272.81099144,
            23159227.688631386,
            27739544.21174751,
            24534496.050085206,
            27465256.501749378,
            21322500.654440492,
            24367187.517121147,
            26029240.360025827,
            20304248.447694864,
            21430739.501777846,
            21530128.33114193,
            20189416.241333414,
            20433299.45449718,
            24088036.99805318,
            27766208.28214789,
            23456729.367056724,
            26191189.53171535,
            24631333.99354445,
            23522748.482815195,
            24758656.074887343,
            25424282.463637006,
            18064707.81410035,
            24625672.33170785,
            20331588.9174191,
            25000319.275921937,
            21602676.341088053,
            26133749.613919865,
            19152539.254371867,
            25851240.0238006,
            22115237.23880569,
            20633860.341542456,
            22425530.60991609,
            24520505.50649111,
            24053754.79361564,
            25790655.86498244,
            24150946.535812043,
            24866748.205531638,
            22000826.635446776,
            23654857.623049032,
            20151214.94397974
        ]
    },