{
    "Overall": {
        "samples": {
            "DominantAssumption": {
                "R0h1R1h1": 47,
                "R0h0R1h0": 47
            },
            "General": {
                "R0h1R1h1": 50,
                "R0h0R1h0": 50
            },
            "RelaxedDominantAssumption": {
                "R0h1R1h1": 45,
                "R0h0R1h0": 47
            },
            "Basic": {
                "R0h1R1h1": 3,
                "R0h0R1h0": 31
            },
            "Basic_timeAvg": {
                "R0h1R1h1": 46,
                "R0h0R1h0": 49
            }
        }
    },
    "PerTrafficStream": {},
    "ANOVA": {
        "samples": 49,
        "groundtruth": 29
    },
    "Kruskal": {
        "samples": 48,
        "groundtruth": 28
    },
    "EndToEndMean": {
        "R0h1R1h1": [
            588681786.5215917,
            591804226.8447889,
            587481799.1173933,
            587474934.7968036,
            587413703.6779816,
            588005711.0428668,
            591902683.0686916,
            589252154.623606,
            588363637.6595407,
            590818990.9353545,
            581180217.0804756,
            589034856.4853933,
            587456545.7004628,
            586893968.2023917,
            582370462.8940442,
            589164456.5394529,
            587273733.2243055,
            592417609.0608637,
            588421990.4221772,
            588170791.8118147,
            589872710.1158577,
            587581633.5333642,
            586782605.6678717,
            588969599.9554363,
            581064512.3593855,
            585997475.4335946,
            589232336.9821906,
            586309220.2314049,
            587153428.4230855,
            588728324.8608377,
            582712877.620349,
            591972228.7058436,
            585580118.5198514,
            588433382.799366,
            589080765.7723376,
            590743723.3178052,
            579986780.9695593,
            587396705.3315119,
            584200864.2805873,
            591767496.0487255,
            590951786.490443,
            588529570.5355278,
            582013998.4000461,
            589353954.6316831,
            588004347.884384,
            587327076.9430076,
            590825055.7900528,
            590266984.1261758,
            582051919.7980725,
            591224461.1704994
        ],
        "R0h0R1h0": [
            589334517.295467,
            592436887.7726774,
            589335672.6193111,
            590892571.2537287,
            588333416.0418848,
            588851364.8429632,
            593103775.2531294,
            592492382.916099,
            589798262.3638772,
            592772153.6978265,
            582997914.5511825,
            591069579.7585839,
            588794391.3320802,
            587694226.781837,
            582102991.2793436,
            590457870.9795954,
            589102955.4708822,
            593702804.3539854,
            590797912.1943597,
            589925367.6465377,
            591582081.9327443,
            589705045.1249331,
            587664640.8295517,
            590285269.7894737,
            582102666.2713206,
            587641618.1146519,
            590454249.2674146,
            588619564.0918967,
            588701230.4094764,
            589101088.3217671,
            583898641.7974368,
            594489260.1448525,
            587563100.7628114,
            589453442.8719686,
            590110139.2741299,
            591566846.6697427,
            581637117.7378387,
            588291478.42451,
            588176762.3027749,
            592765026.5108194,
            591732713.5347271,
            588047534.4862976,
            582839652.7877529,
            591265228.5880661,
            589345099.8230072,
            589306451.6813207,
            592518798.0869018,
            591081329.3195802,
            584586437.2798748,
            592997963.9857919
        ]
    },
    "EndToEndStd": {
        "R0h1R1h1": [
            23148397.98441549,
            27096171.85784309,
            26849616.016245395,
            23762458.736483693,
            22633175.38126154,
            22299797.34591167,
            24348599.45856702,
            29627358.3534238,
            21178685.49510327,
            23124900.70726089,
            23501230.499642685,
            23239875.349521406,
            25222946.671312947,
            19085416.023471005,
            23669955.882557787,
            24233516.063275702,
            21159920.38765584,
            24783977.574642565,
            25481277.03157584,
            26540519.565886226,
            22439263.589768402,
            25918360.884122,
            25129369.51687418,
            23298775.38001528,
            21743712.760948952,
            26280844.304968223,
            24986485.463927757,
            23086706.088162486,
            25609045.35382033,
            26455933.76131576,
            23953173.0128841,
            19512707.533339337,
            22245176.583100777,
            21753154.787428442,
            25698132.80644061,
            22704353.711881544,
            22710342.206796903,
            25962790.225075476,
            25967319.59103036,
            23068614.574039448,
            25803982.43171798,
            23567085.32572098,
            22025835.619324263,
            23073457.03333052,
            20561359.369471148,
            19872377.331255097,
            30514822.330476284,
            24808344.143035304,
            25283802.73617186,
            22387564.7843972
        ],
        "R0h0R1h0": [
            21766162.425323613,
            26755482.551175185,
            27721914.51003639,
            22668825.389437158,
            22900487.373135474,
            22676212.64924094,
            22762958.141075473,
            23330597.545969654,
            17710839.99021537,
            22055190.821974117,
            22536977.917561747,
            21956920.357425697,
            25008382.464789547,
            18837484.148454767,
            24764730.829957467,
            24287859.428436648,
            21273433.71043468,
            24874302.779885333,
            23993207.826916747,
            28262117.30040487,
            21385927.071409702,
            22876331.620401315,
            25309663.57253051,
            22277326.85926815,
            21814488.76123639,
            26016403.98221616,
            24711340.45251232,
            22934769.21405577,
            25740347.422186367,
            24744208.645371135,
            24056664.947807107,
            20035573.92050836,
            20398193.167308528,
            22866016.73098024,
            24405336.32872492,
            21478020.499705464,
            23125168.705928583,
            24793407.762142107,
            25482014.003434688,
            24034684.976463247,
            25025177.04390509,
            24223938.758223154,
            22684177.85991814,
            20496466.721119802,
            21821828.336682368,
            19856430.263066843,
            29371067.490867097,
            25319019.794062153,
            24972109.662569664,
            21163294.702621818
        ]
    },