{
    "Overall": {
        "samples": {
            "DominantAssumption": {
                "R0h1R1h1": 43,
                "R0h0R1h0": 45
            },
            "General": {
                "R0h1R1h1": 50,
                "R0h0R1h0": 50
            },
            "RelaxedDominantAssumption": {
                "R0h1R1h1": 42,
                "R0h0R1h0": 42
            },
            "Basic": {
                "R0h1R1h1": 6,
                "R0h0R1h0": 30
            },
            "Basic_timeAvg": {
                "R0h1R1h1": 43,
                "R0h0R1h0": 45
            }
        }
    },
    "PerTrafficStream": {},
    "ANOVA": {
        "samples": 48,
        "groundtruth": 30
    },
    "Kruskal": {
        "samples": 46,
        "groundtruth": 26
    },
    "EndToEndMean": {
        "R0h1R1h1": [
            590699533.9796499,
            586837423.9571164,
            589171888.0190761,
            594657535.9509714,
            588738187.285682,
            586606234.2573888,
            590652027.3150125,
            590344656.705106,
            587854032.4430642,
            588367900.0201372,
            589737715.2325529,
            583925231.04816,
            586038024.8273315,
            585549577.8613542,
            587120605.0630547,
            589454060.6660584,
            586848895.5564696,
            592439936.6025699,
            585596303.645198,
            585709385.102399,
            578885429.370292,
            584106104.71946,
            586334394.5009238,
            588101166.7172714,
            586907106.6348953,
            591365100.9791666,
            590988126.6137614,
            579288782.4476968,
            590516658.7092397,
            586787238.9811492,
            591995725.9413644,
            591721388.4655647,
            585416719.6594101,
            584098824.2351502,
            586626926.0284435,
            584207638.4867498,
            591922502.6077062,
            582037539.5065969,
            582741929.9193115,
            585269065.9889731,
            592425505.942941,
            586014027.1411473,
            586126547.9324169,
            584823129.6984855,
            589481553.7480172,
            587832839.3774238,
            584466050.3247653,
            583086460.1188346,
            583757522.1653967,
            584069372.5282277
        ],
        "R0h0R1h0": [
            591746842.910009,
            588797092.8930461,
            589643109.7558643,
            595611183.9951957,
            589513222.8043945,
            588142237.7766093,
            592236954.1771902,
            591518473.2908597,
            588908141.7184588,
            589714719.7749729,
            591768738.6519434,
            585483956.7085917,
            586710040.751841,
            586992146.1189624,
            588123202.5735214,
            589579261.0221103,
            588624558.2192131,
            594030302.3536472,
            586190713.0406935,
            586602521.1199497,
            580610546.03496,
            584995230.5350263,
            588233017.0108194,
            589165686.0144463,
            587973602.0156991,
            592727684.8845944,
            591819166.8584818,
            580254464.0071174,
            591231885.1809506,
            588668031.4553975,
            592391164.687786,
            591824327.9273219,
            586559818.7285563,
            584745804.7535034,
            586872166.6169305,
            586255541.4124956,
            592572236.1025225,
            584032142.4824247,
            585605579.3543053,
            587389237.824605,
            594218329.5718814,
            587911637.5831867,
            587840026.9009187,
            586992503.0837456,
            590282411.3570417,
            589139502.8182467,
            586344033.5062871,
            584772349.7140641,
            586930702.8298335,
            584403996.015031
        ]
    },
    "EndToEndStd": {
        "R0h1R1h1": [
            23386425.442353923,
            22456409.68680565,
            26754214.779094566,
            22983734.85500503,
            22823487.535465132,
            24614703.588459663,
            24951894.182554375,
            24734016.97055047,
            21720473.917471327,
            21470054.17671039,
            25026942.50878946,
            21544503.964268498,
            26343163.992556732,
            24681060.572225563,
            23058589.642088827,
            18946204.067853816,
            26936162.22261538,
            25687139.641412925,
            27678725.79331626,
            18562302.693518072,
            22442843.315244965,
            25983211.106869724,
            26029136.01393989,
            21949663.867452756,
            18079523.217494447,
            23283084.490718912,
            20633452.922388073,
            26673111.367512196,
            26196273.421727195,
            28714859.75400624,
            24426399.799602956,
            19227413.4639322,
            23064321.868639585,
            22818380.660352226,
            25552623.924490318,
            29560792.662665244,
            20621632.49970346,
            24610094.82689464,
            27121102.35673874,
            26728156.57817857,
            19967262.471648335,
            20378959.647839967,
            22841286.192916445,
            22735917.339302365,
            23057444.577932272,
            20426296.920397736,
            27485629.55469461,
            25167155.52546753,
            32835736.716882307,
            21742386.198519386
        ],
        "R0h0R1h0": [
            24390763.874651026,
            21315824.274449058,
            26890706.117902968,
            22315566.623084456,
            22348817.731832933,
            24914803.673685465,
            24227257.28120394,
            24579592.901964333,
            21885719.805397835,
            22540779.714749802,
            26193632.910793126,
            20946404.449613087,
            24424457.529050604,
            25452523.273422852,
            21632855.21135654,
            18078109.228062708,
            26701024.489611465,
            26474702.294571035,
            26503860.544243094,
            19139618.95083983,
            24234477.30852071,
            25380907.08020582,
            27104284.992085166,
            20270907.17059345,
            21340865.10454752,
            24654556.3824518,
            19711530.30452244,
            26059887.857154403,
            24299301.819735356,
            30378565.648677338,
            22381676.11424594,
            18504749.06623165,
            23596375.195746675,
            22885811.685258586,
            25909758.415972795,
            30390831.98463551,
            18965568.99157696,
            25263869.283437643,
            26335383.025822125,
            22845795.516503368,
            20250148.999772847,
            20931057.16883825,
            22239281.65160525,
            20884281.461519804,
            21627113.004373796,
            21687352.897244807,
            25900357.339124743,
            27013905.1821024,
            25293471.028933577,
            20295440.01349929
        ]
    },