{
    "Overall": {
        "samples": {
            "DominantAssumption": {
                "R0h1R1h1": 45,
                "R0h0R1h0": 47
            },
            "General": {
                "R0h1R1h1": 50,
                "R0h0R1h0": 50
            },
            "RelaxedDominantAssumption": {
                "R0h1R1h1": 45,
                "R0h0R1h0": 46
            },
            "Basic": {
                "R0h1R1h1": 8,
                "R0h0R1h0": 31
            },
            "Basic_timeAvg": {
                "R0h1R1h1": 45,
                "R0h0R1h0": 47
            }
        }
    },
    "PerTrafficStream": {},
    "ANOVA": {
        "samples": 49,
        "groundtruth": 26
    },
    "Kruskal": {
        "samples": 47,
        "groundtruth": 27
    },
    "EndToEndMean": {
        "R0h1R1h1": [
            588348854.650287,
            588529199.552987,
            585793588.4430932,
            588423421.8011993,
            589015550.8930582,
            584227159.1855274,
            582448053.5268519,
            586102354.5207351,
            583710943.4052689,
            583573444.4855995,
            583656217.5254314,
            591085064.0702839,
            589545463.811444,
            585224751.5397688,
            584544280.0331441,
            592191505.4600091,
            582568991.5725915,
            587803006.886456,
            589276697.1139467,
            590683273.1221578,
            588736241.5823948,
            585413755.4539963,
            583740779.8333713,
            591601020.081075,
            583609000.9110965,
            588878055.1185708,
            591070399.2155173,
            593071571.6225288,
            592196865.9955645,
            584994954.4116107,
            585956517.4192685,
            586441614.6033506,
            586343668.7752758,
            590165150.2694559,
            585798637.796215,
            595846454.8008484,
            590964492.9340736,
            587381674.8757317,
            585921564.223495,
            587844339.0467355,
            590692365.634192,
            589420846.6050926,
            585903852.1562929,
            588781881.2715883,
            589842672.7296588,
            586032716.2975699,
            589914398.009843,
            589061049.8673893,
            583688348.9359438,
            589261131.8593292
        ],
        "R0h0R1h0": [
            589248927.4170918,
            590351899.9398549,
            586272887.7863156,
            590225104.50501,
            590065444.202896,
            585235894.8985428,
            584483968.3676835,
            587614359.9021374,
            585466569.3911967,
            584065946.4148487,
            586600948.5222896,
            591624709.6164933,
            590897515.6521587,
            586933632.3117394,
            585010260.2127426,
            594009447.5219598,
            582644773.1760138,
            590166718.3101909,
            590151964.6129609,
            592768437.756238,
            588727374.4052205,
            587730821.687122,
            584213273.4307584,
            592839036.2902831,
            583593050.9583484,
            590853564.0068185,
            592276931.6278188,
            593583382.2662241,
            593633213.7404401,
            587239885.230741,
            587749449.142001,
            587683284.1994927,
            587635015.6336215,
            592094906.2857672,
            589443952.1285411,
            596742054.9493036,
            592326016.9554923,
            589835057.1723388,
            587873196.0788537,
            589051971.7336205,
            591487792.0459256,
            588650974.0503279,
            587924443.6180748,
            588457267.8249956,
            591345879.6469842,
            586210487.2372118,
            590604808.4071802,
            590181081.0455357,
            585607706.6403255,
            591046678.8921721
        ]
    },
    "EndToEndStd": {
        "R0h1R1h1": [
            21257340.206127502,
            21249603.18309303,
            21524912.00229357,
            25001698.2534578,
            22351201.280626897,
            23019596.88404286,
            20912532.743681464,
            24917739.125669327,
            21543311.362983227,
            29152741.007349454,
            23451433.125118803,
            21890880.345020615,
            23494866.145217214,
            28489118.801621094,
            29151547.72391713,
            21653626.015311558,
            21397706.31467859,
            25310677.675349988,
            19476761.083617527,
            23747560.316841427,
            23851104.551455703,
            27390436.977735944,
            22758734.03519406,
            21712615.608041607,
            24028625.79016667,
            21705451.8547382,
            22676681.693355475,
            20444823.022060297,
            22419552.210713305,
            19758655.453108255,
            22847215.47189702,
            26391540.89490569,
            22572999.144252997,
            27698229.845199365,
            29755592.246369466,
            25193087.778269,
            26262033.549003843,
            27755517.628449954,
            26539753.932023965,
            21115937.984497745,
            25840416.06209902,
            26142491.46027709,
            22095050.326988008,
            22073577.27300237,
            26558595.388528608,
            17358965.972848576,
            19225857.05062026,
            22029285.819972597,
            18029491.20727916,
            22906627.55973529
        ],
        "R0h0R1h0": [
            21533355.360938232,
            21269118.032061577,
            23499766.53313741,
            23076309.412781905,
            21927450.167380877,
            21513594.672813915,
            22458781.51694326,
            25450089.186524104,
            20830838.4624095,
            28883812.17845769,
            23460135.817162998,
            21263230.801051397,
            25962586.784451712,
            28863933.416283395,
            29334216.70134764,
            20724168.966291323,
            22126263.42216401,
            23247489.939983327,
            17635343.519224133,
            23657879.9297958,
            22172589.737245604,
            27260190.084271543,
            22531070.64346167,
            21292407.97563536,
            25093741.91861421,
            22460245.857350208,
            22752065.266217943,
            22997331.091503154,
            22905385.798703313,
            19027626.59600602,
            21580804.00228799,
            23530525.337960996,
            20992696.40312232,
            24837638.44923588,
            24852386.876791444,
            26527093.59038219,
            26118407.708055492,
            25967090.29213103,
            25852829.49733004,
            21518358.715968397,
            24553074.942772426,
            25312564.025757022,
            22623755.700827714,
            23520393.690202378,
            26237499.05768829,
            17874819.458430547,
            18862923.20719154,
            21900955.906969983,
            18155544.279892303,
            22800424.353108186
        ]
    },