{
    "MaxEpsilonIneqDelay": {
        "A0D0": {
            "A0": 8
        }
    },
    "MaxEpsilonIneqSuccessProb": {
        "E2E_eventAvg": {
            "A0D0": {
                "A0": 0
            }
        },
        "sentTime_est": {
            "A0D0": {
                "A0": 1
            }
        },
        "enqueueTime_est": {
            "A0D0": {
                "A0": 5
            }
        },
        "poisson_sentTime_est": {
            "0.5": {
                "A0D0": {
                    "A0": 1
                }
            }
        }
    },
    "MaxEpsilonIneqNonMarkingProb": {
        "E2E_eventAvg": {
            "A0D0": {
                "A0": 4
            }
        },
        "sentTime_est_events": {
            "A0D0": {
                "A0": 5
            }
        },
        "sentTime_est_probs": {
            "A0D0": {
                "A0": 0
            }
        },
        "possion_est_probs": {
            "A0D0": {
                "A0": 6
            }
        }
    },
    "EndToEndDelayMean": {
        "A0D0": {
            "A0": [
                85374.39020459827,
                78184.93857633306,
                77628.36852453892,
                82036.65419210943,
                85458.9304711225,
                71842.5282775139,
                78999.19937759973,
                71844.68555119309,
                74581.4282616592,
                68410.82958119486
            ]
        }
    },
    "EndToEndDelayStd": {
        "A0D0": {
            "A0": [
                108068.54907683254,
                102033.4556705939,
                104895.89272851501,
                109050.04682789312,
                107689.33784121368,
                99393.36457926876,
                104926.2657556796,
                100523.82063856065,
                98166.8155138952,
                95473.28780442926
            ]
        }
    },
    "EndToEndSuccessProb": {
        "E2E_eventAvg": {
            "A0D0": {
                "A0": [
                    0.9861332992523484,
                    0.9909821603607136,
                    0.9904883498244494,
                    0.9850265352539803,
                    0.9848707582996448,
                    0.9920391517128875,
                    0.9880065418862438,
                    0.9882547256377316,
                    0.9918952252305162,
                    0.9941371103500319
                ]
            }
        },
        "sentTime_est": {
            "A0D0": {
                "A0": [
                    0.9851649437420591,
                    0.9903376121758772,
                    0.9891415359791106,
                    0.9836700098417284,
                    0.9823850921653543,
                    0.9914340550121145,
                    0.9857807686729115,
                    0.9862501671256377,
                    0.9902961183961553,
                    0.9924980314746357
                ]
            }
        },
        "enqueueTime_est": {
            "A0D0": {
                "A0": [
                    0.9734844071706649,
                    0.9815975216717813,
                    0.9805226868860677,
                    0.9708354068473353,
                    0.9709515937420293,
                    0.9828616255429331,
                    0.9751873063451322,
                    0.9766483401618524,
                    0.9821666000142005,
                    0.9845306987010144
                ]
            }
        },
        "poisson_sentTime_est": {
            "0.5": {
                "A0D0": {
                    "A0": [
                        0.9890350088250018,
                        0.9889823639037231,
                        0.9866528511524668,
                        0.9826347302899895,
                        0.9837134402515052,
                        0.99188198106984,
                        0.9828633227385298,
                        0.9850770554224596,
                        0.9903432370317473,
                        0.9908847142705367
                    ]
                }
            }
        }
    },
    "EndToEndNonMarkingProb": {
        "E2E_eventAvg": {
            "A0D0": {
                "A0": [
                    0.6084094830340597,
                    0.6036724825197674,
                    0.6381742738589211,
                    0.6217462724286076,
                    0.6085385275021438,
                    0.6296247960848287,
                    0.6444969410624508,
                    0.6584694439346669,
                    0.6568391378399013,
                    0.6865966215823998
                ]
            }
        },
        "sentTime_est_events": {
            "A0D0": {
                "A0": [
                    0.6418521412844262,
                    0.6508567926003427,
                    0.6727533658029585,
                    0.6635013895351134,
                    0.6394803410389525,
                    0.681463776715991,
                    0.6667010794709616,
                    0.6882794818005444,
                    0.6699379908705252,
                    0.6996782652968825
                ]
            }
        },
        "sentTime_est_probs": {
            "A0D0": {
                "A0": [
                    0.5808120040698745,
                    0.5914033908476126,
                    0.6333323491607672,
                    0.5939973504645553,
                    0.5911287214244884,
                    0.6031198151081849,
                    0.6139042876408651,
                    0.6273180760842989,
                    0.6056826997434053,
                    0.6551653078188314
                ]
            }
        },
        "possion_est_probs": {
            "A0D0": {
                "A0": [
                    0.6178160388022279,
                    0.6222160521249815,
                    0.650687473766265,
                    0.6339346848068735,
                    0.6261224479866099,
                    0.6475067211726144,
                    0.6491383338045144,
                    0.6690002592326714,
                    0.6586203062612533,
                    0.6913608169706273
                ]
            }
        }
    },
    "DropRate": [
        0.013866700747651617,
        0.009017839639286374,
        0.009511650175550557,
        0.014973464746019682,
        0.015129241700355234,
        0.00796084828711252,
        0.011993458113756184,
        0.011745274362268354,
        0.008104774769483902,
        0.005862889649968173
    ],
    "maxEpsilonDelay": {
        "A0D0": {
            "A0": [
                0.037442505592072274,
                0.03851727151835256,
                0.03930125284882602,
                0.03964206755540097,
                0.036336536166657794,
                0.039884206819614,
                0.0391131121950872,
                0.041363721964607164,
                0.03969968559601397,
                0.04039811726766073
            ]
        }
    },
    "maxEpsilonSuccessProb": {
        "A0D0": {
            "A0": [
                0.0035865982026563673,
                0.0030123634290320157,
                0.003179811150390462,
                0.003642278448502223,
                0.004400447585597656,
                0.0029509423739561415,
                0.0036766052862574282,
                0.0031222292208266246,
                0.003147730141475427,
                0.0026036502181576117
            ]
        }
    },
    "maxEpsilonNonMarkingProb": {
        "A0D0": {
            "A0": [
                0.02158856487295191,
                0.021438590717511412,
                0.020815690523258986,
                0.020958113305615925,
                0.0231873518290432,
                0.02078986402593101,
                0.02131882976791512,
                0.019992598978849613,
                0.020505830943334257,
                0.019830190834194884
            ]
        }
    },