{
    "Overall": {
        "samples": {
            "DominantAssumption": {
                "R0h1R1h1": 78,
                "R0h0R1h0": 82
            },
            "General": {
                "R0h1R1h1": 100,
                "R0h0R1h0": 100
            }
        }
    },
    "PerTrafficStream": {
        "samples": {
            "DominantAssumption": {
                "R0h1R1h1": 100,
                "R0h0R1h0": 100
            },
            "General": {
                "R0h1R1h1": 100,
                "R0h0R1h0": 100
            }
        }
    },
    "ANOVA": 5,
    "Kruskal": 4,
    "EndToEndMean": {
        "R0h1R1h1": 453014901.926887,
        "R0h0R1h0": 568703494.2307278
    },
    "EndToEndStd": {
        "R0h1R1h1": 468172003.50397164,
        "R0h0R1h0": 670197156.8628517
    },
    "EndToEndSkew": {
        "R0h1R1h1": 1.916826928698648,
        "R0h0R1h0": 2.2778501244838663
    },
    "experiments": 100
}