{
    "Overall": {
        "samples": {
            "DominantAssumption": {
                "R0h1R1h1": 0,
                "R0h0R1h0": 0
            },
            "General": {
                "R0h1R1h1": 1,
                "R0h0R1h0": 1
            },
            "RelaxedDominantAssumption": {
                "R0h1R1h1": 0,
                "R0h0R1h0": 0
            }
        }
    },
    "PerTrafficStream": {},
    "ANOVA": {
        "samples": 1,
        "groundtruth": 1
    },
    "Kruskal": {
        "samples": 1,
        "groundtruth": 0
    },
    "EndToEndMean": {
        "R0h1R1h1": [
            341542825.38718
        ],
        "R0h0R1h0": [
            342141290.83274955
        ]
    },
    "EndToEndStd": {
        "R0h1R1h1": [
            91157431.94238949
        ],
        "R0h0R1h0": [
            90459518.69001445
        ]
    },
    "EndToEndSkew": {
        "R0h1R1h1": [
            -0.09189259055782342
        ],
        "R0h0R1h0": [
            -0.03433476538799236
        ]
    },
    "DropRate": [
        0.008260965150560913
    ],
    "T0std": [
        87805274.38698874
    ],
    "T1std": {
        "R0h1R1h1": [
            1622001.3819378666
        ],
        "R0h0R1h0": [
            6819287.725626464
        ]
    },
    "T0Ineq": {
        "R0h1R1h1": 0,
        "R0h0R1h0": 0
    },
    "T0IneqMaxEpsilon": {
        "R0h1R1h1": 1,
        "R0h0R1h0": 1
    },
    "T0IneqRemovedZeroes": {
        "R0h1R1h1": 0,
        "R0h0R1h0": 0
    },
    "T1Ineq": {
        "R0h1R1h1": 0,
        "R0h0R1h0": 0
    },
    "T1IneqMaxEpsilon": {
        "R0h1R1h1": 0,
        "R0h0R1h0": 0
    },
    "T1IneqRemovedZeroes": {
        "R0h1R1h1": 0,
        "R0h0R1h0": 0
    },
    "experiments": 1
}