{
    "Overall": {
        "samples": {
            "DominantAssumption": {
                "R0h1R1h1": 50,
                "R0h0R1h0": 50
            },
            "General": {
                "R0h1R1h1": 50,
                "R0h0R1h0": 50
            },
            "RelaxedDominantAssumption": {
                "R0h1R1h1": 50,
                "R0h0R1h0": 50
            },
            "Basic": {
                "R0h1R1h1": 0,
                "R0h0R1h0": 0
            },
            "Basic_timeAvg": {
                "R0h1R1h1": 50,
                "R0h0R1h0": 50
            }
        }
    },
    "PerTrafficStream": {},
    "ANOVA": {
        "samples": 47,
        "groundtruth": 39
    },
    "Kruskal": {
        "samples": 46,
        "groundtruth": 33
    },
    "EndToEndMean": {
        "R0h1R1h1": [
            319966453.79225034,
            324609310.6991346,
            337418776.88977087,
            344630896.7206807,
            325194827.9827179,
            344472702.4777634,
            342144028.42959166,
            344498124.0557401,
            325269444.51331717,
            330610955.8214677,
            329135332.0307242,
            332577369.9663788,
            326451225.0391544,
            337239940.907226,
            342234358.056325,
            343370367.11193615,
            344476637.9137131,
            338157673.6723785,
            332699548.3161435,
            315012672.86366975,
            334486571.2038019,
            331818757.8522624,
            333308506.24850357,
            331665121.6875465,
            334224065.90888846,
            320030325.647869,
            318033254.78145087,
            319753643.3625273,
            324770173.28122175,
            343475840.6289183,
            344405061.4119836,
            344021000.2356853,
            330102422.2238778,
            332392732.15025043,
            335631208.42552024,
            336543857.9150222,
            336621796.11339825,
            343010556.04152185,
            328284108.2000742,
            333702641.7144962,
            358344135.38060117,
            326517335.5203088,
            336191472.9431797,
            330330270.765651,
            332904564.9583105,
            343614787.4231263,
            346799651.9211542,
            334254637.47933275,
            350766441.41913646,
            314026865.87376285
        ],
        "R0h0R1h0": [
            318721173.4260476,
            326522241.05434304,
            337222722.8442008,
            346334464.21491927,
            325609827.6784784,
            345810863.0633439,
            341012848.2772104,
            347479934.0758967,
            326064548.6330798,
            331226663.62253076,
            332213534.81051415,
            336214600.30025995,
            329751705.81049144,
            338220470.2698277,
            347796302.2317283,
            343512407.5675323,
            344154397.27113235,
            342932051.40957296,
            335829322.0304561,
            322187222.3535801,
            336019097.14355654,
            331480432.68455595,
            330834269.76238054,
            335638931.99337083,
            338008534.9661822,
            321196741.89365995,
            319909504.7903389,
            320597489.5210277,
            324682302.7526461,
            344130431.9452888,
            348279181.70833933,
            344663911.0889531,
            330315362.0516573,
            338457826.66728437,
            335617353.22383463,
            335945310.8736352,
            337025453.625,
            343841759.49818814,
            331517430.8392781,
            335808498.6611167,
            357256932.9203118,
            327697542.1307813,
            337055893.0989154,
            332620459.07111365,
            332191176.081991,
            344389430.17793906,
            349495366.7383991,
            337519736.66216606,
            351776184.72363687,
            317512321.191523
        ]
    },
    "EndToEndStd": {
        "R0h1R1h1": [
            91166079.8590165,
            82326257.49088407,
            90383266.24431087,
            88630048.54999718,
            86148255.87059224,
            88499562.04695956,
            86514372.69696777,
            90643087.33360901,
            86810011.79905964,
            88047637.9470516,
            88384643.48827536,
            90354417.79097736,
            90999267.24923895,
            84546432.8559341,
            88744015.72703566,
            90637891.49673572,
            90071182.07402329,
            89793429.66297984,
            87580906.5494728,
            79419125.20354797,
            86388460.57103394,
            87749357.91159941,
            85940925.05134535,
            87281310.21073973,
            91460252.37295768,
            88099147.06927982,
            87375649.20668736,
            83241909.88535534,
            85448084.76574054,
            88458430.96180058,
            88703301.76949717,
            91631154.99123488,
            83013390.20202337,
            86777765.00168018,
            89954455.37152335,
            86870379.63893494,
            80883531.34242518,
            86545053.3339541,
            84913996.85631758,
            85384671.2294181,
            92093854.4845917,
            83108898.26278158,
            84844811.67349856,
            90243573.830126,
            84263362.05663171,
            92457560.01026958,
            89134869.78631273,
            86094977.87750413,
            95618709.1738398,
            84275932.29209407
        ],
        "R0h0R1h0": [
            86262925.04200387,
            80076710.79256241,
            86756143.3511448,
            86392861.77322541,
            83802859.61439355,
            85348989.75877108,
            84279580.59977141,
            90106456.52537721,
            85430887.76489127,
            85543114.96922272,
            86602490.81556892,
            90149206.47663511,
            90651985.90289344,
            81314199.35186686,
            89086812.15537412,
            88769052.81361894,
            87330110.73421423,
            88403326.95582935,
            85653320.30101207,
            82227178.65024063,
            83901027.95831273,
            85304241.16673481,
            82028483.41643499,
            85912310.04845615,
            90917645.65522797,
            84218903.089282,
            86770295.17924549,
            80019269.64699323,
            83995564.85873744,
            87173180.03197287,
            89253723.76628496,
            89416777.50643098,
            78857420.34694968,
            87151335.18812062,
            87789342.25035046,
            85358036.1773411,
            77516562.71318668,
            85359351.68976451,
            83604882.74499926,
            83009754.16273437,
            89332610.46026786,
            79866674.39572975,
            83325957.46834943,
            87877211.86154556,
            81481903.50443539,
            90888543.12398726,
            88663589.28446987,
            86607021.62893225,
            94390971.51171984,
            82231922.53472964
        ]
    },