{
    "Overall": {
        "samples": {
            "DominantAssumption": {
                "R0h1R1h1": 50,
                "R0h0R1h0": 49
            },
            "General": {
                "R0h1R1h1": 50,
                "R0h0R1h0": 50
            },
            "RelaxedDominantAssumption": {
                "R0h1R1h1": 50,
                "R0h0R1h0": 49
            },
            "Basic": {
                "R0h1R1h1": 0,
                "R0h0R1h0": 0
            },
            "Basic_timeAvg": {
                "R0h1R1h1": 50,
                "R0h0R1h0": 49
            }
        }
    },
    "PerTrafficStream": {},
    "ANOVA": {
        "samples": 48,
        "groundtruth": 34
    },
    "Kruskal": {
        "samples": 48,
        "groundtruth": 31
    },
    "EndToEndMean": {
        "R0h1R1h1": [
            324449165.8181982,
            331347047.50222963,
            331246256.55342114,
            332064700.83121365,
            345346456.7400702,
            325084064.5506013,
            333754151.5593405,
            340929455.51207906,
            334557567.02683717,
            335235157.0379538,
            329517733.2197012,
            336201420.36929005,
            332313603.7326661,
            336421437.6740754,
            325096548.71528417,
            343434060.9595941,
            322095904.6697097,
            331445936.0865173,
            321957294.5370745,
            326431082.77967036,
            347192592.2040246,
            334544950.7335907,
            341369582.9625571,
            330737598.96631885,
            346157020.76425016,
            318633959.3383948,
            338961035.6107612,
            333671576.2633125,
            326354717.3680189,
            326955985.3094236,
            336217691.6772477,
            342345819.5970259,
            338125983.00840795,
            331727581.96494365,
            337048223.63197505,
            326179693.84458834,
            320202652.77870524,
            328967204.3834627,
            321598994.2108744,
            332925988.0731798,
            346996541.3684307,
            334822707.39248395,
            338987794.1391687,
            343110369.3926021,
            336495167.9908859,
            333787609.5437713,
            324332350.5625232,
            315191544.3340724,
            341303717.38461536,
            343903036.1717803
        ],
        "R0h0R1h0": [
            323856255.84054404,
            333945391.53617144,
            332457110.8104293,
            331969286.50209445,
            344204553.79991305,
            327108089.32432824,
            332377782.2792662,
            339976134.20302063,
            334439215.93723726,
            334766833.16362584,
            333609102.3403709,
            336314612.48528546,
            333757632.58605254,
            339282419.6184399,
            325564112.2637744,
            346611749.5023048,
            323378585.3815336,
            332473166.9259471,
            324150294.4667433,
            326708940.67455363,
            350492152.44633013,
            333266358.37190324,
            341590455.22518474,
            332435094.25673145,
            348456476.32208985,
            319814271.9245992,
            339901942.0249964,
            332403718.03523,
            330416784.37569934,
            329783704.38154113,
            336739244.88478667,
            344927475.46742857,
            338939895.9121394,
            330252319.55196136,
            340088800.44739866,
            329526812.2283924,
            321725545.3239112,
            327751469.67291605,
            323535405.43410516,
            338649726.22231835,
            351223807.3933534,
            337819470.0814975,
            340769611.9657385,
            342801623.1216527,
            336592381.7397419,
            331221029.7294118,
            325070236.15121317,
            319222290.77546626,
            341244860.70997244,
            345048059.21659654
        ]
    },
    "EndToEndStd": {
        "R0h1R1h1": [
            81057397.49516411,
            87563862.50532348,
            85843766.40032092,
            80690618.63827686,
            85967863.67492892,
            84068009.38141586,
            85222561.22171667,
            88917223.44646738,
            85534516.48862289,
            86798890.54166055,
            91870765.6467537,
            87417943.9011308,
            85694292.00461778,
            88043998.77698962,
            86404448.70855664,
            95497674.76868612,
            82503287.71599053,
            86646284.10821566,
            81338698.56334838,
            86709088.02744752,
            89091046.04135983,
            84736776.59752266,
            87668549.97689985,
            92339552.71401207,
            91437463.3076758,
            78933245.87167935,
            86306564.94228616,
            87243724.41586363,
            86374597.25677398,
            90541126.8062807,
            87052727.67239171,
            90116818.6494843,
            84111001.21654478,
            87871156.91125886,
            87252661.83630729,
            85970343.6875647,
            82802552.26453146,
            87571942.3943744,
            84786067.30494131,
            90286151.10578851,
            94813157.6166896,
            85163248.32239023,
            88845130.2061871,
            95243353.84455453,
            89250482.8092133,
            83057620.10932451,
            85823445.78848986,
            86116770.60325547,
            91940110.86813223,
            92667279.148613
        ],
        "R0h0R1h0": [
            78232114.92499153,
            85077000.28604472,
            83552647.42116235,
            77961130.08183326,
            82362309.78691286,
            83085495.37121607,
            81945167.2911412,
            87201500.6832867,
            83143134.64285786,
            83193305.42794925,
            89322371.1146504,
            84362075.03067291,
            83218717.00937624,
            87723341.3406303,
            83653219.4952141,
            94058281.54620263,
            80242095.5578034,
            84193154.17842904,
            79239874.45462078,
            84267092.21222652,
            88838341.91067818,
            80884944.32863618,
            85630556.77672671,
            90974790.03254183,
            90167922.6252955,
            78993427.28005973,
            84461039.2226429,
            83914415.27271248,
            86364177.60436574,
            89844295.87876254,
            83503843.54609323,
            87415594.48930185,
            82635977.92415172,
            85647179.5040427,
            85242892.00833243,
            82859867.2230919,
            80837253.00015411,
            84108280.98268174,
            82936818.59191859,
            89801217.81126966,
            96293843.6830978,
            83382685.25295348,
            86988813.4177131,
            92367687.81214206,
            86498573.23133188,
            80637092.12487973,
            83094324.29587679,
            84085579.00843774,
            89730079.36866769,
            90151080.74780402
        ]
    },