{
    "Overall": {
        "samples": {
            "DominantAssumption": {
                "R0h1R1h1": 83,
                "R0h0R1h0": 59
            },
            "General": {
                "R0h1R1h1": 100,
                "R0h0R1h0": 100
            }
        }
    },
    "PerTrafficStream": {
        "samples": {
            "DominantAssumption": {
                "R0h1R1h1": 100,
                "R0h0R1h0": 100
            },
            "General": {
                "R0h1R1h1": 100,
                "R0h0R1h0": 100
            }
        }
    },
    "ANOVA": 98,
    "Kruskal": 99,
    "EndToEndMean": {
        "R0h1R1h1": [
            384589382.58880997,
            384775753.63230413,
            370786789.0068554,
            384151641.4027408,
            375706447.44486743,
            378339016.52685845,
            387227915.2085671,
            389486124.0892084,
            370498644.5415444,
            371759070.2519867,
            384644018.4206319,
            388966955.2260309,
            392148855.9754515,
            394850559.4948206,
            378316818.43840307,
            390746783.1296673,
            385092594.2067259,
            377084759.97596645,
            376656494.9066599,
            387853547.96119595,
            387764593.2639704,
            382917160.35869706,
            389532760.8762111,
            397023728.082726,
            369155030.0271372,
            379020529.9624651,
            376964217.3724619,
            368081819.07701105,
            387350393.9010556,
            376782322.22932994,
            367583073.1628826,
            398602355.9596712,
            382039211.9878327,
            387159621.91974604,
            404282674.6864892,
            393206562.79426754,
            391239649.25999236,
            383995064.79431546,
            387210216.9588467,
            362576598.4020762,
            392597753.2723118,
            386672892.1054504,
            402734281.12367445,
            391487067.85768694,
            385840860.52101374,
            379033732.57613534,
            376203656.643773,
            372576403.26665825,
            372371813.7535479,
            383607871.3099184,
            393164037.05104876,
            368792643.61738795,
            390278010.0870342,
            376083120.55054176,
            382913360.26266634,
            371459849.8333333,
            365691941.73001146,
            383199429.0917653,
            378496528.0360681,
            390281678.5033506,
            382249091.5051991,
            374589062.69701207,
            384536700.40145797,
            398833056.37020516,
            385713852.7075329,
            383912762.25532186,
            399550834.76414126,
            392422400.7488886,
            371011559.1692366,
            384403185.5615326,
            396318290.98783576,
            398983429.8423326,
            383049044.30328184,
            392220981.5982611,
            414819047.34021014,
            396611804.7533214,
            369062927.7447566,
            401184143.0218607,
            387823493.20348096,
            401375613.4219786,
            393849869.01030535,
            378591994.5109082,
            406117649.4372937,
            392824706.4903711,
            394945536.50311035,
            380157621.73850685,
            379301481.86971474,
            390467125.1610935,
            378641031.1824059,
            405574507.1735663,
            406075775.07957155,
            374001631.5680608,
            404157055.94184107,
            380340695.330266,
            396052455.03532714,
            372647193.495371,
            377477924.12596005,
            370185223.3284016,
            376520512.13111824,
            370449209.7237562
        ],
        "R0h0R1h0": [
            513484255.76926637,
            504630291.06881,
            492735140.3567636,
            504509700.0102629,
            476832107.7981841,
            516339859.0209031,
            475257561.9058348,
            494027360.75601614,
            498634990.7218298,
            492283780.0497167,
            478902909.4860809,
            512258296.03224313,
            501420324.875,
            506299834.13667244,
            503146521.6084753,
            504389280.35194373,
            482694721.2908756,
            502897060.48889655,
            515348190.6910203,
            502221644.24717176,
            519842538.2891705,
            515057597.1985514,
            489988933.1876589,
            507149143.608465,
            511273117.8792531,
            480583796.6995034,
            501671381.01606244,
            504651200.0060766,
            495604410.0553701,
            496207626.15197706,
            520641358.513978,
            518441281.3818329,
            515204382.35369366,
            513118571.46879685,
            495533750.9097094,
            481887580.74423695,
            499655766.54439443,
            487133646.06622976,
            509564598.71785426,
            490083116.4002762,
            493710376.0087537,
            487894791.94899607,
            507150541.981245,
            539024143.678493,
            488064744.3814563,
            502831863.1668967,
            491385108.6843563,
            507899781.728872,
            501255259.7489342,
            500519342.0981002,
            489360564.820186,
            514616413.8862592,
            509752057.53139764,
            495438364.09634817,
            499028639.5464902,
            507302894.64826083,
            541107089.3949648,
            514455036.43560606,
            488166544.97573096,
            503081148.90422857,
            484629738.02579826,
            488216212.3229179,
            508291888.76116997,
            511375082.4222197,
            480604373.06563574,
            537123573.9134349,
            499785834.5442239,
            487551373.06662804,
            499632173.8524818,
            492949922.090491,
            501262487.5307256,
            485925129.6567787,
            504323741.3620411,
            523027897.6694827,
            505530090.2091171,
            495249842.6520743,
            498588010.109693,
            503077280.16497815,
            520305362.6737327,
            479895614.9087374,
            494604653.88393784,
            500877513.4015784,
            481711567.7426209,
            530232160.08192027,
            475809323.9076693,
            500553111.30906564,
            501484258.4283399,
            533709966.72541076,
            500105621.65981394,
            503067741.17065245,
            502428908.9112474,
            516352250.68583304,
            498193874.2780792,
            499128195.76592064,
            496854857.8500518,
            502984147.80525035,
            512915698.1966852,
            499128703.2580423,
            511215004.6843262,
            499554584.8086776
        ]
    },