{
    "Overall": {
        "samples": {
            "DominantAssumption": {
                "R0h1R1h1": 50,
                "R0h0R1h0": 49
            },
            "General": {
                "R0h1R1h1": 50,
                "R0h0R1h0": 50
            },
            "RelaxedDominantAssumption": {
                "R0h1R1h1": 50,
                "R0h0R1h0": 49
            },
            "Basic": {
                "R0h1R1h1": 0,
                "R0h0R1h0": 0
            },
            "Basic_timeAvg": {
                "R0h1R1h1": 50,
                "R0h0R1h0": 49
            }
        }
    },
    "PerTrafficStream": {},
    "ANOVA": {
        "samples": 48,
        "groundtruth": 43
    },
    "Kruskal": {
        "samples": 47,
        "groundtruth": 39
    },
    "EndToEndMean": {
        "R0h1R1h1": [
            328084782.04836625,
            324776167.88748395,
            325595605.6114234,
            346721660.871563,
            322979020.86807877,
            331534366.775341,
            342060893.46196663,
            325022654.34376734,
            315646188.92971367,
            335327774.60688007,
            328052764.03899926,
            324087661.6834998,
            352841470.7299053,
            338215736.10934937,
            339304909.63500553,
            348017135.2996695,
            332768821.6467012,
            346057608.09553784,
            322968072.2923447,
            338149614.00568706,
            328969711.0938746,
            334366539.6172389,
            342397514.7435137,
            319809867.99420816,
            321557239.54197913,
            338256060.48400074,
            325759234.8502783,
            339736832.3201878,
            318684353.821838,
            329403014.8091645,
            349530032.57665694,
            327832634.748524,
            319257079.25206083,
            329130900.1792242,
            343674162.7942258,
            346934042.7044153,
            331723474.76047796,
            334176936.66062176,
            324461358.68050706,
            330061856.38709676,
            355926989.90451705,
            322061640.0109669,
            356603271.555023,
            345057692.73424256,
            308256892.36023587,
            340797879.6179734,
            320679938.82757986,
            323665610.1588278,
            318293422.3777942,
            328508661.81145275
        ],
        "R0h0R1h0": [
            330780875.07035756,
            325271107.71266705,
            323491047.93105453,
            349899773.19671655,
            323428717.78161424,
            335920816.13533074,
            344373577.1429996,
            326242292.99941945,
            318059148.3405923,
            336601395.96224475,
            329806557.6421327,
            323688023.5159505,
            353621605.3444604,
            338639195.7801092,
            343342960.56496286,
            350272894.77261716,
            336104552.6702356,
            348701969.36264527,
            323978661.2542447,
            337466469.80878514,
            330273630.4104155,
            334763096.6069724,
            344180414.83436024,
            317421284.8582122,
            322970156.3679218,
            340377364.27143675,
            331145707.3584717,
            344144743.1483572,
            319514164.6188083,
            331694788.9281403,
            350071938.6387457,
            331222928.5318603,
            320783204.769362,
            334360845.8463643,
            343150808.9120128,
            349071553.6472891,
            333056842.98388475,
            336948018.02022535,
            327189694.74148583,
            331680952.24004614,
            354362751.6521045,
            325663533.9441462,
            360814084.26523817,
            345395053.74725753,
            307106926.7261766,
            342038729.874964,
            323859868.8561151,
            323462315.9313826,
            320385179.23791766,
            330061340.37715614
        ]
    },
    "EndToEndStd": {
        "R0h1R1h1": [
            88276683.30910586,
            82924007.65516725,
            84641320.67176896,
            90917588.77573395,
            88351241.95912889,
            91251325.08515622,
            89720112.97296631,
            92206242.62099782,
            80791286.51078099,
            83989339.90033095,
            87329516.13945359,
            84985097.67895745,
            88211164.79724427,
            85022779.15051432,
            89589905.20343213,
            86677955.98881072,
            91606685.88138393,
            84765928.24964297,
            88144176.94915903,
            86569012.16371833,
            86488240.75196357,
            82105369.63471557,
            89254990.6498555,
            82215921.92926177,
            81518244.96379901,
            86949051.76494835,
            90546642.15579268,
            91556175.0496081,
            84874845.7731612,
            86914599.19226387,
            90905277.54771759,
            84865365.81620501,
            82288100.92787704,
            82736093.6987786,
            88730400.8740979,
            87037919.44433793,
            85936762.91791841,
            87183422.50191917,
            85477052.95588216,
            86681773.65337773,
            92436732.40145746,
            84235562.33233413,
            91278562.79256795,
            94181483.45708485,
            87074214.59532398,
            90545075.24239755,
            87459756.12840869,
            87058189.39884564,
            80674935.31491663,
            84453309.47263488
        ],
        "R0h0R1h0": [
            86433043.8977301,
            80070770.39403692,
            81190555.93597093,
            91201623.41853328,
            85206311.5817275,
            90289606.17615762,
            88280397.99432242,
            90009181.72624117,
            80381366.3689178,
            82172151.06378652,
            85446014.21849895,
            82172581.24332316,
            84611747.60030381,
            82940547.45242989,
            88466252.85294114,
            84185017.55091819,
            92077340.77563347,
            84108609.38498192,
            85349344.4875152,
            84813302.08777745,
            84872350.47806156,
            79830871.12682222,
            86393244.84711078,
            77842997.70763668,
            78701235.9570376,
            85433278.1133556,
            89106809.91453233,
            90216494.61085209,
            81577670.82417962,
            84517632.60087916,
            88457837.4671133,
            80842589.07088001,
            79025044.70869118,
            82959226.00406463,
            86798242.81033869,
            87049039.40155408,
            82911781.98963824,
            85379006.66130432,
            83120602.46235852,
            84274967.06245147,
            90402049.61072096,
            82938583.51909837,
            92963963.3387847,
            91339584.4081612,
            83010642.64443181,
            88252974.14371084,
            86805291.64943822,
            84347016.21459202,
            78460936.06383541,
            82544128.28083523
        ]
    },