{
    "Overall": {
        "samples": {
            "DominantAssumption": {
                "R0h1R1h1": 50,
                "R0h0R1h0": 50
            },
            "General": {
                "R0h1R1h1": 50,
                "R0h0R1h0": 50
            },
            "RelaxedDominantAssumption": {
                "R0h1R1h1": 50,
                "R0h0R1h0": 50
            },
            "Basic": {
                "R0h1R1h1": 0,
                "R0h0R1h0": 0
            },
            "Basic_timeAvg": {
                "R0h1R1h1": 50,
                "R0h0R1h0": 50
            }
        }
    },
    "PerTrafficStream": {},
    "ANOVA": {
        "samples": 46,
        "groundtruth": 38
    },
    "Kruskal": {
        "samples": 48,
        "groundtruth": 36
    },
    "EndToEndMean": {
        "R0h1R1h1": [
            314717329.210248,
            324481303.075576,
            327304268.2267699,
            345866798.45290583,
            329466434.2446111,
            340062659.45275736,
            333359545.01283485,
            335427558.85281706,
            327638539.3173653,
            328962898.4978425,
            328796812.09483075,
            343944484.70336837,
            336596445.9985404,
            330841836.1535232,
            331788469.40858036,
            332921561.68616444,
            340523885.9320015,
            334084928.4201788,
            343105775.3854472,
            351362472.38084835,
            345824185.071244,
            350390662.7879338,
            340241071.48370975,
            329947822.20239174,
            321292440.3157418,
            334635967.5208599,
            329721497.31073344,
            331159978.1727653,
            334428823.8692406,
            324694615.9271988,
            347186648.97794664,
            334524909.89855075,
            342757176.06459284,
            334863090.9859847,
            335238916.9758816,
            345445270.1655605,
            311649284.17297494,
            333079151.48423177,
            321572706.34041387,
            328629278.33241403,
            339995138.609765,
            335070225.02377415,
            342369228.5201312,
            337693742.0564636,
            341750379.19656897,
            324608927.0932328,
            334950125.1734675,
            339186017.6546185,
            346227739.59959835,
            319525578.7905952
        ],
        "R0h0R1h0": [
            314971644.4676207,
            328718331.42885745,
            330751808.1000724,
            347504322.24610054,
            334757324.77796876,
            343417970.2503217,
            339976737.84462434,
            336439917.5464126,
            328042434.89593613,
            328407209.5531083,
            329879784.59956396,
            344192588.0559087,
            336820104.586453,
            331930269.575137,
            332647192.72374964,
            333763561.9245696,
            342123581.70313174,
            333589779.8195965,
            343834856.70326453,
            350578355.5333236,
            346688187.88450545,
            349534854.5662074,
            342347278.81578565,
            330371514.21888536,
            321371541.60819143,
            335777715.1571162,
            328456012.77726084,
            331496364.7737047,
            333124669.6225483,
            325543584.4636912,
            352892353.4635912,
            334586442.2096798,
            343251618.46874094,
            334476769.4423326,
            335777412.10750216,
            348803199.6100937,
            313199812.6488232,
            337989427.53017056,
            322847455.3278189,
            331859631.3651139,
            339227753.07117856,
            339491279.20988005,
            343473959.08143556,
            338460112.33102053,
            340744115.6672399,
            327398748.7569664,
            336552344.5314045,
            342079081.2111416,
            347837925.82412136,
            320928887.8836473
        ]
    },
    "EndToEndStd": {
        "R0h1R1h1": [
            77677252.93325277,
            83400627.07196271,
            89041933.31774661,
            87550144.18020104,
            86362222.39691146,
            87647830.73309469,
            89822010.9773237,
            83103059.58682753,
            88537437.38946626,
            89023575.91738673,
            78372477.14211291,
            86960950.39863831,
            90545545.0695548,
            85128597.10106954,
            89262718.83087128,
            86681495.18246272,
            92389082.89806882,
            85993422.0952721,
            95354303.07477343,
            92789154.89837544,
            91872377.13621318,
            90866047.88445996,
            83148357.09299918,
            86392838.9110786,
            82103586.40685228,
            95561946.44246174,
            87195608.27571993,
            91629580.26179384,
            91004221.690028,
            85163122.5658298,
            87510267.88281406,
            88079747.6331466,
            87523322.89745903,
            87042242.93833913,
            82807343.19723028,
            94055716.83172274,
            80805007.13200465,
            85691545.35331121,
            84652264.92346855,
            88802992.55531147,
            87893384.61936752,
            86929469.15675223,
            84890913.27910128,
            86929654.30731945,
            89190457.85813846,
            86878751.11998789,
            88143999.77534197,
            87399036.36332473,
            91526621.14100643,
            85445676.5140936
        ],
        "R0h0R1h0": [
            75179243.90774266,
            82274622.97747728,
            87903570.06776199,
            87688998.0983265,
            85524025.84071375,
            86982690.39466016,
            90093253.98712899,
            79865440.683634,
            86369101.89380059,
            86497138.89936724,
            76033836.08977522,
            84812294.52221835,
            87959644.78233325,
            82616751.47148208,
            87152471.8654796,
            84741993.10417767,
            90421113.89002787,
            82114557.30834505,
            94278159.6223506,
            90120228.06577091,
            89475762.36480938,
            88559576.98394698,
            81062483.87585784,
            84278765.42168835,
            80228990.53486463,
            92621959.22256991,
            83419251.5448625,
            88622529.63270558,
            88733550.38729244,
            81689744.11287853,
            88449317.52593747,
            84660203.24901602,
            85130535.5052368,
            83545878.85910161,
            80463694.9183856,
            93942495.31961747,
            79180222.56994854,
            85612983.57423097,
            81686576.04159638,
            88054263.67870666,
            85852269.8152727,
            86641521.17429185,
            83853914.16370305,
            84695547.15743865,
            85242503.88854153,
            83851665.1113043,
            86175033.20282786,
            87814588.33362879,
            90603243.87814425,
            82794923.59673196
        ]
    },