{
    "Overall": {
        "samples": {
            "DominantAssumption": {
                "R0h1R1h1": 0,
                "R0h0R1h0": 0
            },
            "General": {
                "R0h1R1h1": 10,
                "R0h0R1h0": 10
            },
            "RelaxedDominantAssumption": {
                "R0h1R1h1": 0,
                "R0h0R1h0": 0
            }
        }
    },
    "PerTrafficStream": {},
    "ANOVA": {
        "samples": 9,
        "groundtruth": 8
    },
    "Kruskal": {
        "samples": 9,
        "groundtruth": 8
    },
    "EndToEndMean": {
        "R0h1R1h1": [
            338971822.7235697,
            339101930.2955781,
            330913563.01431495,
            321375336.5755147,
            348260326.46131116,
            327330244.9363069,
            344143505.7617216,
            334636047.42680264,
            323905231.1199128,
            335176102.67025155
        ],
        "R0h0R1h0": [
            340505947.1123088,
            337659840.0258817,
            332108292.0442053,
            322762424.1874459,
            347129817.0495677,
            328675273.8076868,
            345969006.93334305,
            337580586.08889526,
            326943298.32343185,
            336500707.08963627
        ]
    },
    "EndToEndStd": {
        "R0h1R1h1": [
            87087626.09508274,
            86674379.03437132,
            90004551.57997304,
            82444662.24709944,
            95107305.5749149,
            84771112.45535631,
            91235565.13090616,
            83173414.70132901,
            93444709.05264758,
            86058143.83949985
        ],
        "R0h0R1h0": [
            84240154.0249409,
            82107711.31166892,
            87824427.61787008,
            80302103.39904292,
            91512477.19431552,
            81678429.88395315,
            90250458.49296558,
            80599731.29800458,
            92731905.74857664,
            84796795.84194069
        ]
    },
    "EndToEndSkew": {
        "R0h1R1h1": [
            -0.01841321082618474,
            -0.05598884886860081,
            -0.0023815011156167656,
            0.12316438960376026,
            -0.11978078806060781,
            0.03762375871272078,
            -0.1434038179344369,
            -0.06911076700456638,
            0.06078256183489193,
            -0.08389419409073876
        ],
        "R0h0R1h0": [
            -0.06708916397407895,
            -0.057568312031342855,
            0.015366329788723331,
            0.1017822478210162,
            -0.10541887484740015,
            0.010115963980829099,
            -0.13299321215371196,
            -0.1455908233772797,
            0.0646421017923941,
            -0.06895665647028082
        ]
    },
    "DropRate": [
        0.008697339613944493,
        0.007105964279276641,
        0.00947512806626597,
        0.007184562469904442,
        0.008641192642919687,
        0.007057632713288307,
        0.009634890619213823,
        0.007340550403068206,
        0.007433875259458789,
        0.007910008765997917
    ],
    "T0std": [
        83753846.34186433,
        83187882.43518566,
        86735207.86938272,
        79105049.2131074,
        92206618.53071855,
        81386535.06964813,
        88713332.77117299,
        80868466.12699965,
        90075617.85528296,
        83608554.29225738
    ],
    "T1std": {
        "R0h1R1h1": [
            1544432.6226617903,
            1733683.3490136345,
            1319722.1880780265,
            1529477.5039763865,
            1504205.8080911138,
            1396878.2856673598,
            1559243.0813740457,
            1474811.1441698256,
            1481069.776772367,
            1473847.8075976039
        ],
        "R0h0R1h0": [
            4877181.984388274,
            5725072.858243739,
            4835819.637989305,
            5501378.098269916,
            5089600.23775803,
            4956083.891943089,
            5279839.535283239,
            7297026.917314745,
            6452728.077149477,
            5066421.433595303
        ]
    },
    "T0Ineq": {
        "R0h1R1h1": 0,
        "R0h0R1h0": 0
    },
    "T0IneqMaxEpsilon": {
        "R0h1R1h1": 10,
        "R0h0R1h0": 10
    },
    "T0IneqRemovedZeroes": {
        "R0h1R1h1": 0,
        "R0h0R1h0": 0
    },
    "T1Ineq": {
        "R0h1R1h1": 0,
        "R0h0R1h0": 0
    },
    "T1IneqMaxEpsilon": {
        "R0h1R1h1": 0,
        "R0h0R1h0": 0
    },
    "T1IneqRemovedZeroes": {
        "R0h1R1h1": 0,
        "R0h0R1h0": 0
    },
    "experiments": 10
}