{
    "Overall": {
        "samples": {
            "DominantAssumption": {
                "R0h1R1h1": 50,
                "R0h0R1h0": 50
            },
            "General": {
                "R0h1R1h1": 50,
                "R0h0R1h0": 50
            },
            "RelaxedDominantAssumption": {
                "R0h1R1h1": 50,
                "R0h0R1h0": 49
            },
            "Basic": {
                "R0h1R1h1": 0,
                "R0h0R1h0": 0
            },
            "Basic_timeAvg": {
                "R0h1R1h1": 50,
                "R0h0R1h0": 50
            }
        }
    },
    "PerTrafficStream": {},
    "ANOVA": {
        "samples": 49,
        "groundtruth": 44
    },
    "Kruskal": {
        "samples": 48,
        "groundtruth": 38
    },
    "EndToEndMean": {
        "R0h1R1h1": [
            354350507.8859287,
            338715402.6929552,
            318027901.1178519,
            327202699.24014735,
            340502403.27791876,
            330526981.74343324,
            319372948.9548611,
            327724138.1817179,
            332284719.52190053,
            337035296.35086113,
            311734156.87027824,
            330559139.7802238,
            324243888.36496484,
            330809237.7909985,
            343289243.2648148,
            334905439.107964,
            340239580.77806646,
            342210493.7331226,
            312352506.36535287,
            351394323.3420763,
            326414025.4678578,
            336458032.827321,
            336912414.7462908,
            346127478.4501088,
            339303710.0958379,
            325225972.12826127,
            326585362.3190184,
            309031041.3001464,
            340468940.60709065,
            336022174.6918227,
            349036444.75522065,
            352705308.2646301,
            324059371.6240684,
            325188595.95266163,
            314028248.29756635,
            348855437.9061706,
            324397389.4540561,
            337200080.72388333,
            323814405.051056,
            319941395.255899,
            325984335.6700805,
            334503229.63615906,
            338490833.4155702,
            350009326.71383935,
            330847386.2132586,
            340705930.9683241,
            332958209.6852093,
            332292019.77677417,
            335721252.9221546,
            341852498.13667756
        ],
        "R0h0R1h0": [
            357025705.4537104,
            338724544.94333863,
            317355760.8578695,
            325994575.16946185,
            339636482.2506911,
            333002832.7832498,
            320384615.4852941,
            331918854.8927187,
            334419551.8055877,
            339947641.1482019,
            312821816.3222844,
            331308660.82260394,
            326723293.4178301,
            332042125.54247326,
            344770026.23018867,
            336129902.62969923,
            339785149.5643622,
            344670128.89438236,
            314277748.1898001,
            355965975.5190557,
            326930421.75582236,
            338610322.3866342,
            338913277.35132784,
            344806657.0253517,
            343085602.2117951,
            326645847.6372492,
            330375809.2273054,
            309773789.69147694,
            339632143.3470226,
            339190735.5274884,
            349818069.3097701,
            352568186.1270551,
            324827804.61483186,
            327836798.367664,
            317951504.72220623,
            348383036.6757997,
            326224984.5532347,
            338214308.2097291,
            327373959.0544803,
            321222614.3300971,
            327906580.87422204,
            335905707.65504324,
            338654740.28448766,
            350449011.4288597,
            331630005.8829971,
            343117898.3930068,
            334320599.58210695,
            335001666.16385233,
            337173940.1825986,
            342824019.2385677
        ]
    },
    "EndToEndStd": {
        "R0h1R1h1": [
            90714372.41603424,
            86502531.13302323,
            81475007.41883972,
            85485998.55499719,
            91312941.8946068,
            85407488.46493846,
            83380988.97282831,
            86329782.66661419,
            84309354.72547844,
            91812210.64213184,
            80534274.71573243,
            89595215.59399754,
            82382606.21854722,
            85840171.48530658,
            91014930.3802677,
            87323960.9899435,
            89169239.17146416,
            84180137.74089034,
            85426846.8480978,
            87531125.48125494,
            87914772.10416315,
            88578437.42062542,
            87213838.84063564,
            86651997.58103542,
            85717125.15431635,
            85138002.46189335,
            88700287.74120423,
            75865739.81417102,
            89615546.54677546,
            92480171.842072,
            94473437.60199185,
            94550342.83448648,
            87683989.30630732,
            83199231.54550688,
            80405832.86872381,
            91324145.9685338,
            82633178.44057801,
            85424454.12537283,
            84887504.53174807,
            84191446.71537212,
            84873628.87856308,
            86600601.4625771,
            85576194.50869448,
            95895721.79268631,
            87038398.28762,
            89728901.02387212,
            81921277.88782045,
            86982841.9107652,
            87787041.77949376,
            92835389.83180755
        ],
        "R0h0R1h0": [
            89554746.61340888,
            83488768.12072009,
            78632700.65903823,
            81383355.134679,
            88713377.74561042,
            83518038.88065192,
            80416542.23981,
            85135852.62202346,
            81803592.56788702,
            90869490.1563257,
            77725462.88793096,
            86477595.87327617,
            80098476.68010692,
            83938110.53843638,
            89559438.38698365,
            84526530.11856075,
            86151070.54491827,
            82517104.07132648,
            83554798.51949456,
            88264509.35368696,
            85077387.80239703,
            88257484.13785453,
            84867207.96803388,
            84597699.56707628,
            85438676.58722107,
            82085340.70664667,
            87921791.61426027,
            74235607.33740748,
            87324734.39716817,
            90558856.57265393,
            92503032.80462025,
            92933109.23317946,
            84144055.66188285,
            80813407.04065399,
            80614471.30148022,
            88875609.99610408,
            79618094.54453503,
            83694299.37626731,
            85759397.8842236,
            81847763.90658318,
            81413828.29130127,
            84522274.39650548,
            82319930.94853708,
            94292995.43951464,
            83930872.16279662,
            86810022.30607364,
            79971944.65169053,
            84275702.58747034,
            86118295.89498883,
            91089341.32884067
        ]
    },