{
    "Overall": {
        "samples": {
            "DominantAssumption": {
                "R0h1R1h1": 50,
                "R0h0R1h0": 47
            },
            "General": {
                "R0h1R1h1": 50,
                "R0h0R1h0": 50
            },
            "RelaxedDominantAssumption": {
                "R0h1R1h1": 50,
                "R0h0R1h0": 47
            },
            "Basic": {
                "R0h1R1h1": 0,
                "R0h0R1h0": 0
            },
            "Basic_timeAvg": {
                "R0h1R1h1": 50,
                "R0h0R1h0": 49
            }
        }
    },
    "PerTrafficStream": {},
    "ANOVA": {
        "samples": 49,
        "groundtruth": 37
    },
    "Kruskal": {
        "samples": 48,
        "groundtruth": 35
    },
    "EndToEndMean": {
        "R0h1R1h1": [
            307807198.4564537,
            325259905.0661443,
            348762069.4919177,
            334536195.6951488,
            313330475.50228727,
            340190639.277869,
            326181329.05408853,
            331081132.51636827,
            328525628.4921676,
            339781244.5807756,
            313704503.8701611,
            323328136.9894947,
            336579003.601137,
            329380117.7166302,
            330697227.30993617,
            319003956.6363636,
            331067046.48864055,
            330270508.7145738,
            326901457.2003666,
            326310235.7839702,
            346740088.39092594,
            324385383.30396473,
            343510525.8882969,
            335919737.9230486,
            335342748.8297755,
            333199880.8929552,
            314165745.69263196,
            332970313.65014577,
            340425225.0626948,
            336780089.18980277,
            308540487.319223,
            329412868.32954127,
            329314837.670788,
            332975700.07508284,
            328413889.858391,
            332512116.7100688,
            327028298.66026944,
            347158097.64578,
            333868971.6590326,
            334078403.2760949,
            336951209.2489834,
            342182990.03393286,
            330457308.230333,
            333418251.4006251,
            346656806.2033303,
            316419514.1543514,
            319687485.39564264,
            328985601.70306545,
            333417122.27281106,
            325820369.0263014
        ],
        "R0h0R1h0": [
            308201970.5847592,
            325902628.35490394,
            349963080.0616487,
            337817844.18729335,
            316017510.17248315,
            343266440.5534009,
            326578430.7663524,
            329798957.4693759,
            329762786.6263546,
            341111133.6901141,
            317426333.53988975,
            322572236.58955115,
            337158892.2229143,
            328617012.1032146,
            330606576.0860763,
            323523068.03482586,
            333000205.58175236,
            329283016.8011934,
            326707291.4511041,
            328486475.5520011,
            348389562.1631823,
            324973250.31206495,
            341844838.3670516,
            337382256.1767415,
            335546472.32532376,
            333865790.3126437,
            316346555.4165827,
            333751190.0995741,
            341460082.28016925,
            338520112.909394,
            310219874.36847407,
            335821167.310674,
            333396613.9712685,
            334167821.9584419,
            332272324.40539765,
            332049270.9549835,
            328760171.23564047,
            347953657.4477266,
            336778260.25388825,
            334049296.6832016,
            339871340.84157985,
            341948369.33891696,
            329607738.7220447,
            334789387.51561594,
            347529499.0460233,
            316500619.896607,
            321759320.97928655,
            327450236.0524819,
            337044058.3044853,
            327533649.53177357
        ]
    },
    "EndToEndStd": {
        "R0h1R1h1": [
            88165548.29486594,
            84112947.42322165,
            91301900.90962334,
            88376476.28868486,
            81963736.23977211,
            91392202.43886268,
            86042382.34688249,
            83384409.81178093,
            85274602.6242315,
            88041948.02729048,
            78053790.21298316,
            82778486.30244437,
            90492555.570104,
            85110108.40529214,
            83489719.34498028,
            82812380.94189411,
            86959518.02007177,
            89284523.15016986,
            83609082.13855831,
            83280669.90101093,
            91734908.78083758,
            82263827.55451742,
            95821211.8033217,
            92962844.89754161,
            89766114.21403106,
            91115853.99264528,
            84073301.4313484,
            88519777.13772878,
            91620545.81954229,
            91310597.73259099,
            82680189.361542,
            90296033.08059986,
            84503383.89007439,
            86107402.84749703,
            84045619.19961922,
            88785092.1714188,
            84705777.91706012,
            91965648.11626235,
            87543161.41808413,
            90303847.56504717,
            88987003.02335775,
            88527525.68463294,
            87938892.42154166,
            87190314.21568319,
            89206437.9491206,
            80707725.55089661,
            82167000.76106878,
            76314835.60540107,
            90696847.1584361,
            89069863.07747002
        ],
        "R0h0R1h0": [
            85136407.37439117,
            81578732.913838,
            89285244.22039212,
            86363464.15698583,
            80052572.61574641,
            90920420.04750311,
            83150860.61785412,
            79861698.85643573,
            83901255.86571431,
            87296614.49551795,
            79251951.9327984,
            79115591.50492221,
            87087951.78345938,
            80824062.23706362,
            81060130.05417643,
            83591958.16489783,
            84657212.84281947,
            86625183.92896417,
            80316674.16211684,
            81347869.91789381,
            89843953.68061659,
            81422546.84922712,
            92092055.96655516,
            90409432.488016,
            86558192.99683742,
            87417749.56582657,
            82967004.78036699,
            86691647.66802764,
            90083665.91503015,
            88607294.71395311,
            80466570.9890801,
            90814906.69810687,
            83097795.76434353,
            83133307.75723016,
            83709031.54807203,
            85769138.88318588,
            81082997.14382663,
            90277216.05835219,
            86550117.17493518,
            88619870.14251201,
            87620287.98749265,
            86093709.87759152,
            85812134.37438022,
            85574796.21885352,
            87934680.61491634,
            78403975.7377826,
            79664954.62263627,
            72683990.23410022,
            89192767.22794415,
            87374272.18872501
        ]
    },