{
    "MaxEpsilonIneqDelay": {
        "A0D0": {
            "A0": 30
        }
    },
    "MaxEpsilonIneqSuccessProb": {
        "E2E_eventAvg": {
            "A0D0": {
                "A0": 0
            }
        },
        "sentTime_est": {
            "A0D0": {
                "A0": 0
            }
        },
        "enqueueTime_est": {
            "A0D0": {
                "A0": 0
            }
        },
        "poisson_sentTime_est": {
            "0.5": {
                "A0D0": {
                    "A0": 0
                }
            }
        }
    },
    "EndToEndDelayMean": {
        "A0D0": {
            "A0": [
                52493,
                55190,
                59873,
                53281,
                53214,
                55882,
                52505,
                59357,
                51722,
                50560,
                53154,
                56756,
                57291,
                54943,
                57493,
                50685,
                50634,
                49307,
                49457,
                57242,
                58649,
                51654,
                58368,
                51082,
                48833,
                54236,
                55637,
                59081,
                49138,
                53194
            ]
        }
    },
    "EndToEndDelayStd": {
        "A0D0": {
            "A0": [
                3128663083,
                3199886137,
                3255852833,
                3074487707,
                3144146970,
                3237634182,
                3060726270,
                3237892783,
                3015806853,
                3184370265,
                3191800903,
                3142462866,
                3041322596,
                3203553140,
                3208176796,
                3104226933,
                3036270268,
                2964367468,
                3133480103,
                3129283093,
                3261464275,
                3145435135,
                3081049533,
                3311995738,
                3114435089,
                3164215858,
                3111459609,
                3191692649,
                3163138643,
                3222345865
            ]
        }
    },
    "EndToEndSuccessProb": {
        "E2E_eventAvg": {
            "A0D0": {
                "A0": [
                    0.9728895890770645,
                    0.970987927438215,
                    0.9688698542572232,
                    0.9735761589403974,
                    0.9749742002063984,
                    0.9726678927008688,
                    0.9769139576963873,
                    0.9683995922528033,
                    0.9756917507111456,
                    0.9731224279835391,
                    0.9767864985256289,
                    0.973021698538407,
                    0.9773617762298651,
                    0.9706907682375726,
                    0.9699553922854893,
                    0.9794589178356713,
                    0.9763924050632912,
                    0.9783047755554107,
                    0.974688524590164,
                    0.9717579250720461,
                    0.9675661479876567,
                    0.9764582100348523,
                    0.9725302740599108,
                    0.9764444153634757,
                    0.9762266059686393,
                    0.9753996777791548,
                    0.9717104403501895,
                    0.9726002093467151,
                    0.9724059597781787,
                    0.9727186009538951
                ]
            }
        },
        "sentTime_est": {
            "A0D0": {
                "A0": [
                    0.9729476943736486,
                    0.968964094026725,
                    0.9669996875988207,
                    0.9720627908051245,
                    0.9729513385125304,
                    0.9700066547831644,
                    0.9743258273834878,
                    0.9638831885215402,
                    0.9740381622096725,
                    0.9699724934602444,
                    0.9750261385136119,
                    0.9709035554983572,
                    0.9758908844791037,
                    0.9682768578241177,
                    0.9672456562240132,
                    0.9784075973350121,
                    0.9739013770595881,
                    0.9775188606422349,
                    0.9727267225495388,
                    0.9691517496197772,
                    0.9663998787122542,
                    0.9755327515576541,
                    0.9700930377062805,
                    0.9765284401095414,
                    0.9730744581863926,
                    0.9726623171034198,
                    0.9706044925059575,
                    0.969095992943829,
                    0.9727068370986834,
                    0.9703457021230205
                ]
            }
        },
        "enqueueTime_est": {
            "A0D0": {
                "A0": [
                    0.9737287,
                    0.9700688,
                    0.967458,
                    0.9730666,
                    0.9740705,
                    0.9717645,
                    0.9753269,
                    0.9652634,
                    0.974913,
                    0.9720903,
                    0.9753984,
                    0.9717751,
                    0.9766873,
                    0.9690244,
                    0.967641,
                    0.9788862,
                    0.9748179,
                    0.9777948,
                    0.9737303,
                    0.9712268,
                    0.9675188,
                    0.9766952,
                    0.971618,
                    0.9769478,
                    0.9738634,
                    0.9738563,
                    0.9722049,
                    0.9698697000000001,
                    0.974048,
                    0.971976
                ]
            }
        },
        "poisson_sentTime_est": {
            "0.5": {
                "A0D0": {
                    "A0": [
                        0.9744206434794987,
                        0.9731212387943827,
                        0.9700525554574797,
                        0.9736072871863792,
                        0.9769231640549536,
                        0.9728672121885098,
                        0.9752271155426837,
                        0.96072322693281,
                        0.9744795537781391,
                        0.9729014544325217,
                        0.9749909773716388,
                        0.9725861509551773,
                        0.9818083787479077,
                        0.9677468958258053,
                        0.9636819401195891,
                        0.9788316821530082,
                        0.976296187975552,
                        0.9807990278062898,
                        0.9740657291476759,
                        0.9713449215719477,
                        0.9654594285854413,
                        0.9758408230009988,
                        0.9707058912613714,
                        0.9811126021356668,
                        0.974623627949223,
                        0.9760517855700769,
                        0.9732596886061962,
                        0.9708801189265243,
                        0.9733095362393678,
                        0.9684843238722071
                    ]
                }
            }
        }
    },