{
    "MaxEpsilonIneqDelay": {
        "A0D0": {
            "A0": 2
        }
    },
    "MaxEpsilonIneqSuccessProb": {
        "E2E_eventAvg": {
            "A0D0": {
                "A0": 10
            }
        },
        "sentTime_est": {
            "A0D0": {
                "A0": 10
            }
        },
        "enqueueTime_est": {
            "A0D0": {
                "A0": 10
            }
        },
        "poisson_sentTime_est": {
            "0.5": {
                "A0D0": {
                    "A0": 10
                }
            }
        }
    },
    "MaxEpsilonIneqNonMarkingProb": {
        "E2E_eventAvg": {
            "A0D0": {
                "A0": 0
            }
        },
        "sentTime_est_events": {
            "A0D0": {
                "A0": 0
            }
        },
        "sentTime_est_probs": {
            "A0D0": {
                "A0": 0
            }
        },
        "possion_est_probs": {
            "A0D0": {
                "A0": 0
            }
        }
    },
    "EndToEndDelayMean": {
        "A0D0": {
            "A0": [
                7034.478172748647,
                6989.765737488724,
                7254.532859502356,
                7078.751727169372,
                7098.261133913978,
                6946.995528873212,
                6949.153243732678,
                7048.404920471207,
                7209.576517152081,
                7077.398670518306
            ]
        }
    },
    "EndToEndDelayStd": {
        "A0D0": {
            "A0": [
                9933.888385015107,
                9801.072346643583,
                9899.712363619305,
                9892.945344488411,
                9904.696502132017,
                9893.317809431337,
                9864.988723886572,
                9881.484562592474,
                9938.55761880065,
                9949.12083074095
            ]
        }
    },
    "EndToEndSuccessProb": {
        "E2E_eventAvg": {
            "A0D0": {
                "A0": [
                    1.0,
                    1.0,
                    1.0,
                    1.0,
                    1.0,
                    1.0,
                    1.0,
                    1.0,
                    1.0,
                    1.0
                ]
            }
        },
        "sentTime_est": {
            "A0D0": {
                "A0": [
                    1.0,
                    1.0,
                    1.0,
                    1.0,
                    1.0,
                    1.0,
                    1.0,
                    1.0,
                    1.0,
                    1.0
                ]
            }
        },
        "enqueueTime_est": {
            "A0D0": {
                "A0": [
                    1.0,
                    1.0,
                    1.0,
                    1.0,
                    1.0,
                    1.0,
                    1.0,
                    1.0,
                    1.0,
                    1.0
                ]
            }
        },
        "poisson_sentTime_est": {
            "0.5": {
                "A0D0": {
                    "A0": [
                        1.0,
                        1.0,
                        1.0,
                        1.0,
                        1.0,
                        1.0,
                        1.0,
                        1.0,
                        1.0,
                        1.0
                    ]
                }
            }
        }
    },
    "EndToEndNonMarkingProb": {
        "E2E_eventAvg": {
            "A0D0": {
                "A0": [
                    0.9331268026920201,
                    0.9324691950712114,
                    0.9324259150099137,
                    0.9324584895554365,
                    0.9324685030963058,
                    0.9328514056224899,
                    0.9321123583436275,
                    0.9326866391553674,
                    0.931927904731252,
                    0.9325265074435043
                ]
            }
        },
        "sentTime_est_events": {
            "A0D0": {
                "A0": [
                    0.9084644605543394,
                    0.9081961863126441,
                    0.90783828945628,
                    0.9079637183197948,
                    0.9081248947946102,
                    0.9075547627735154,
                    0.9074710156340708,
                    0.9080290042023195,
                    0.9073225549243714,
                    0.9078501947052583
                ]
            }
        },
        "sentTime_est_probs": {
            "A0D0": {
                "A0": [
                    0.6509612990329336,
                    0.6439329157569579,
                    0.6456234978277162,
                    0.648880799537982,
                    0.6556345591041759,
                    0.6572805190860684,
                    0.6421313801638973,
                    0.6508258410089572,
                    0.6352280856946124,
                    0.6511020418568885
                ]
            }
        },
        "possion_est_probs": {
            "A0D0": {
                "A0": [
                    0.9177841989007037,
                    0.9181124068364244,
                    0.9173875820511123,
                    0.9176997987814555,
                    0.9200634935043975,
                    0.918717729216555,
                    0.9202266578118852,
                    0.9171838913992199,
                    0.9160222716203753,
                    0.9194924261784726
                ]
            }
        }
    },
    "DropRate": [
        0.0,
        0.0,
        0.0,
        0.0,
        0.0,
        0.0,
        0.0,
        0.0,
        0.0,
        0.0
    ],
    "maxEpsilonDelay": {
        "A0D0": {
            "A0": [
                0.03764712775691157,
                0.03798745725756574,
                0.03763941426362555,
                0.038291193117027854,
                0.03695810655220293,
                0.038164360154051745,
                0.039157909090107766,
                0.038323332003823256,
                0.03750792504384467,
                0.038173237995910506
            ]
        }
    },
    "maxEpsilonSuccessProb": {
        "A0D0": {
            "A0": [
                0.0,
                0.0,
                0.0,
                0.0,
                0.0,
                0.0,
                0.0,
                0.0,
                0.0,
                0.0
            ]
        }
    },
    "maxEpsilonNonMarkingProb": {
        "A0D0": {
            "A0": [
                0.0,
                0.0,
                0.0,
                0.0,
                0.0,
                0.0,
                0.0,
                0.0,
                0.0,
                0.0
            ]
        }
    },
    "errors": {
        "A0D0": {
            "A0": [
                0.048097383587324176,
                0.043514062539579325,
                0.06145984119496208,
                0.06250762559839108,
                0.018577974449864133,
                0.037087779651017734,
                0.06269618142183048,
                0.05001265757804497,
                0.07167245112548391,
                0.05555265576890048
            ]
        }
    },
    "workLoad": {
        "A0D0": {
            "A0": [
                0.2999772,
                0.299990432,
                0.29998696,
                0.299984368,
                0.299982384,
                0.299995584,
                0.299967056,
                0.299979376,
                0.299981744,
                0.299967264
            ]
        }
    },
    "AverageWorkLoad": 0.2999812368,