{
    "MaxEpsilonIneqDelay": {
        "A0D0": {
            "A0": 9
        }
    },
    "MaxEpsilonIneqSuccessProb": {
        "E2E_eventAvg": {
            "A0D0": {
                "A0": 0
            }
        },
        "sentTime_est": {
            "A0D0": {
                "A0": 0
            }
        },
        "enqueueTime_est": {
            "A0D0": {
                "A0": 7
            }
        },
        "poisson_sentTime_est": {
            "0.5": {
                "A0D0": {
                    "A0": 0
                }
            }
        }
    },
    "MaxEpsilonIneqNonMarkingProb": {
        "E2E_eventAvg": {
            "A0D0": {
                "A0": 4
            }
        },
        "sentTime_est_events": {
            "A0D0": {
                "A0": 6
            }
        },
        "sentTime_est_probs": {
            "A0D0": {
                "A0": 6
            }
        }
    },
    "EndToEndDelayMean": {
        "A0D0": {
            "A0": [
                38620.276675157664,
                33146.599572294326,
                33016.045484504735,
                35060.64194349879,
                36663.192633604864,
                33768.3040856389,
                35576.73371952772,
                35989.09560280433,
                30723.909947663895,
                33917.17483377697
            ]
        }
    },
    "EndToEndDelayStd": {
        "A0D0": {
            "A0": [
                50020.6199889159,
                43629.786152622815,
                44102.98891431467,
                47319.714818706474,
                45768.75972901635,
                43941.53756602593,
                44966.07485339838,
                46370.99464715648,
                42869.84162153233,
                45089.82455905466
            ]
        }
    },
    "EndToEndSuccessProb": {
        "E2E_eventAvg": {
            "A0D0": {
                "A0": [
                    0.9897525428875057,
                    0.9936921783010934,
                    0.9933210090047111,
                    0.9906232763375621,
                    0.9930143422354105,
                    0.9939418891895071,
                    0.994001199760048,
                    0.9918007329647804,
                    0.9939898008742107,
                    0.9929020246683733
                ]
            }
        },
        "sentTime_est": {
            "A0D0": {
                "A0": [
                    0.9904506014197079,
                    0.9925790720277269,
                    0.6196755022167562,
                    0.6191760602067089,
                    0.6196355214210427,
                    0.6202318081979191,
                    0.9926278151437188,
                    0.6187817327684372,
                    0.6203897903309015,
                    0.619475755522268
                ]
            }
        },
        "enqueueTime_est": {
            "A0D0": {
                "A0": [
                    0.9719552460994038,
                    0.9829339564270179,
                    0.9815025482476162,
                    0.977001265497878,
                    0.9804542961116716,
                    0.9844281466355529,
                    0.9837805600167204,
                    0.9768953955563808,
                    0.9835940875784479,
                    0.9799785289563263
                ]
            }
        },
        "poisson_sentTime_est": {
            "0.5": {
                "A0D0": {
                    "A0": [
                        0.9913096333931501,
                        0.9930454096436628,
                        0.9899434536297128,
                        0.9903467434715467,
                        0.9926598557256375,
                        0.9936159989922989,
                        0.9916663942546055,
                        0.992120790751534,
                        0.992227748720255,
                        0.9912017536798734
                    ]
                }
            }
        }
    },
    "EndToEndNonMarkingProb": {
        "E2E_eventAvg": {
            "A0D0": {
                "A0": [
                    0.5454683467435858,
                    0.6876727141655653,
                    0.6893076510227205,
                    0.6147959183673469,
                    0.6436078140454995,
                    0.6622750264674744,
                    0.6453509298140372,
                    0.6399776383626312,
                    0.709142787761049,
                    0.6673260414242494
                ]
            }
        },
        "sentTime_est_events": {
            "A0D0": {
                "A0": [
                    0.6750261245798841,
                    0.7129490731467671,
                    0.7155056098499118,
                    0.6984481555294703,
                    0.6786717569836869,
                    0.6944484340581988,
                    0.6839458128681353,
                    0.6908194130630545,
                    0.7367780729415261,
                    0.7039002809472369
                ]
            }
        },
        "sentTime_est_probs": {
            "A0D0": {
                "A0": [
                    0.5980960025025724,
                    0.6861254564406741,
                    0.6932644392755438,
                    0.626392155711705,
                    0.6439511699666024,
                    0.657577670050416,
                    0.6712554821950687,
                    0.6394773096302606,
                    0.6798486608124614,
                    0.6778546199463397
                ]
            }
        }
    },
    "DropRate": [
        0.010247457112494307,
        0.006307821698906646,
        0.006678990995288903,
        0.009376723662437914,
        0.006985657764589481,
        0.0060581108104929005,
        0.005998800239952029,
        0.00819926703521956,
        0.006010199125789262,
        0.007097975331626705
    ],
    "maxEpsilonDelay": {
        "A0D0": {
            "A0": [
                0.05255746070511496,
                0.056227576800864265,
                0.055814170200025257,
                0.052663455435635526,
                0.051248433020519464,
                0.05290869076103399,
                0.053136224602625064,
                0.053121614923495326,
                0.05612725495931445,
                0.056161127727431495
            ]
        }
    },
    "maxEpsilonSuccessProb": {
        "A0D0": {
            "A0": [
                0.004748667409812687,
                0.004278267661634536,
                0.004254410089560981,
                0.004286407962475233,
                0.005045066408206242,
                0.004180385254689282,
                0.004315197138221123,
                0.004761356027258394,
                0.003937014294111198,
                0.004241721165130213
            ]
        }
    },
    "maxEpsilonNonMarkingProb": {
        "A0D0": {
            "A0": [
                0.02957468234400485,
                0.026696702645140843,
                0.026343168967484995,
                0.029080550258485688,
                0.029730254311755498,
                0.02876872915538431,
                0.02798792618132673,
                0.02837863656465687,
                0.026165604541972736,
                0.02803824661194018
            ]
        }
    },
    "errors": {
        "A0D0": {
            "A0": [
                0.04352571035167779,
                0.05122950290665329,
                0.029029688653792473,
                0.008028117253308929,
                0.01217988449849639,
                0.023539173815094187,
                0.05575429761791079,
                0.0030778844403469684,
                0.023520829994603337,
                0.054465892779755526
            ]
        }
    },