{
    "MaxEpsilonIneqDelay": {
        "A0D0": {
            "A0": 28
        }
    },
    "MaxEpsilonIneqSuccessProb": {
        "E2E_eventAvg": {
            "A0D0": {
                "A0": 0
            }
        },
        "sentTime_est": {
            "A0D0": {
                "A0": 0
            }
        },
        "enqueueTime_est": {
            "A0D0": {
                "A0": 26
            }
        },
        "poisson_sentTime_est": {
            "0.5": {
                "A0D0": {
                    "A0": 0
                }
            }
        }
    },
    "EndToEndDelayMean": {
        "A0D0": {
            "A0": [
                43033,
                45511,
                48583,
                45596,
                43133,
                46618,
                45157,
                44485,
                43543,
                47306,
                45953,
                47062,
                46978,
                46447,
                44854,
                46107,
                45836,
                38869,
                47565,
                45252,
                43023,
                43529,
                47947,
                45916,
                45123,
                42123,
                39523,
                50442,
                46374,
                47620
            ]
        }
    },
    "EndToEndDelayStd": {
        "A0D0": {
            "A0": [
                2636084940,
                2666081951,
                2742507694,
                2628294749,
                2608058988,
                2779774497,
                2768348479,
                2614823863,
                2664256905,
                2912004231,
                2810254460,
                2663229822,
                2723690270,
                2639840757,
                2573138619,
                2487174702,
                2589449356,
                2442447521,
                2800418356,
                2870670658,
                2736338118,
                2574295782,
                2891105863,
                2843400918,
                2896562412,
                2610138479,
                2556843586,
                2897269170,
                2775633283,
                2779973737
            ]
        }
    },
    "EndToEndSuccessProb": {
        "E2E_eventAvg": {
            "A0D0": {
                "A0": [
                    0.985817724851894,
                    0.9860403810436762,
                    0.9860697702107394,
                    0.9875885486798197,
                    0.9864654150813946,
                    0.9839644751449365,
                    0.9843691849646445,
                    0.9872595707835983,
                    0.9863608931804466,
                    0.9825413966882649,
                    0.9854201380623661,
                    0.9867875340680176,
                    0.9856399952724264,
                    0.9882469886562975,
                    0.9884701741610534,
                    0.9868106946765338,
                    0.9871399786654024,
                    0.9893984514592019,
                    0.9824582627631261,
                    0.9845403244768399,
                    0.9842709867452135,
                    0.9878805793674253,
                    0.98316737790422,
                    0.9833940090694259,
                    0.9843233827857529,
                    0.9861372180451128,
                    0.9878303406311519,
                    0.9809997076878105,
                    0.984877011843304,
                    0.9852645283465499
                ]
            }
        },
        "sentTime_est": {
            "A0D0": {
                "A0": [
                    0.9828067105281051,
                    0.9828521467928828,
                    0.9827372931094016,
                    0.9845181769042932,
                    0.9837386950411342,
                    0.9808560232145768,
                    0.6128450396276988,
                    0.6156500821216202,
                    0.6144819512331321,
                    0.6117068149211295,
                    0.6132906555476192,
                    0.6148989432610725,
                    0.6136840902805416,
                    0.6159661767056304,
                    0.616595581301122,
                    0.6144186362763275,
                    0.6148213138161391,
                    0.6168523061906894,
                    0.6113378578088378,
                    0.6131045590311112,
                    0.6125881087815443,
                    0.6154452574110774,
                    0.6123508113436544,
                    0.612421821266935,
                    0.6125807598345292,
                    0.6145428717551835,
                    0.6157513561487917,
                    0.6104929605132242,
                    0.6130034849976536,
                    0.613320061657933
                ]
            }
        },
        "enqueueTime_est": {
            "A0D0": {
                "A0": [
                    0.9691011,
                    0.9667481,
                    0.9680721,
                    0.9707246,
                    0.9694511,
                    0.9659651,
                    0.9650495,
                    0.9699766,
                    0.9683578,
                    0.9599289,
                    0.966432,
                    0.968235,
                    0.9654222,
                    0.9723098,
                    0.9726529,
                    0.9711887,
                    0.970914,
                    0.9746855,
                    0.9609463,
                    0.9664099,
                    0.9654586000000001,
                    0.9710609,
                    0.9620208,
                    0.9652988,
                    0.9633112,
                    0.9690756,
                    0.9727954,
                    0.9614294,
                    0.9656817,
                    0.965623
                ]
            }
        },
        "poisson_sentTime_est": {
            "0.5": {
                "A0D0": {
                    "A0": [
                        0.9864253730568002,
                        0.9836357830261374,
                        0.9853522734296847,
                        0.9878288850922068,
                        0.9846988135246487,
                        0.9827065168239204,
                        0.9827699933424353,
                        0.985788182631527,
                        0.9830160123820486,
                        0.9818256778502965,
                        0.9834406384374031,
                        0.9836850631003237,
                        0.9824620572382698,
                        0.9878912209316829,
                        0.9890873440686881,
                        0.9848200852878933,
                        0.9840947486878107,
                        0.9875016098244725,
                        0.979001678548548,
                        0.9819270483647736,
                        0.9837647943942887,
                        0.9864784769160615,
                        0.979283251578647,
                        0.9787295273699411,
                        0.9828319581615231,
                        0.9840949589859298,
                        0.9865311697516679,
                        0.9796806533577538,
                        0.9846684305588277,
                        0.9793661379671205
                    ]
                }
            }
        }
    },