{
    "Overall": {
        "samples": {
            "DominantAssumption": {
                "R0h1R1h1": 17,
                "R0h0R1h0": 20
            },
            "General": {
                "R0h1R1h1": 20,
                "R0h0R1h0": 20
            },
            "RelaxedDominantAssumption": {
                "R0h1R1h1": 14,
                "R0h0R1h0": 17
            }
        }
    },
    "PerTrafficStream": {},
    "ANOVA": {
        "samples": 20,
        "groundtruth": 15
    },
    "Kruskal": {
        "samples": 20,
        "groundtruth": 13
    },
    "EndToEndMean": {
        "R0h1R1h1": [
            3171147652.5974574,
            3092151870.9709764,
            3145436295.207989,
            3143056840.072944,
            3175612180.6053,
            3097468327.0134587,
            3171921152.8426814,
            3084329871.4966354,
            3088084011.692794,
            3134331663.968877,
            3119600248.144105,
            3121686378.6464925,
            3134474070.034833,
            3119011726.264305,
            3088401971.314714,
            3066924875.1766305,
            3058994250.253711,
            3112737213.8257375,
            3084033772.808011,
            3149719159.153247
        ],
        "R0h0R1h0": [
            3173983922.6622806,
            3090460301.1851015,
            3142664091.318573,
            3127139965.2731185,
            3169531566.4043527,
            3098120613.0125284,
            3166563841.857143,
            3073724553.307947,
            3092000940.0,
            3118534401.6420455,
            3113369937.036667,
            3126107693.809899,
            3115249134.2269273,
            3118167598.8843536,
            3087188338.4616227,
            3056407914.010352,
            3065739819.2055087,
            3111781629.41629,
            3075531273.0502734,
            3135919625.784091
        ]
    },
    "EndToEndStd": {
        "R0h1R1h1": [
            126572324.38520482,
            154009171.704367,
            80224051.08335589,
            104842357.99462245,
            86848895.99503343,
            164856483.75077096,
            130831998.01446846,
            128758005.71061914,
            118289662.46940196,
            134176156.5356391,
            182746381.82830927,
            155287147.32888868,
            95507458.9551882,
            151822636.35867617,
            94286655.65479359,
            82424329.42836732,
            157428653.53066534,
            103753570.80078727,
            137691687.99076876,
            101373768.82187186
        ],
        "R0h0R1h0": [
            103355450.07400325,
            88113039.9741751,
            104821874.05409761,
            149301703.86846825,
            92114025.7446126,
            144061561.97543573,
            141941996.5961838,
            136278759.55304372,
            82731605.5743212,
            121668838.61350171,
            117569672.09485006,
            125253891.34398331,
            130317847.10732558,
            118064534.6361876,
            120862359.76298246,
            132171983.80494066,
            138278313.72457233,
            107350388.79231194,
            120617256.15614845,
            135446665.645642
        ]
    },
    "EndToEndSkew": {
        "R0h1R1h1": [
            -12.190304603854775,
            -11.461928733927707,
            -1.1119077850496113,
            -1.4238411538397322,
            -1.4901938225893385,
            -5.2534607565949925,
            -1.1522758815812812,
            -1.1211128345513486,
            -11.622441486587206,
            -9.566959657559758,
            -9.54626409768171,
            -11.19499327849359,
            -1.3566284748002864,
            -6.366559877695929,
            -1.1342635509068695,
            -1.266660837624409,
            -5.992134304752353,
            -9.44044455209469,
            -9.439585845066302,
            -3.5152992929718896
        ],
        "R0h0R1h0": [
            -7.917512977008515,
            -1.2411288518337125,
            -8.987854134329428,
            -7.210288776979787,
            -1.4401543104508827,
            -3.5914727384306024,
            -4.044163974304667,
            -1.01378251161792,
            -0.9485563341772105,
            -5.346132117591665,
            -1.0404320033587404,
            -7.0714867064006715,
            -7.31101489924894,
            -1.0862506035463548,
            -7.940413323816352,
            -9.861234958997036,
            -3.488910214061556,
            -9.859624357676374,
            -7.155328958646108,
            -8.734779238252774
        ]
    },
    "T0std": [
        84841267.29304828,
        87800885.23935498,
        82525207.968098,
        110538087.99870707,
        89320909.09137146,
        136262251.8317777,
        126472118.92529602,
        130155581.25285071,
        79716622.14534128,
        98663087.23759077,
        118084114.12136407,
        107295346.27507788,
        101661984.6346346,
        122492901.43461299,
        96432615.40148543,
        85294668.98294349,
        126457548.32079111,
        78244296.00283553,
        94674898.79837458,
        92011171.25947115
    ],
    "T1std": {
        "R0h1R1h1": [
            114513.96503204147,
            113585.03865111247,
            100896.1791029787,
            81861.75189693912,
            81008.09804739182,
            75395.47711734625,
            100525.72942586138,
            81142.63047114771,
            104787.31370649059,
            95670.65659109359,
            70082.4922632501,
            72603.13518079046,
            98693.22501361839,
            81850.67531709083,
            109420.41441434214,
            91791.48566192121,
            98810.6433991972,
            97151.46183829216,
            96321.421406165,
            86740.80702133806
        ],
        "R0h0R1h0": [
            127651.88664548882,
            114150.91857137525,
            104893.38882696473,
            110952.40829506186,
            116048.04011606037,
            125010.34986679173,
            120132.94643714098,
            89229.88050435341,
            108684.04864835345,
            106569.14161012528,
            83351.7785130495,
            123850.82474753143,
            126080.13875397862,
            109701.8620690796,
            116221.371941178,
            130944.5663945827,
            134547.15531014206,
            109061.52966529915,
            87677.74185001822,
            111507.24807589526
        ]
    },
    "T0Ineq": {
        "R0h1R1h1": 19,
        "R0h0R1h0": 19
    },
    "T0IneqRemovedZeroes": {
        "R0h1R1h1": 19,
        "R0h0R1h0": 19
    },
    "T1Ineq": {
        "R0h1R1h1": 0,
        "R0h0R1h0": 0
    },
    "T1IneqRemovedZeroes": {
        "R0h1R1h1": 7,
        "R0h0R1h0": 4
    },
    "experiments": 20
}