{
    "MaxEpsilonIneqPackets": {
        "R0H0R2H0": {
            "A0": 1,
            "A1": 1
        },
        "R0H1R2H1": {
            "A0": 1,
            "A1": 1
        },
        "R0H2R2H2": {
            "A0": 1,
            "A1": 1
        },
        "R0H3R2H3": {
            "A0": 1,
            "A1": 1
        },
        "R0H4R2H4": {
            "A0": 1,
            "A1": 1
        },
        "R0H5R2H5": {
            "A0": 1,
            "A1": 1
        },
        "R1H0R3H0": {
            "A0": 1,
            "A1": 1
        },
        "R1H1R3H1": {
            "A0": 1,
            "A1": 1
        },
        "R1H2R3H2": {
            "A0": 1,
            "A1": 1
        },
        "R1H3R3H3": {
            "A0": 1,
            "A1": 1
        },
        "R1H4R3H4": {
            "A0": 1,
            "A1": 1
        },
        "R1H5R3H5": {
            "A0": 1,
            "A1": 1
        }
    },
    "DropRate": [
        6.379829530954934e-06
    ],
    "EndToEndSuccessProbPackets": {
        "R0H0R2H0": {
            "A0": [
                0.6892761815041608
            ],
            "A1": [
                0.6798563841723391
            ]
        },
        "R0H1R2H1": {
            "A0": [
                0.6840463458110517
            ],
            "A1": [
                0.634470647265429
            ]
        },
        "R0H2R2H2": {
            "A0": [
                0.6791746166348668
            ],
            "A1": [
                0.6905220816223917
            ]
        },
        "R0H3R2H3": {
            "A0": [
                0.6664934293562996
            ],
            "A1": [
                0.6416995636816953
            ]
        },
        "R0H4R2H4": {
            "A0": [
                0.6665612148054414
            ],
            "A1": [
                0.6950067476383266
            ]
        },
        "R0H5R2H5": {
            "A0": [
                0.6766824644549763
            ],
            "A1": [
                0.6565720627873791
            ]
        },
        "R1H0R3H0": {
            "A0": [
                0.7018277571251549
            ],
            "A1": [
                0.6667423554344536
            ]
        },
        "R1H1R3H1": {
            "A0": [
                0.6409352010480701
            ],
            "A1": [
                0.6708737134700624
            ]
        },
        "R1H2R3H2": {
            "A0": [
                0.6816628248946824
            ],
            "A1": [
                0.6839643652561247
            ]
        },
        "R1H3R3H3": {
            "A0": [
                0.6525968931429469
            ],
            "A1": [
                0.6930804619284574
            ]
        },
        "R1H4R3H4": {
            "A0": [
                0.6856975552627727
            ],
            "A1": [
                0.6936235142948923
            ]
        },
        "R1H5R3H5": {
            "A0": [
                0.6611637128752934
            ],
            "A1": [
                0.6478457422271428
            ]
        }
    },
    "maxEpsilon": {
        "R0H0R2H0": {
            "A0": [
                0.01936752902709228
            ],
            "A1": [
                0.01936752902709228
            ]
        },
        "R0H1R2H1": {
            "A0": [
                0.021242478210344293
            ],
            "A1": [
                0.021242478210344293
            ]
        },
        "R0H2R2H2": {
            "A0": [
                0.01929214708117283
            ],
            "A1": [
                0.01929214708117283
            ]
        },
        "R0H3R2H3": {
            "A0": [
                0.021540322614596832
            ],
            "A1": [
                0.021540322614596832
            ]
        },
        "R0H4R2H4": {
            "A0": [
                0.01992368529441558
            ],
            "A1": [
                0.01992368529441558
            ]
        },
        "R0H5R2H5": {
            "A0": [
                0.020261707837849762
            ],
            "A1": [
                0.020261707837849762
            ]
        },
        "R1H0R3H0": {
            "A0": [
                0.018993935823041222
            ],
            "A1": [
                0.018993935823041222
            ]
        },
        "R1H1R3H1": {
            "A0": [
                0.021509238737770504
            ],
            "A1": [
                0.021509238737770504
            ]
        },
        "R1H2R3H2": {
            "A0": [
                0.018817938757187732
            ],
            "A1": [
                0.018817938757187732
            ]
        },
        "R1H3R3H3": {
            "A0": [
                0.020487233276410274
            ],
            "A1": [
                0.020487233276410274
            ]
        },
        "R1H4R3H4": {
            "A0": [
                0.019354930901162946
            ],
            "A1": [
                0.019354930901162946
            ]
        },
        "R1H5R3H5": {
            "A0": [
                0.021318400062448846
            ],
            "A1": [
                0.021318400062448846
            ]
        }
    },
    "experiments": 1
}