{
    "MaxEpsilonIneqPackets": {
        "R0H0R2H0": {
            "A0": 1,
            "A1": 1
        },
        "R0H1R2H1": {
            "A0": 1,
            "A1": 1
        },
        "R0H2R2H2": {
            "A0": 1,
            "A1": 1
        },
        "R0H3R2H3": {
            "A0": 1,
            "A1": 1
        },
        "R0H4R2H4": {
            "A0": 1,
            "A1": 1
        },
        "R0H5R2H5": {
            "A0": 1,
            "A1": 1
        },
        "R1H0R3H0": {
            "A0": 1,
            "A1": 1
        },
        "R1H1R3H1": {
            "A0": 1,
            "A1": 1
        },
        "R1H2R3H2": {
            "A0": 1,
            "A1": 1
        },
        "R1H3R3H3": {
            "A0": 1,
            "A1": 1
        },
        "R1H4R3H4": {
            "A0": 1,
            "A1": 1
        },
        "R1H5R3H5": {
            "A0": 1,
            "A1": 1
        }
    },
    "DropRate": [
        9.555113896957652e-06
    ],
    "EndToEndSuccessProbPackets": {
        "R0H0R2H0": {
            "A0": [
                0.6887614859027723
            ],
            "A1": [
                0.677629607431825
            ]
        },
        "R0H1R2H1": {
            "A0": [
                0.680320569902048
            ],
            "A1": [
                0.6454249728918175
            ]
        },
        "R0H2R2H2": {
            "A0": [
                0.6781699160381386
            ],
            "A1": [
                0.6906077348066298
            ]
        },
        "R0H3R2H3": {
            "A0": [
                0.6672075527363919
            ],
            "A1": [
                0.6429757211039635
            ]
        },
        "R0H4R2H4": {
            "A0": [
                0.6714660727070241
            ],
            "A1": [
                0.6911709829091723
            ]
        },
        "R0H5R2H5": {
            "A0": [
                0.6795316159250586
            ],
            "A1": [
                0.6438823249544049
            ]
        },
        "R1H0R3H0": {
            "A0": [
                0.6992139334155364
            ],
            "A1": [
                0.6636336063087656
            ]
        },
        "R1H1R3H1": {
            "A0": [
                0.6316426338610467
            ],
            "A1": [
                0.6733028964897837
            ]
        },
        "R1H2R3H2": {
            "A0": [
                0.6861025519475389
            ],
            "A1": [
                0.6857588589257856
            ]
        },
        "R1H3R3H3": {
            "A0": [
                0.6422054428189398
            ],
            "A1": [
                0.6824070597070973
            ]
        },
        "R1H4R3H4": {
            "A0": [
                0.6824012314007184
            ],
            "A1": [
                0.6944266495836002
            ]
        },
        "R1H5R3H5": {
            "A0": [
                0.664718298425069
            ],
            "A1": [
                0.6457084908269568
            ]
        }
    },
    "maxEpsilon": {
        "R0H0R2H0": {
            "A0": [
                0.019336486810007707
            ],
            "A1": [
                0.019336486810007707
            ]
        },
        "R0H1R2H1": {
            "A0": [
                0.020023328051148065
            ],
            "A1": [
                0.020023328051148065
            ]
        },
        "R0H2R2H2": {
            "A0": [
                0.0194009548583898
            ],
            "A1": [
                0.0194009548583898
            ]
        },
        "R0H3R2H3": {
            "A0": [
                0.021761477532647174
            ],
            "A1": [
                0.021761477532647174
            ]
        },
        "R0H4R2H4": {
            "A0": [
                0.019807156717356243
            ],
            "A1": [
                0.019807156717356243
            ]
        },
        "R0H5R2H5": {
            "A0": [
                0.02105560416667892
            ],
            "A1": [
                0.02105560416667892
            ]
        },
        "R1H0R3H0": {
            "A0": [
                0.019482320541797642
            ],
            "A1": [
                0.019482320541797642
            ]
        },
        "R1H1R3H1": {
            "A0": [
                0.021150018728352118
            ],
            "A1": [
                0.021150018728352118
            ]
        },
        "R1H2R3H2": {
            "A0": [
                0.018417486209665657
            ],
            "A1": [
                0.018417486209665657
            ]
        },
        "R1H3R3H3": {
            "A0": [
                0.020960467398471065
            ],
            "A1": [
                0.020960467398471065
            ]
        },
        "R1H4R3H4": {
            "A0": [
                0.019057228723645427
            ],
            "A1": [
                0.019057228723645427
            ]
        },
        "R1H5R3H5": {
            "A0": [
                0.02176077459290419
            ],
            "A1": [
                0.02176077459290419
            ]
        }
    },
    "experiments": 1
}