{
    "MaxEpsilonIneqDelay": {
        "A0D0": {
            "A0": 9
        }
    },
    "MaxEpsilonIneqSuccessProb": {
        "E2E_eventAvg": {
            "A0D0": {
                "A0": 2
            }
        },
        "sentTime_est": {
            "A0D0": {
                "A0": 1
            }
        },
        "enqueueTime_est": {
            "A0D0": {
                "A0": 4
            }
        },
        "poisson_sentTime_est": {
            "0.5": {
                "A0D0": {
                    "A0": 2
                }
            }
        }
    },
    "MaxEpsilonIneqNonMarkingProb": {
        "E2E_eventAvg": {
            "A0D0": {
                "A0": 8
            }
        },
        "sentTime_est_events": {
            "A0D0": {
                "A0": 4
            }
        },
        "sentTime_est_probs": {
            "A0D0": {
                "A0": 0
            }
        },
        "possion_est_probs": {
            "A0D0": {
                "A0": 8
            }
        }
    },
    "EndToEndDelayMean": {
        "A0D0": {
            "A0": [
                56323.61727714423,
                54828.4533513053,
                53143.27286742079,
                54663.419217682414,
                58821.310255066506,
                57016.893876955066,
                53248.38789161962,
                47632.83789184956,
                52629.325482627435,
                47786.88619157315
            ]
        }
    },
    "EndToEndDelayStd": {
        "A0D0": {
            "A0": [
                70530.55428338094,
                69467.15080496387,
                67150.52336910226,
                72178.64243951943,
                74404.36115323339,
                70839.06350613602,
                68673.49872682094,
                63930.349392382894,
                72954.72306625437,
                67570.28418816978
            ]
        }
    },
    "EndToEndSuccessProb": {
        "E2E_eventAvg": {
            "A0D0": {
                "A0": [
                    0.9988947705194579,
                    0.9990741276546496,
                    0.9990728937304438,
                    0.9988124187072329,
                    0.9984632022312027,
                    0.9992024609775549,
                    0.9991374849059859,
                    0.9995436394751854,
                    0.9990780754825699,
                    0.9995447561600183
                ]
            }
        },
        "sentTime_est": {
            "A0D0": {
                "A0": [
                    0.9987463740845318,
                    0.9989133643247065,
                    0.9988093808118755,
                    0.9987546724808085,
                    0.9984807903244076,
                    0.9990743879133307,
                    0.9990024933675744,
                    0.9993600316698953,
                    0.9987760167738198,
                    0.9993926389674065
                ]
            }
        },
        "enqueueTime_est": {
            "A0D0": {
                "A0": [
                    0.9953393433928757,
                    0.9951337107428291,
                    0.9961516562193496,
                    0.994900214104942,
                    0.994260358150357,
                    0.9941493528964294,
                    0.9954863108247036,
                    0.9975387236028699,
                    0.994815845643936,
                    0.9965201030038956
                ]
            }
        },
        "poisson_sentTime_est": {
            "0.5": {
                "A0D0": {
                    "A0": [
                        0.9982691362282351,
                        0.9994415206291152,
                        0.9991101582111656,
                        0.9979494259582642,
                        0.9989521674856637,
                        0.9988650029931655,
                        0.9987837887321823,
                        0.9994186076302669,
                        0.9988474586585565,
                        0.9993912289691
                    ]
                }
            }
        }
    },
    "EndToEndNonMarkingProb": {
        "E2E_eventAvg": {
            "A0D0": {
                "A0": [
                    0.6601710197196208,
                    0.6778542908396504,
                    0.6736006489743886,
                    0.6738110049199797,
                    0.6483579031248221,
                    0.6609889483878318,
                    0.6769593467885688,
                    0.7001140901312036,
                    0.6891385767790262,
                    0.7116599328515336
                ]
            }
        },
        "sentTime_est_events": {
            "A0D0": {
                "A0": [
                    0.6836217085615821,
                    0.6919645944621051,
                    0.6886086913643097,
                    0.686583155347142,
                    0.6601737616679748,
                    0.6737270967824508,
                    0.6931025831524127,
                    0.7182544408746585,
                    0.7034712957380018,
                    0.7222863916720693
                ]
            }
        },
        "sentTime_est_probs": {
            "A0D0": {
                "A0": [
                    0.6195802402430284,
                    0.6045297201283806,
                    0.6355860241273144,
                    0.6377014911866101,
                    0.6009788870385743,
                    0.6264906388328856,
                    0.638668615231053,
                    0.6501295928446211,
                    0.662175077022533,
                    0.6404325530480937
                ]
            }
        },
        "possion_est_probs": {
            "A0D0": {
                "A0": [
                    0.6701533181154824,
                    0.6753849544690516,
                    0.680167760319467,
                    0.6805095632603627,
                    0.6544128388818655,
                    0.6633628075347419,
                    0.6850586458772299,
                    0.7112948954636692,
                    0.6922128965311213,
                    0.7169908081226591
                ]
            }
        }
    },
    "DropRate": [
        0.001105229480542147,
        0.0009258723453504647,
        0.000927106269556166,
        0.0011875812927669704,
        0.0015367977687973378,
        0.0007975390224449486,
        0.000862515094014249,
        0.0004563605248145697,
        0.0009219245174302282,
        0.0004552438399818559
    ],
    "maxEpsilonDelay": {
        "A0D0": {
            "A0": [
                0.036255835900669116,
                0.03713557566682164,
                0.03678366467194348,
                0.03771038318085736,
                0.03677431834814188,
                0.03598006105827027,
                0.03822959326573483,
                0.03897163598067964,
                0.04023577596689476,
                0.040041811154848825
            ]
        }
    },
    "maxEpsilonSuccessProb": {
        "A0D0": {
            "A0": [
                0.001376541699376779,
                0.001194984849548739,
                0.0012450313962686283,
                0.0012303852431724415,
                0.001201430748607825,
                0.0015304324472035517,
                0.0014822199420363464,
                0.0006146384774104878,
                0.0013462832641972465,
                0.0011365469955162161
            ]
        }
    },
    "maxEpsilonNonMarkingProb": {
        "A0D0": {
            "A0": [
                0.02048152752171742,
                0.02064923831638805,
                0.02016196163237086,
                0.020159725101441896,
                0.022110132791589566,
                0.021410920792168484,
                0.019910595749004827,
                0.018441813088002856,
                0.019054443208126187,
                0.018386212078354988
            ]
        }
    },