{
    "Overall": {
        "samples": {
            "DominantAssumption": {
                "R0h1R1h1": 37,
                "R0h0R1h0": 0
            },
            "General": {
                "R0h1R1h1": 50,
                "R0h0R1h0": 50
            },
            "RelaxedDominantAssumption": {
                "R0h1R1h1": 22,
                "R0h0R1h0": 0
            },
            "Basic": {
                "R0h1R1h1": 0,
                "R0h0R1h0": 0
            },
            "Basic_timeAvg": {
                "R0h1R1h1": 29,
                "R0h0R1h0": 0
            }
        }
    },
    "PerTrafficStream": {},
    "ANOVA": {
        "samples": 49,
        "groundtruth": 5
    },
    "Kruskal": {
        "samples": 48,
        "groundtruth": 40
    },
    "EndToEndMean": {
        "R0h1R1h1": [
            252246561.0202343,
            243053385.91134942,
            240496330.17230272,
            248111139.17093712,
            257226718.5936831,
            258390938.68568888,
            245195270.45860663,
            249956196.33039492,
            252241092.6619693,
            251194300.96762207,
            248115929.5046181,
            239201291.52059925,
            243109089.9499023,
            249367677.66019937,
            259806444.3703375,
            241980035.8984014,
            250018624.63567975,
            260138957.50053456,
            265902004.09300265,
            252090984.99165335,
            253027035.26671395,
            259559187.0499112,
            249375783.86661986,
            246038406.6317086,
            255125176.34604618,
            248754906.24498492,
            251680656.66313747,
            250088083.68879002,
            246580596.0863823,
            246896524.1688428,
            254161852.79454964,
            253287040.0779314,
            245909345.76530612,
            261645808.1198369,
            249061129.2284618,
            246428299.96658966,
            247781447.9392423,
            261775353.42070913,
            263487286.09487766,
            248450185.03471103,
            249778192.06029332,
            248912380.7097405,
            260096455.31352785,
            256341717.4804757,
            257510145.44907406,
            251801568.7016889,
            256630992.93599573,
            252876572.5652019,
            258135355.30008796,
            251255196.3547755
        ],
        "R0h0R1h0": [
            254138761.39065525,
            244863815.73609948,
            244004654.28036338,
            256363676.33784717,
            260315692.63593835,
            259054626.0455872,
            248380381.1161085,
            251516929.69604015,
            255291993.88298318,
            250763544.21153578,
            248641936.41249305,
            240013971.9729918,
            243185128.5102268,
            249464411.81205425,
            261801225.28181693,
            241032715.18498322,
            250429202.82023412,
            257942481.0196051,
            263886257.05274233,
            251703107.12040135,
            253273789.99902588,
            259415793.91992807,
            244948215.80377784,
            249210262.50581717,
            250848355.5784001,
            249482713.28347322,
            251114483.88425863,
            253142955.18606263,
            250002865.8809986,
            246620061.73125,
            257857765.34074485,
            255450270.7278164,
            247134628.96591693,
            260158849.64951497,
            247455816.70822874,
            247519453.62218538,
            253900967.08266184,
            260089323.02064857,
            263593434.35240084,
            248852319.8883023,
            251849127.0784529,
            247201004.42475426,
            257484752.0835322,
            255783640.40376568,
            257340586.3798331,
            251800323.0384829,
            259130831.53548744,
            255195201.0267202,
            259693778.922421,
            253299688.90919188
        ]
    },
    "EndToEndStd": {
        "R0h1R1h1": [
            91149687.42223695,
            86391958.3015458,
            81677618.23459834,
            86523449.18500127,
            93087361.59640346,
            89619437.87487276,
            89010511.05740307,
            88466012.02058175,
            90889609.28693467,
            87925459.7010497,
            92531009.98701385,
            84024039.90223394,
            90790243.39819959,
            90013283.69039603,
            86733616.78562285,
            86851634.13048698,
            89017416.75388625,
            88279488.95125309,
            93126471.74681084,
            91701600.51104572,
            87138182.76073213,
            87922238.98279887,
            90851600.79049554,
            84087858.62929878,
            91367524.54389763,
            87953291.99844034,
            88537827.32309775,
            91477511.49794301,
            86675553.99098435,
            82866684.09423116,
            92690612.68461576,
            88245705.1299747,
            88511763.84483108,
            88948714.96389143,
            90039909.48310144,
            85345481.87842302,
            92903248.42744446,
            90556036.6802011,
            90785091.38038109,
            88887714.97474283,
            89759097.85987437,
            89235397.50030218,
            93723793.81544748,
            90619349.05776767,
            87509281.62636964,
            91728645.71911632,
            90179570.35237539,
            93797883.34453222,
            91174127.6394372,
            90394557.72601405
        ],
        "R0h0R1h0": [
            92191235.50984411,
            86588827.60828644,
            84391140.19432357,
            92072327.8019919,
            93463518.64068559,
            89364735.12966482,
            90974879.6797371,
            89586521.27418056,
            92595487.43317188,
            86574378.7629708,
            92305420.89736533,
            83756522.21862346,
            88790321.94647051,
            89557394.02944128,
            88415234.03386466,
            85369943.70509869,
            88651596.32145363,
            84007788.20751536,
            90391843.31264259,
            91134606.41788284,
            87952846.48455131,
            86019988.61678708,
            86573998.31367901,
            88387533.5893859,
            86530427.07802019,
            87142666.19864172,
            88196745.82296534,
            91910345.23051254,
            89201346.63700114,
            81424541.81772764,
            96020687.03782219,
            90240927.82302316,
            87328393.32293124,
            86337653.00337054,
            88970090.8296589,
            85598115.09967528,
            97366183.66775784,
            87505884.3217901,
            90047675.06671818,
            87339910.839317,
            89314595.88816603,
            86228693.64653325,
            89803532.14903726,
            89339257.62466481,
            85668935.15764198,
            91832327.33484629,
            92224303.57975985,
            95656243.77311,
            92540403.78635818,
            92161235.59539284
        ]
    },