{
    "Overall": {
        "samples": {
            "DominantAssumption": {
                "R0h1R1h1": 41,
                "R0h0R1h0": 1
            },
            "General": {
                "R0h1R1h1": 50,
                "R0h0R1h0": 50
            },
            "RelaxedDominantAssumption": {
                "R0h1R1h1": 29,
                "R0h0R1h0": 0
            },
            "Basic": {
                "R0h1R1h1": 0,
                "R0h0R1h0": 0
            },
            "Basic_timeAvg": {
                "R0h1R1h1": 31,
                "R0h0R1h0": 1
            }
        }
    },
    "PerTrafficStream": {},
    "ANOVA": {
        "samples": 46,
        "groundtruth": 7
    },
    "Kruskal": {
        "samples": 45,
        "groundtruth": 35
    },
    "EndToEndMean": {
        "R0h1R1h1": [
            244828756.23335108,
            245435738.84906334,
            243339872.34266856,
            245285440.26109245,
            247963744.6418121,
            239701921.10133708,
            253100701.8823634,
            250175412.31672597,
            252094435.1555832,
            240997374.8652205,
            264211234.47991544,
            256756636.06019416,
            253725414.73739004,
            249382169.23080987,
            248174286.63350508,
            252966579.6704301,
            261026160.81617126,
            258447114.5436077,
            259421268.53898305,
            251804031.37718216,
            254910771.50948077,
            243182199.28411114,
            250558945.06452763,
            239571012.1119602,
            254235019.86159602,
            246733168.85652643,
            260504670.395815,
            261224037.95007938,
            248627466.94035646,
            250352758.48205402,
            269638860.168717,
            254792689.5178444,
            251717954.59836066,
            249017466.27558222,
            241355688.59232828,
            250438687.79420134,
            247358388.86565852,
            252609832.83660364,
            263159328.12827832,
            254971464.69887364,
            257702728.659732,
            253994673.4105577,
            258122743.55279502,
            253155433.34920353,
            257251163.4258636,
            251961110.42872304,
            253595600.67088163,
            246874005.07586086,
            247499332.95796818,
            263525502.06952715
        ],
        "R0h0R1h0": [
            245443879.39011216,
            246716429.58479288,
            244366592.2798165,
            246049234.73808196,
            246601482.8648724,
            237907554.25104487,
            256182689.01083633,
            248479451.33934018,
            253290559.32281286,
            247614565.90950352,
            264350725.65715867,
            259061496.01650348,
            260835957.19617358,
            250550612.40207326,
            249766030.94637662,
            254805386.71664354,
            261276329.88164857,
            256288430.1094911,
            259337847.3419552,
            257537159.10213414,
            251903050.5733389,
            248900724.63089296,
            252946669.88372418,
            242658880.8230812,
            257589821.01314878,
            247664159.55234256,
            261833332.08998325,
            258337096.93093303,
            248817951.11862528,
            251974793.4984701,
            268924424.1400811,
            254751336.65269378,
            256996948.4926836,
            247794240.52083912,
            242853206.12018898,
            250480347.1095073,
            248828240.378807,
            254964480.53388774,
            269056531.3908446,
            255970154.6441854,
            257732449.46001387,
            249983548.3512676,
            259153493.87008145,
            251881374.23883712,
            259593209.92329073,
            251892743.86380675,
            257213243.7854758,
            248956568.30043098,
            251569121.20785347,
            265764841.07312307
        ]
    },
    "EndToEndStd": {
        "R0h1R1h1": [
            89415437.24375944,
            87532054.93754318,
            86212920.45624149,
            87068601.45677246,
            90796758.41785286,
            88541658.10858417,
            89994548.67349146,
            91416190.9126079,
            88113872.09249602,
            81505725.16969392,
            96649633.29580003,
            88326722.04040101,
            88484523.33791932,
            84672713.70298055,
            87325283.89017124,
            91595798.48716214,
            89564562.30297627,
            92596065.73883928,
            88203020.29212816,
            90452341.57553728,
            87666052.30760105,
            88108491.71743353,
            93708900.62969074,
            85454749.29649584,
            88512151.40475512,
            86113447.96900868,
            91184830.13892277,
            91803215.43394327,
            90243017.85269229,
            87031150.34527932,
            92784864.61785407,
            89817813.1085152,
            89348739.40661962,
            88718420.96105833,
            86927458.90167123,
            88308673.49615785,
            83949542.36758326,
            89077225.90523432,
            93622739.51739894,
            83909145.04799405,
            91537826.89087416,
            89666081.62114199,
            92097728.23975803,
            92580652.61518459,
            90388503.70036054,
            86052977.39561823,
            91826464.56096639,
            84197177.33682068,
            92129521.29042642,
            91025969.56498553
        ],
        "R0h0R1h0": [
            87366168.19433004,
            87730031.96916814,
            85347108.17779644,
            88270475.31156558,
            88218309.98394313,
            86679657.09652312,
            92905287.36819175,
            88019167.32125781,
            87705327.05477297,
            88769547.2227601,
            95265243.54317617,
            90490058.22423322,
            94122112.84729366,
            85252982.74945977,
            87912316.47943097,
            92636799.57023613,
            89702335.01934373,
            90314692.1854181,
            85087619.23643413,
            95524508.76226158,
            82926117.52641036,
            93902052.59772591,
            95964974.55605733,
            88021137.96387614,
            91562928.8725487,
            84540364.63687328,
            91469146.76150523,
            89482952.05344844,
            89480279.51148668,
            88107852.40336168,
            92211899.03962524,
            89943165.97247633,
            93604588.3472375,
            87038838.95818229,
            86019477.13554,
            86476807.69365256,
            85928233.48132598,
            90319150.61381428,
            98590574.0500391,
            84902508.65503052,
            90740904.81172214,
            84986428.02883409,
            91082358.22423092,
            89185402.47353658,
            91362946.45630156,
            86033926.31159736,
            95364913.92936297,
            87662414.9899269,
            95249592.94781406,
            92452568.1465328
        ]
    },