{
    "Overall": {
        "samples": {
            "DominantAssumption": {
                "R0h1R1h1": 37,
                "R0h0R1h0": 2
            },
            "General": {
                "R0h1R1h1": 50,
                "R0h0R1h0": 50
            },
            "RelaxedDominantAssumption": {
                "R0h1R1h1": 29,
                "R0h0R1h0": 2
            },
            "Basic": {
                "R0h1R1h1": 0,
                "R0h0R1h0": 0
            },
            "Basic_timeAvg": {
                "R0h1R1h1": 32,
                "R0h0R1h0": 2
            }
        }
    },
    "PerTrafficStream": {},
    "ANOVA": {
        "samples": 44,
        "groundtruth": 4
    },
    "Kruskal": {
        "samples": 45,
        "groundtruth": 37
    },
    "EndToEndMean": {
        "R0h1R1h1": [
            255853608.15934357,
            261169804.92936411,
            244515872.35847726,
            241113677.31636816,
            243331889.97812554,
            250819390.73932385,
            258095700.59721732,
            252886475.66090026,
            241507117.50940356,
            261101106.23977432,
            237624418.936174,
            257096168.07344833,
            263668908.38947183,
            254425210.9278387,
            250174031.179078,
            246292638.26101756,
            256441284.04781228,
            249951359.5777661,
            258690705.04664046,
            261026199.5772098,
            245315126.7208633,
            246950180.749067,
            248077382.1217857,
            269020975.07527834,
            243692778.4777758,
            241471023.12580878,
            246281862.86623862,
            249781826.23873794,
            258311684.0802425,
            252076000.57843137,
            246708517.02123925,
            244386088.06107143,
            249430292.08442017,
            263432009.95953348,
            255059366.35420743,
            260533734.85813954,
            265364670.59316662,
            263100052.48372832,
            248889849.78343493,
            248083017.0604717,
            249083388.4200561,
            255302740.3159103,
            247558334.17044058,
            251922295.95122385,
            254768789.7389998,
            253341760.0470713,
            252956255.19629303,
            247926080.64223447,
            256386359.64995635,
            256928388.66166872
        ],
        "R0h0R1h0": [
            255893644.2205128,
            264387616.01927876,
            247591264.86570477,
            242386321.05125713,
            244435098.62162536,
            249949278.9946006,
            259615017.6772892,
            252311860.3672017,
            242586173.8947662,
            257956927.97128448,
            241227883.8460047,
            256462456.10495546,
            262072283.26652572,
            256042182.77223906,
            250525669.84770235,
            253187379.8873687,
            258314394.2896831,
            246546267.92719933,
            261721034.29899046,
            264081311.0360149,
            246168745.28178263,
            247336585.91854012,
            253885854.2233852,
            269600475.48288816,
            245676055.62060857,
            242688254.80582792,
            247030048.5502412,
            245769754.18496305,
            259668919.36969867,
            254164907.22663906,
            244720396.89279267,
            246724662.0276889,
            249030790.54718566,
            264685999.86814713,
            258646851.56544065,
            265763961.72720957,
            264387952.19946957,
            263582542.33774006,
            250911419.37536412,
            246978258.1137758,
            244257289.77937886,
            256456438.32413697,
            245293974.47266924,
            248304567.54534006,
            254765182.8657718,
            253612386.07288018,
            251591310.31714445,
            250460429.5340846,
            255171090.6326078,
            258844078.64677376
        ]
    },
    "EndToEndStd": {
        "R0h1R1h1": [
            92418314.5500741,
            91468033.31000051,
            84467157.98847197,
            80889704.96554086,
            87208084.19383687,
            89884469.40072723,
            92090049.26010607,
            91216011.4247156,
            87206963.5332696,
            91739209.82403338,
            85977789.35884987,
            93056205.37232763,
            91667190.3753303,
            89756681.32090193,
            84467214.7503764,
            86438614.94025461,
            86955713.1753642,
            86088163.83046365,
            93441891.94839543,
            93624260.66199848,
            89352163.38930076,
            87686870.23796354,
            85680191.22650722,
            88716407.66974793,
            88957397.6739616,
            84596471.37675557,
            91097308.22082463,
            90845276.12633057,
            93476374.32006153,
            89850859.65216541,
            82423198.51153241,
            86322477.36097652,
            90749013.72699586,
            87309570.3209492,
            92290264.90788248,
            92693939.74978872,
            90757043.37878504,
            90469407.32172327,
            88871829.55428474,
            86240170.61780259,
            83347602.2139309,
            89200303.38163862,
            83743749.478376,
            93641344.95039797,
            95119940.3386684,
            89429593.52486229,
            89063842.46447572,
            86171531.66701926,
            90059873.29255845,
            89957707.72383323
        ],
        "R0h0R1h0": [
            93331291.45313138,
            93193605.21296349,
            87464180.62234107,
            80796798.14218377,
            85865698.72221883,
            86730825.2045287,
            92737221.90760985,
            90471609.5817355,
            86870183.38042209,
            88199133.69719973,
            89758151.63073067,
            91577824.58225067,
            89905709.62658548,
            89816959.07691084,
            83947520.41081437,
            93185816.88550004,
            88418720.77031113,
            82527345.43085563,
            95357342.93153113,
            93393053.53991787,
            88969442.36724712,
            86968079.69103742,
            90961154.77728038,
            88294753.65920478,
            90119672.43178114,
            84533036.46457699,
            88063439.66530459,
            85593450.27867329,
            93651906.808594,
            89696840.840871,
            78847763.25219175,
            87592358.80484712,
            90722055.34097563,
            87697925.30919875,
            95456875.82955183,
            97808500.03476404,
            89536087.62940432,
            90166250.20884055,
            89606185.92188624,
            84595218.53508903,
            78043799.38657062,
            90204459.23240113,
            82058914.83057234,
            88245736.55643734,
            94460067.06368299,
            89852481.07053293,
            87584068.01221418,
            88753400.98438501,
            87450681.28843531,
            92296034.44084425
        ]
    },