{
    "Overall": {
        "samples": {
            "DominantAssumption": {
                "R0h1R1h1": 36,
                "R0h0R1h0": 0
            },
            "General": {
                "R0h1R1h1": 50,
                "R0h0R1h0": 50
            },
            "RelaxedDominantAssumption": {
                "R0h1R1h1": 26,
                "R0h0R1h0": 0
            },
            "Basic": {
                "R0h1R1h1": 0,
                "R0h0R1h0": 0
            },
            "Basic_timeAvg": {
                "R0h1R1h1": 30,
                "R0h0R1h0": 0
            }
        }
    },
    "PerTrafficStream": {},
    "ANOVA": {
        "samples": 45,
        "groundtruth": 5
    },
    "Kruskal": {
        "samples": 47,
        "groundtruth": 38
    },
    "EndToEndMean": {
        "R0h1R1h1": [
            257064306.31318486,
            252612978.15135813,
            246131943.79989243,
            257125361.0777955,
            256359754.6668434,
            249350194.31638417,
            254132251.83197448,
            246024561.38457447,
            252776352.38918346,
            255023849.6193434,
            256692114.07921487,
            254324801.8881614,
            249681702.1383378,
            248582488.42291927,
            244734582.96786287,
            268611637.7444601,
            238446781.4256117,
            266001723.30067447,
            245369965.14590746,
            248768605.40088966,
            255341510.07880723,
            257211726.55875045,
            251393182.96805167,
            255406250.16098082,
            263037780.32542494,
            255200682.3987054,
            248920284.65503117,
            259811461.7730094,
            255743757.26834455,
            256431599.79932517,
            248776516.11203983,
            264594862.1550306,
            257165569.36946592,
            258997948.55249602,
            262615163.6194706,
            241719226.8564057,
            245249737.46187943,
            241343125.38420302,
            251873931.63613993,
            250160634.0234012,
            254397437.83081782,
            248715408.22428092,
            257330116.03644082,
            247554324.4413229,
            251482312.3758199,
            249863300.8034249,
            257961550.1247105,
            258410506.40936503,
            246692477.54399428,
            252013814.0617459
        ],
        "R0h0R1h0": [
            257549263.91003892,
            255092531.00068626,
            249042093.10748053,
            260915302.66383395,
            254870558.35752016,
            252130111.87517223,
            256446025.64877915,
            247663230.24304008,
            251446405.5028358,
            257521098.30515778,
            254513899.951199,
            254363640.73909384,
            253156637.57531068,
            247893671.34623387,
            249112976.13411567,
            267817863.0800931,
            242155347.4228627,
            267953572.23879978,
            249462976.39882177,
            247638558.69588774,
            254723126.58536926,
            256862901.94232637,
            248156867.53372598,
            258002847.25334075,
            266951784.35757574,
            253893975.39766985,
            250103382.0791736,
            261524289.62756518,
            255450263.76346767,
            257471495.63637614,
            248760427.43050894,
            263145509.0316359,
            253473347.43360358,
            260747852.26074895,
            260658461.22779012,
            242485581.81634077,
            250035897.35784987,
            242266494.05213532,
            249738546.0196436,
            250766308.65620643,
            253189663.77750105,
            248331340.44817498,
            257197218.66722083,
            248247047.50831354,
            250834003.40211934,
            252406415.8969697,
            257167255.31802958,
            257014561.8151672,
            248250352.0277203,
            251503807.04479688
        ]
    },
    "EndToEndStd": {
        "R0h1R1h1": [
            89458525.61270744,
            92705559.81779046,
            88282177.50849056,
            92122171.52370298,
            88777996.89528862,
            86174945.8916445,
            91362830.49363773,
            85881627.74427961,
            89826544.8409506,
            85757087.94637363,
            90146386.69674064,
            90836530.73247248,
            89658552.23814681,
            87184194.46936777,
            80078778.53046985,
            93591232.67357403,
            84114150.19456165,
            90696639.212694,
            88742521.74331133,
            89291333.89562255,
            92105242.80413115,
            91670771.58516403,
            87955051.36481541,
            90322473.30038813,
            91121128.28517231,
            91508658.41128463,
            87299311.56059836,
            92415369.17729273,
            93064235.29931436,
            92859103.5439603,
            88385646.12565845,
            91293291.1430327,
            91958323.52510247,
            92154266.56649444,
            94656946.4374844,
            86316081.9007383,
            87864286.79985794,
            86004887.73248535,
            90196663.2204879,
            88256963.1069163,
            90603961.53484346,
            91712786.37154546,
            91916750.7343602,
            89722676.15333065,
            93096301.26609768,
            90871143.09329276,
            93485888.01954657,
            90407269.23885861,
            87315879.05791372,
            88798814.35616131
        ],
        "R0h0R1h0": [
            89902627.25837435,
            93569316.00280365,
            89371460.63014932,
            94598310.64424181,
            86298020.82802393,
            88104968.76626779,
            91539999.83706927,
            87684177.38212161,
            86978887.61250651,
            86349020.19347094,
            86980236.1002932,
            90437056.37994374,
            90880937.69207443,
            85225394.02156457,
            83676413.4175664,
            91042925.05598839,
            88702016.38012312,
            91982237.87137385,
            92080719.31185298,
            86690206.4541379,
            90319238.4067786,
            90675895.35459249,
            85894844.72840106,
            90129909.97987574,
            93750446.3910535,
            90994679.07105625,
            86600695.42852564,
            92224542.68984911,
            92016180.13183345,
            93675296.06042692,
            86412638.88888144,
            89235035.43473238,
            89260028.71501188,
            93557290.36326072,
            91239715.7011849,
            86764051.12688641,
            92653682.39880629,
            85213446.47439355,
            87617481.58773677,
            88735842.49004598,
            87913721.15119794,
            92174206.132291,
            90225121.66373838,
            89685019.5039197,
            92273175.78828724,
            91647534.65790024,
            92662791.74191907,
            87730515.1605672,
            88510459.00035289,
            86859278.80730316
        ]
    },