{
    "Overall": {
        "samples": {
            "DominantAssumption": {
                "R0h1R1h1": 44,
                "R0h0R1h0": 0
            },
            "General": {
                "R0h1R1h1": 50,
                "R0h0R1h0": 50
            },
            "RelaxedDominantAssumption": {
                "R0h1R1h1": 37,
                "R0h0R1h0": 0
            },
            "Basic": {
                "R0h1R1h1": 0,
                "R0h0R1h0": 0
            },
            "Basic_timeAvg": {
                "R0h1R1h1": 39,
                "R0h0R1h0": 0
            }
        }
    },
    "PerTrafficStream": {},
    "ANOVA": {
        "samples": 42,
        "groundtruth": 8
    },
    "Kruskal": {
        "samples": 46,
        "groundtruth": 38
    },
    "EndToEndMean": {
        "R0h1R1h1": [
            249793240.39450353,
            259085163.08446187,
            255579749.26918307,
            249511478.41038823,
            253935586.37908846,
            241719278.4678104,
            260512434.36378092,
            249953630.5280241,
            254702413.05536824,
            255330107.48862424,
            247392114.40765926,
            248158499.339799,
            243630064.2916225,
            267682303.76405498,
            246854265.9582445,
            246909371.0199461,
            253100972.78902656,
            248467070.50732142,
            255739421.56445557,
            265893347.95232144,
            253480439.57310566,
            247855031.59528908,
            251929456.09099084,
            247021949.08867082,
            252178925.8785261,
            247985476.44094068,
            266507032.230106,
            244121984.6407767,
            250759878.74043232,
            254274519.2347468,
            256980741.75720897,
            253704983.38087693,
            263444934.7889182,
            252209093.71342006,
            257742103.98818898,
            246143467.13103694,
            254713230.53120592,
            248849149.53790295,
            254894650.72196057,
            252532203.31696585,
            246045045.84303573,
            242986075.92537314,
            262442401.2273786,
            244937624.67643905,
            244349254.6439612,
            250624460.20981747,
            263929843.2267968,
            255577417.15522704,
            249997039.95220327,
            245839092.47138047
        ],
        "R0h0R1h0": [
            251211373.5616852,
            262714673.28601223,
            257844100.7381084,
            250620372.10541707,
            255787693.71536,
            241838998.593785,
            262356311.2720588,
            249712976.04757917,
            258172645.2032509,
            258054418.25280353,
            249776850.02634498,
            248948625.21682218,
            247255041.39390597,
            267272366.69296908,
            247522198.58151424,
            250692631.238062,
            252432753.96328744,
            250714506.3847651,
            254081265.15753898,
            274981816.8878427,
            258415174.90283346,
            247982727.52334765,
            255352639.74522915,
            247178992.80462795,
            252184696.97981498,
            252783395.27325663,
            263945845.31914595,
            244840538.52304527,
            250933157.13205716,
            255343782.15245008,
            258868248.93432173,
            252530257.89600664,
            264424999.8370607,
            252440983.2464128,
            263562350.46599668,
            248539017.81316873,
            254394325.3158476,
            247428223.5966981,
            253132266.4890866,
            253095899.23182386,
            248310013.2877767,
            246712789.78001934,
            264523331.04800335,
            248166756.66652834,
            247864923.10561645,
            251486015.12458563,
            266277757.53020602,
            256940457.48310998,
            251149547.2426872,
            245106749.91996664
        ]
    },
    "EndToEndStd": {
        "R0h1R1h1": [
            89581853.38442844,
            91335111.67576155,
            89252302.49599265,
            88450775.15264681,
            93674624.48889948,
            85780183.98280457,
            90406911.6419004,
            88306441.86961657,
            88841133.72167397,
            89540798.07346101,
            89985936.48935422,
            86389216.09100257,
            87846705.5234725,
            88242801.87781858,
            91756782.32622984,
            90456734.13797012,
            87907420.04356584,
            89763733.23113641,
            91056876.49499369,
            94177026.6438207,
            90030275.89878915,
            89878417.59197399,
            92083057.6698211,
            87313325.85650499,
            89696254.8621976,
            87917126.41205457,
            89743400.84222722,
            88320529.92721805,
            86823836.36400491,
            89789086.19280036,
            87245262.3664486,
            90263165.6965946,
            89506691.01635243,
            92863345.443592,
            88126032.63539612,
            87930706.60701434,
            88698518.81859267,
            90437178.23626032,
            93139978.23407136,
            88001528.84931555,
            88017241.32111806,
            87184622.19327168,
            90157458.53304353,
            86889185.02977876,
            85426169.7467392,
            91528737.45274873,
            91257286.9843721,
            84527263.7736317,
            92914261.33046827,
            89558236.49541464
        ],
        "R0h0R1h0": [
            89304382.77020167,
            93065045.99311382,
            90580307.32805873,
            88294549.17473729,
            93977317.44584976,
            85862568.28238094,
            91334147.42133586,
            87446443.52817588,
            92559475.88257399,
            90196393.68146445,
            92580087.01834899,
            86922917.95510617,
            91536627.16336781,
            85276849.63721114,
            90474009.02814841,
            92735124.7941868,
            86541269.84623085,
            91988559.64029483,
            87711466.4789131,
            99388287.79571266,
            95323440.7871841,
            87276081.97931613,
            92937772.31681761,
            86031547.76137993,
            88463896.67094564,
            91247368.76243678,
            85665620.27772357,
            86982654.69456513,
            85766933.65535438,
            90097003.78315276,
            88375548.27928488,
            88682727.91749996,
            87592858.7180913,
            92464389.10372765,
            92558701.61331345,
            87477038.00847186,
            87126089.73026441,
            87788523.18175189,
            91143899.89951622,
            88230616.47058746,
            88220559.7169879,
            90063708.83237375,
            91591314.52750477,
            90016224.07056503,
            86177155.00935398,
            90983627.93358673,
            92264353.21761207,
            86143321.53242475,
            95625535.9480233,
            86591552.6369735
        ]
    },