{
    "MaxEpsilonIneqPackets": {
        "R0H0R2H0": {
            "A0": 1,
            "A1": 1
        },
        "R0H1R2H1": {
            "A0": 1,
            "A1": 1
        },
        "R0H2R2H2": {
            "A0": 1,
            "A1": 1
        },
        "R0H3R2H3": {
            "A0": 1,
            "A1": 1
        },
        "R0H4R2H4": {
            "A0": 1,
            "A1": 1
        },
        "R0H5R2H5": {
            "A0": 1,
            "A1": 1
        },
        "R1H0R3H0": {
            "A0": 1,
            "A1": 1
        },
        "R1H1R3H1": {
            "A0": 1,
            "A1": 1
        },
        "R1H2R3H2": {
            "A0": 1,
            "A1": 1
        },
        "R1H3R3H3": {
            "A0": 1,
            "A1": 1
        },
        "R1H4R3H4": {
            "A0": 1,
            "A1": 1
        },
        "R1H5R3H5": {
            "A0": 1,
            "A1": 1
        }
    },
    "DropRate": [
        0.006656924290118396
    ],
    "EndToEndSuccessProbPackets": {
        "R0H0R2H0": {
            "A0": [
                0.687331962675945
            ],
            "A1": [
                0.6707846660676849
            ]
        },
        "R0H1R2H1": {
            "A0": [
                0.6763255240443897
            ],
            "A1": [
                0.6341034655951783
            ]
        },
        "R0H2R2H2": {
            "A0": [
                0.6722166642846934
            ],
            "A1": [
                0.672069825436409
            ]
        },
        "R0H3R2H3": {
            "A0": [
                0.6713198906861659
            ],
            "A1": [
                0.6206396853327814
            ]
        },
        "R0H4R2H4": {
            "A0": [
                0.6682577565632458
            ],
            "A1": [
                0.6806591112436624
            ]
        },
        "R0H5R2H5": {
            "A0": [
                0.6752258678078935
            ],
            "A1": [
                0.6279563133495718
            ]
        },
        "R1H0R3H0": {
            "A0": [
                0.6791711600677861
            ],
            "A1": [
                0.6744912735309809
            ]
        },
        "R1H1R3H1": {
            "A0": [
                0.6094728337709554
            ],
            "A1": [
                0.6706909643128323
            ]
        },
        "R1H2R3H2": {
            "A0": [
                0.6645455259643334
            ],
            "A1": [
                0.6879570213400985
            ]
        },
        "R1H3R3H3": {
            "A0": [
                0.6368653421633554
            ],
            "A1": [
                0.6832122298763801
            ]
        },
        "R1H4R3H4": {
            "A0": [
                0.6629082708954681
            ],
            "A1": [
                0.6883221693164394
            ]
        },
        "R1H5R3H5": {
            "A0": [
                0.6483829026491142
            ],
            "A1": [
                0.647266970853897
            ]
        }
    },
    "maxEpsilon": {
        "R0H0R2H0": {
            "A0": [
                0.019274433070958823
            ],
            "A1": [
                0.019274433070958823
            ]
        },
        "R0H1R2H1": {
            "A0": [
                0.02090470674996733
            ],
            "A1": [
                0.02090470674996733
            ]
        },
        "R0H2R2H2": {
            "A0": [
                0.01927237913752533
            ],
            "A1": [
                0.01927237913752533
            ]
        },
        "R0H3R2H3": {
            "A0": [
                0.021166251426159247
            ],
            "A1": [
                0.021166251426159247
            ]
        },
        "R0H4R2H4": {
            "A0": [
                0.019458515814561858
            ],
            "A1": [
                0.019458515814561858
            ]
        },
        "R0H5R2H5": {
            "A0": [
                0.02159434489899129
            ],
            "A1": [
                0.02159434489899129
            ]
        },
        "R1H0R3H0": {
            "A0": [
                0.01890263682198614
            ],
            "A1": [
                0.01890263682198614
            ]
        },
        "R1H1R3H1": {
            "A0": [
                0.021468060464602444
            ],
            "A1": [
                0.021468060464602444
            ]
        },
        "R1H2R3H2": {
            "A0": [
                0.019151246141470138
            ],
            "A1": [
                0.019151246141470138
            ]
        },
        "R1H3R3H3": {
            "A0": [
                0.020626703774498725
            ],
            "A1": [
                0.020626703774498725
            ]
        },
        "R1H4R3H4": {
            "A0": [
                0.020033848503934082
            ],
            "A1": [
                0.020033848503934082
            ]
        },
        "R1H5R3H5": {
            "A0": [
                0.021483896451684765
            ],
            "A1": [
                0.021483896451684765
            ]
        }
    },
    "experiments": 1
}