{
    "MaxEpsilonIneqPackets": {
        "R0H0R2H0": {
            "A0": 1,
            "A1": 1
        },
        "R0H1R2H1": {
            "A0": 1,
            "A1": 1
        },
        "R0H2R2H2": {
            "A0": 1,
            "A1": 1
        },
        "R0H3R2H3": {
            "A0": 1,
            "A1": 1
        },
        "R0H4R2H4": {
            "A0": 1,
            "A1": 1
        },
        "R0H5R2H5": {
            "A0": 1,
            "A1": 1
        },
        "R1H0R3H0": {
            "A0": 1,
            "A1": 1
        },
        "R1H1R3H1": {
            "A0": 1,
            "A1": 1
        },
        "R1H2R3H2": {
            "A0": 1,
            "A1": 1
        },
        "R1H3R3H3": {
            "A0": 1,
            "A1": 1
        },
        "R1H4R3H4": {
            "A0": 1,
            "A1": 1
        },
        "R1H5R3H5": {
            "A0": 1,
            "A1": 1
        }
    },
    "DropRate": [
        3.0202756122635783e-05
    ],
    "EndToEndSuccessProbPackets": {
        "R0H0R2H0": {
            "A0": [
                0.6928279333123624
            ],
            "A1": [
                0.6826288968824941
            ]
        },
        "R0H1R2H1": {
            "A0": [
                0.6779389516774941
            ],
            "A1": [
                0.6441774491682071
            ]
        },
        "R0H2R2H2": {
            "A0": [
                0.676714660614228
            ],
            "A1": [
                0.6927131264117794
            ]
        },
        "R0H3R2H3": {
            "A0": [
                0.6676474915403854
            ],
            "A1": [
                0.6487126673532441
            ]
        },
        "R0H4R2H4": {
            "A0": [
                0.6730998332142006
            ],
            "A1": [
                0.6964058880669506
            ]
        },
        "R0H5R2H5": {
            "A0": [
                0.6795176146614756
            ],
            "A1": [
                0.6450253609051892
            ]
        },
        "R1H0R3H0": {
            "A0": [
                0.6974932510605476
            ],
            "A1": [
                0.6700649448723758
            ]
        },
        "R1H1R3H1": {
            "A0": [
                0.6368431730574153
            ],
            "A1": [
                0.6855071391580971
            ]
        },
        "R1H2R3H2": {
            "A0": [
                0.6835996502106686
            ],
            "A1": [
                0.6858841010401189
            ]
        },
        "R1H3R3H3": {
            "A0": [
                0.6530676537764826
            ],
            "A1": [
                0.6928909952606634
            ]
        },
        "R1H4R3H4": {
            "A0": [
                0.6806432662652372
            ],
            "A1": [
                0.6896164339592361
            ]
        },
        "R1H5R3H5": {
            "A0": [
                0.663615004455967
            ],
            "A1": [
                0.651192898095062
            ]
        }
    },
    "maxEpsilon": {
        "R0H0R2H0": {
            "A0": [
                0.01945035944820075
            ],
            "A1": [
                0.01945035944820075
            ]
        },
        "R0H1R2H1": {
            "A0": [
                0.02119116746424638
            ],
            "A1": [
                0.02119116746424638
            ]
        },
        "R0H2R2H2": {
            "A0": [
                0.018750110806422325
            ],
            "A1": [
                0.018750110806422325
            ]
        },
        "R0H3R2H3": {
            "A0": [
                0.02134763456544424
            ],
            "A1": [
                0.02134763456544424
            ]
        },
        "R0H4R2H4": {
            "A0": [
                0.01965908068950182
            ],
            "A1": [
                0.01965908068950182
            ]
        },
        "R0H5R2H5": {
            "A0": [
                0.02072011533475038
            ],
            "A1": [
                0.02072011533475038
            ]
        },
        "R1H0R3H0": {
            "A0": [
                0.019105634556697386
            ],
            "A1": [
                0.019105634556697386
            ]
        },
        "R1H1R3H1": {
            "A0": [
                0.02050922495589172
            ],
            "A1": [
                0.02050922495589172
            ]
        },
        "R1H2R3H2": {
            "A0": [
                0.019102153759539393
            ],
            "A1": [
                0.019102153759539393
            ]
        },
        "R1H3R3H3": {
            "A0": [
                0.020841839029912667
            ],
            "A1": [
                0.020841839029912667
            ]
        },
        "R1H4R3H4": {
            "A0": [
                0.019504175274558215
            ],
            "A1": [
                0.019504175274558215
            ]
        },
        "R1H5R3H5": {
            "A0": [
                0.02199441628569073
            ],
            "A1": [
                0.02199441628569073
            ]
        }
    },
    "experiments": 1
}