{
    "MaxEpsilonIneqPackets": {
        "R0H0R2H0": {
            "A0": 1,
            "A1": 1
        },
        "R0H1R2H1": {
            "A0": 1,
            "A1": 1
        },
        "R0H2R2H2": {
            "A0": 1,
            "A1": 1
        },
        "R0H3R2H3": {
            "A0": 1,
            "A1": 1
        },
        "R0H4R2H4": {
            "A0": 1,
            "A1": 1
        },
        "R0H5R2H5": {
            "A0": 1,
            "A1": 1
        },
        "R1H0R3H0": {
            "A0": 1,
            "A1": 1
        },
        "R1H1R3H1": {
            "A0": 1,
            "A1": 1
        },
        "R1H2R3H2": {
            "A0": 1,
            "A1": 1
        },
        "R1H3R3H3": {
            "A0": 1,
            "A1": 1
        },
        "R1H4R3H4": {
            "A0": 1,
            "A1": 1
        },
        "R1H5R3H5": {
            "A0": 1,
            "A1": 1
        }
    },
    "DropRate": [
        8.520450588795209e-05
    ],
    "EndToEndSuccessProbPackets": {
        "R0H0R2H0": {
            "A0": [
                0.6928650181130886
            ],
            "A1": [
                0.6757564437803512
            ]
        },
        "R0H1R2H1": {
            "A0": [
                0.6821917808219178
            ],
            "A1": [
                0.6388610554442218
            ]
        },
        "R0H2R2H2": {
            "A0": [
                0.677599886653443
            ],
            "A1": [
                0.6884367411873064
            ]
        },
        "R0H3R2H3": {
            "A0": [
                0.6645028031867808
            ],
            "A1": [
                0.6381816307597155
            ]
        },
        "R0H4R2H4": {
            "A0": [
                0.6730080394810156
            ],
            "A1": [
                0.6961684965269999
            ]
        },
        "R0H5R2H5": {
            "A0": [
                0.6728813559322033
            ],
            "A1": [
                0.6495367804260037
            ]
        },
        "R1H0R3H0": {
            "A0": [
                0.6989662089183768
            ],
            "A1": [
                0.6697519156361429
            ]
        },
        "R1H1R3H1": {
            "A0": [
                0.6466319125012777
            ],
            "A1": [
                0.6817170818505338
            ]
        },
        "R1H2R3H2": {
            "A0": [
                0.6849521095543418
            ],
            "A1": [
                0.6906933629959213
            ]
        },
        "R1H3R3H3": {
            "A0": [
                0.6530163960147486
            ],
            "A1": [
                0.6837275307473982
            ]
        },
        "R1H4R3H4": {
            "A0": [
                0.6821881645523209
            ],
            "A1": [
                0.694551282051282
            ]
        },
        "R1H5R3H5": {
            "A0": [
                0.6624857468643102
            ],
            "A1": [
                0.6527254343230076
            ]
        }
    },
    "maxEpsilon": {
        "R0H0R2H0": {
            "A0": [
                0.01958512268290142
            ],
            "A1": [
                0.01958512268290142
            ]
        },
        "R0H1R2H1": {
            "A0": [
                0.02097618465392975
            ],
            "A1": [
                0.02097618465392975
            ]
        },
        "R0H2R2H2": {
            "A0": [
                0.019134131115463353
            ],
            "A1": [
                0.019134131115463353
            ]
        },
        "R0H3R2H3": {
            "A0": [
                0.021422489744024137
            ],
            "A1": [
                0.021422489744024137
            ]
        },
        "R0H4R2H4": {
            "A0": [
                0.01946906097063531
            ],
            "A1": [
                0.01946906097063531
            ]
        },
        "R0H5R2H5": {
            "A0": [
                0.021467109364899775
            ],
            "A1": [
                0.021467109364899775
            ]
        },
        "R1H0R3H0": {
            "A0": [
                0.019359979899800837
            ],
            "A1": [
                0.019359979899800837
            ]
        },
        "R1H1R3H1": {
            "A0": [
                0.02044855652262809
            ],
            "A1": [
                0.02044855652262809
            ]
        },
        "R1H2R3H2": {
            "A0": [
                0.01835900308323531
            ],
            "A1": [
                0.01835900308323531
            ]
        },
        "R1H3R3H3": {
            "A0": [
                0.020390839740054074
            ],
            "A1": [
                0.020390839740054074
            ]
        },
        "R1H4R3H4": {
            "A0": [
                0.019414595843643388
            ],
            "A1": [
                0.019414595843643388
            ]
        },
        "R1H5R3H5": {
            "A0": [
                0.022072521404091175
            ],
            "A1": [
                0.022072521404091175
            ]
        }
    },
    "experiments": 1
}