{
    "Overall": {
        "samples": {
            "DominantAssumption": {
                "R0h1R1h1": 0,
                "R0h0R1h0": 0
            },
            "General": {
                "R0h1R1h1": 0,
                "R0h0R1h0": 0
            },
            "RelaxedDominantAssumption": {
                "R0h1R1h1": 0,
                "R0h0R1h0": 0
            }
        }
    },
    "PerTrafficStream": {},
    "ANOVA": {
        "samples": 1,
        "groundtruth": 0
    },
    "Kruskal": {
        "samples": 1,
        "groundtruth": 1
    },
    "EndToEndMean": {
        "R0h1R1h1": [
            26432856.949249532
        ],
        "R0h0R1h0": [
            26403930.233073696
        ]
    },
    "EndToEndStd": {
        "R0h1R1h1": [
            356087.1525919315
        ],
        "R0h0R1h0": [
            414764.66964727145
        ]
    },
    "EndToEndSkew": {
        "R0h1R1h1": [
            -0.5308448568343861
        ],
        "R0h0R1h0": [
            -2.6046377926583566
        ]
    },
    "DropRate": [
        0.001004189515777314
    ],
    "T0std": [
        6906623.760833911
    ],
    "T1std": {
        "R0h1R1h1": [
            4744761.561862304
        ],
        "R0h0R1h0": [
            4829117.049392293
        ]
    },
    "T0Ineq": {
        "R0h1R1h1": 0,
        "R0h0R1h0": 0
    },
    "T0IneqMaxEpsilon": {
        "R0h1R1h1": 0,
        "R0h0R1h0": 0
    },
    "T0IneqRemovedZeroes": {
        "R0h1R1h1": 0,
        "R0h0R1h0": 0
    },
    "T1Ineq": {
        "R0h1R1h1": 0,
        "R0h0R1h0": 0
    },
    "T1IneqMaxEpsilon": {
        "R0h1R1h1": 1,
        "R0h0R1h0": 1
    },
    "T1IneqRemovedZeroes": {
        "R0h1R1h1": 1,
        "R0h0R1h0": 0
    },
    "experiments": 1
}