{
    "Overall": {
        "samples": {
            "DominantAssumption": {
                "R0h1R1h1": 85,
                "R0h0R1h0": 66
            },
            "General": {
                "R0h1R1h1": 100,
                "R0h0R1h0": 100
            }
        }
    },
    "PerTrafficStream": {
        "samples": {
            "DominantAssumption": {
                "R0h1R1h1": 100,
                "R0h0R1h0": 100
            },
            "General": {
                "R0h1R1h1": 100,
                "R0h0R1h0": 100
            }
        }
    },
    "ANOVA": 100,
    "Kruskal": 100,
    "EndToEndMean": {
        "R0h1R1h1": [
            470710724.13518685,
            483107440.27956575,
            474677397.88606465,
            464835174.73619086,
            478148206.4289191,
            475953527.440367,
            474018977.8386108,
            472933814.9271591,
            459469061.8546199,
            481038147.6137984,
            458156911.9844428,
            447990179.3510543,
            464807499.30435336,
            470038102.2288417,
            480530989.36429477,
            462210595.3334182,
            473705393.94206774,
            465527215.5627551,
            471439759.02365726,
            461361793.50293595,
            475556611.3875016,
            461870041.1325149,
            468718568.0824729,
            471745215.6902937,
            472177256.35979646,
            455342396.05162525,
            460283304.0220494,
            470791029.27808917,
            479172887.15688777,
            465458148.81972444,
            474076132.87131745,
            480042799.5408853,
            457157953.6563815,
            471989552.76651365,
            484174536.0069222,
            479867546.0190488,
            480336977.98661226,
            456684192.59438515,
            464785415.8075549,
            468571004.91252863,
            458779799.0150433,
            469021327.9608618,
            461472217.293235,
            468301628.35487574,
            492466443.960367,
            484328555.2074244,
            477298940.7434151,
            461899782.60789543,
            469072987.18320805,
            464953105.02468824,
            481373172.0253406,
            459618444.10872054,
            463877292.1117504,
            458584071.9186816,
            467918448.1380673,
            468665890.55737287,
            485447488.77733827,
            460460565.27385205,
            467388287.5438417,
            459907056.38227075,
            471670242.2384351,
            484188449.92088807,
            472519589.2923057,
            485068671.39959276,
            475684947.2105799,
            472635951.002666,
            481845267.4868404,
            449690728.7331636,
            472044840.6744808,
            466884975.2653372,
            464733823.35080796,
            470684078.2859696,
            479966561.2908743,
            468709739.9230867,
            482712040.70661736,
            470866082.3179794,
            483073253.86757934,
            468977972.0767463,
            465333128.1720157,
            472532369.62598825,
            458284339.2091687,
            478740351.5079811,
            492212389.1769516,
            483186462.63563114,
            459871214.74789596,
            467476629.8202118,
            451035229.83579427,
            460315416.5299287,
            479944968.05287415,
            471104401.4712381,
            460848218.5599745,
            479402589.0315857,
            466292641.519654,
            467913703.6460267,
            457123068.2612245,
            473183798.7172256,
            469363861.5866142,
            443602039.72809476,
            464512541.61057323,
            450720898.9644264
        ],
        "R0h0R1h0": [
            569899192.3699679,
            555787039.8283001,
            576539758.1691009,
            586929002.7247506,
            569588297.4228873,
            576041141.1240734,
            585345531.4250603,
            578358929.1197166,
            577947161.5655015,
            559826896.6088899,
            570967897.8556205,
            581980289.4697717,
            567584624.1034245,
            571356619.0792124,
            579226650.8512896,
            573499841.8680667,
            582194513.2503154,
            589527098.1947308,
            579448278.52085,
            576879283.4072165,
            579609017.214425,
            579173858.1225165,
            580580587.6359578,
            594162043.1149215,
            584525685.2642198,
            582987011.4231827,
            581243228.4176868,
            575388583.1486874,
            575149990.0171252,
            587789633.6175121,
            571561713.8430921,
            566319192.3046418,
            568805388.9937351,
            577130149.5284963,
            561837998.326052,
            585761315.5289153,
            580500214.3516886,
            577192758.4192739,
            578615326.1746994,
            590454925.9254687,
            586940953.3979906,
            584680675.6772759,
            589257388.7611735,
            587900826.9948494,
            583285745.4123336,
            565277529.4527073,
            587136873.5616157,
            585197809.1445218,
            582580871.5336154,
            576953817.0806158,
            568128230.4039886,
            571925061.296377,
            575442510.3315423,
            585197531.318114,
            577308681.7172225,
            571624415.7960541,
            577930967.5116731,
            566721095.4034227,
            576266442.916619,
            569306615.7431937,
            572315911.8090659,
            578671440.8053553,
            583229816.0096275,
            580073304.5447173,
            596597566.5719037,
            581843074.2116989,
            589650462.7198448,
            578796858.3154233,
            565004698.2679977,
            576686120.6542602,
            573079803.6318431,
            570131366.0018257,
            584545651.9332192,
            571105106.8693467,
            584347964.0040147,
            577531805.7877923,
            580385080.2083906,
            564119032.3169448,
            565381280.8125356,
            579535069.3434957,
            588943088.3933486,
            586836160.4552948,
            578549312.8711593,
            572688600.4999429,
            585906645.725169,
            569271426.5062422,
            589239778.081628,
            570848447.1369361,
            581869124.7870233,
            587753578.343818,
            575676697.5143967,
            564749966.4621005,
            570705259.2697488,
            580548498.4399451,
            562673451.4760219,
            583652153.2164854,
            583687472.1070246,
            560139475.8270351,
            577907244.230136,
            562419126.4568057
        ]
    },