{
    "Overall": {
        "samples": {
            "DominantAssumption": {
                "R0h1R1h1": 0,
                "R0h0R1h0": 0
            },
            "General": {
                "R0h1R1h1": 1,
                "R0h0R1h0": 1
            },
            "RelaxedDominantAssumption": {
                "R0h1R1h1": 0,
                "R0h0R1h0": 0
            }
        }
    },
    "PerTrafficStream": {},
    "ANOVA": {
        "samples": 1,
        "groundtruth": 0
    },
    "Kruskal": {
        "samples": 1,
        "groundtruth": 0
    },
    "EndToEndMean": {
        "R0h1R1h1": [
            186501237.08934116
        ],
        "R0h0R1h0": [
            191062279.88528576
        ]
    },
    "EndToEndStd": {
        "R0h1R1h1": [
            80219240.36214146
        ],
        "R0h0R1h0": [
            86170676.56399235
        ]
    },
    "EndToEndSkew": {
        "R0h1R1h1": [
            1.2350673294859145
        ],
        "R0h0R1h0": [
            1.3118268239498163
        ]
    },
    "DropRate": [
        0.0
    ],
    "T0std": [
        74071023.50557409
    ],
    "T1std": {
        "R0h1R1h1": [
            1938284.8044255106
        ],
        "R0h0R1h0": [
            14859468.26104808
        ]
    },
    "T0Ineq": {
        "R0h1R1h1": 0,
        "R0h0R1h0": 0
    },
    "T0IneqMaxEpsilon": {
        "R0h1R1h1": 1,
        "R0h0R1h0": 1
    },
    "T0IneqRemovedZeroes": {
        "R0h1R1h1": 0,
        "R0h0R1h0": 0
    },
    "T1Ineq": {
        "R0h1R1h1": 0,
        "R0h0R1h0": 0
    },
    "T1IneqMaxEpsilon": {
        "R0h1R1h1": 0,
        "R0h0R1h0": 0
    },
    "T1IneqRemovedZeroes": {
        "R0h1R1h1": 0,
        "R0h0R1h0": 0
    },
    "experiments": 1
}