{
    "Overall": {
        "samples": {
            "DominantAssumption": {
                "R0h1R1h1": 5,
                "R0h0R1h0": 0
            },
            "General": {
                "R0h1R1h1": 50,
                "R0h0R1h0": 50
            },
            "RelaxedDominantAssumption": {
                "R0h1R1h1": 2,
                "R0h0R1h0": 0
            },
            "Basic": {
                "R0h1R1h1": 0,
                "R0h0R1h0": 8
            },
            "Basic_timeAvg": {
                "R0h1R1h1": 3,
                "R0h0R1h0": 0
            }
        }
    },
    "PerTrafficStream": {},
    "ANOVA": {
        "samples": 45,
        "groundtruth": 0
    },
    "Kruskal": {
        "samples": 49,
        "groundtruth": 3
    },
    "EndToEndMean": {
        "R0h1R1h1": [
            194428770.54454267,
            187971326.32459298,
            190117348.2752925,
            190074608.55217987,
            186602136.858375,
            187519574.39820722,
            192242397.9371898,
            192266959.1038693,
            183492235.86779428,
            178593781.8349097,
            191630528.5854833,
            200550752.94234422,
            194763896.41172427,
            191405932.65031946,
            203329655.8799656,
            192910860.30622008,
            187376563.19430628,
            187267674.31255367,
            199904154.17361704,
            186511277.00412017,
            193992406.9465425,
            185028323.15458938,
            193452486.0862752,
            190084471.9927711,
            193505743.35918507,
            182753776.43826628,
            182668593.02297065,
            199813436.98626372,
            199180614.02789736,
            180633910.53223026,
            193042827.42291203,
            195920270.22703907,
            202383555.01561427,
            190778193.01329017,
            196902026.88359788,
            189338260.11734432,
            194844046.5024022,
            194547820.23537484,
            200767556.46647128,
            200900269.04512572,
            202593999.7164764,
            191843207.85559753,
            196024527.2460724,
            183906838.42079037,
            190451733.44393003,
            196057992.17932922,
            195789316.49948823,
            187864270.8530584,
            193476216.54903647,
            183452710.16945067
        ],
        "R0h0R1h0": [
            200967679.3123817,
            193590127.95893002,
            194709770.97344655,
            194181291.38670817,
            197958385.6677902,
            191719187.79262173,
            197474272.20607698,
            193565222.37380406,
            191801779.85393718,
            187589676.11046433,
            205274259.97338197,
            211169614.79075393,
            197096742.57540917,
            196908812.53348666,
            207467807.9356375,
            203924017.18971583,
            193280374.74123222,
            194544914.80388978,
            201577806.606449,
            191758816.82842872,
            202224685.33351365,
            189856268.2083277,
            196841588.57110155,
            194074591.3398808,
            200688843.53981107,
            190991931.594046,
            190215531.33292797,
            204014068.1928687,
            205797509.067573,
            189075827.6793449,
            201966710.60167205,
            200934769.66554144,
            206348540.14434242,
            195022661.33216405,
            202137024.4044853,
            196673758.95085296,
            201122287.03939885,
            203697159.32024822,
            204983019.98308524,
            209111225.67563912,
            205360172.02002436,
            201034339.26835203,
            202159925.44026846,
            192481005.88217768,
            194762411.64181325,
            201116838.28074685,
            201987844.95078632,
            194106691.87229174,
            199515546.0400864,
            190226970.13805667
        ]
    },
    "EndToEndStd": {
        "R0h1R1h1": [
            82526803.65049548,
            82254933.58579487,
            85594274.7489175,
            86148414.95799814,
            81515642.06939834,
            85793657.28747359,
            86812984.4351734,
            85132492.33748434,
            77534632.41015232,
            75746595.7951114,
            81614973.74903968,
            86014463.98318782,
            86294425.5760795,
            82348805.59599373,
            88229330.12618822,
            85935793.64272873,
            83050019.69299127,
            80271039.44400887,
            87123315.49311301,
            80065438.4976537,
            83066055.69409871,
            82185725.99678849,
            85169619.70863377,
            85321927.90727265,
            84048883.42882177,
            78590702.00784655,
            80713351.25570863,
            87077629.70313914,
            85999304.49217735,
            78103297.1329303,
            80804532.14866418,
            85818926.01644988,
            89485858.09913473,
            80252500.99828415,
            85074773.39883658,
            83560810.44370708,
            82544288.3150569,
            82920077.38596816,
            89895309.59892388,
            88442746.89900558,
            88546247.95619076,
            80120740.91399913,
            85880714.74907655,
            77910040.64474559,
            83687215.87213235,
            86277075.11365417,
            87950512.33331068,
            82645785.32206918,
            88658938.24578054,
            81852942.86615963
        ],
        "R0h0R1h0": [
            91404302.88813539,
            89367156.09012535,
            91036729.27108838,
            90626774.95221858,
            94441376.77064183,
            89674164.01047629,
            91016208.90598021,
            85538429.48970535,
            87038689.56516302,
            85383411.99629392,
            96122137.64645939,
            95729105.67060493,
            90081541.35565002,
            89393291.68736602,
            93740103.17212623,
            98273280.67709668,
            90420563.33558767,
            90101234.20776723,
            89378866.96990794,
            86906079.96192701,
            93022142.7159804,
            88523914.61850287,
            87926965.70641157,
            90482948.7682504,
            91961719.85070279,
            88874984.38183376,
            90121273.12705982,
            93695481.68095711,
            93075886.81079008,
            88190521.45116761,
            92349896.33712365,
            92749222.68203562,
            92713239.83129454,
            85583736.38288522,
            91343695.78286211,
            91827484.38234502,
            91812252.7189428,
            94116530.35845599,
            93547249.96807967,
            97694921.62241602,
            92437700.88265032,
            91727083.73039281,
            90754824.29369019,
            88564503.80070461,
            88490045.7946242,
            91777243.49175689,
            92818395.65401585,
            89332124.55472621,
            95068287.55924977,
            89231648.47279514
        ]
    },