{
    "Overall": {
        "samples": {
            "DominantAssumption": {
                "R0h1R1h1": 6,
                "R0h0R1h0": 0
            },
            "General": {
                "R0h1R1h1": 50,
                "R0h0R1h0": 50
            },
            "RelaxedDominantAssumption": {
                "R0h1R1h1": 0,
                "R0h0R1h0": 0
            },
            "Basic": {
                "R0h1R1h1": 0,
                "R0h0R1h0": 13
            },
            "Basic_timeAvg": {
                "R0h1R1h1": 0,
                "R0h0R1h0": 0
            }
        }
    },
    "PerTrafficStream": {},
    "ANOVA": {
        "samples": 46,
        "groundtruth": 0
    },
    "Kruskal": {
        "samples": 47,
        "groundtruth": 3
    },
    "EndToEndMean": {
        "R0h1R1h1": [
            195887752.3490176,
            189377593.00548884,
            187880821.85591027,
            195340349.31610474,
            182438889.5626078,
            195863723.6875215,
            189883055.1033596,
            185248713.49285838,
            191993776.50879613,
            189785249.98938718,
            191179342.4733942,
            183415626.2008606,
            195743081.3783182,
            203561214.14258975,
            189145086.12653202,
            184944628.71648237,
            196112088.99051723,
            202293887.9276902,
            191445209.68311065,
            191100463.40191552,
            195912906.4590386,
            194610434.5267596,
            193623439.9770587,
            202798094.3542448,
            190930957.11437908,
            195999913.8887174,
            192863119.35517243,
            182705963.8079096,
            194321374.62955326,
            190412892.7457423,
            191116275.38368893,
            188750509.3041709,
            194784441.11560893,
            183414476.0266436,
            182857382.1506991,
            183123104.91493025,
            194668209.73071626,
            198809909.9102146,
            188838301.3265901,
            199096864.10890412,
            191657634.94356775,
            189636335.85625967,
            191130877.1518792,
            197949320.2199078,
            192218688.82639247,
            191195413.21357217,
            193258652.67368057,
            181015122.42723978,
            188274671.92260274,
            186820621.35906672
        ],
        "R0h0R1h0": [
            199775241.61180294,
            194992730.89400297,
            190744138.89440992,
            207345354.21574187,
            191155130.75959978,
            203259642.17718282,
            194485221.0298568,
            188320330.16041046,
            198874781.69698602,
            192916025.97553393,
            196505734.37178445,
            189713856.70425963,
            198155562.1136578,
            202669086.7340209,
            196523290.60253644,
            193479312.7973592,
            205475582.3472222,
            206436661.79121175,
            196477768.82954547,
            202386835.35515022,
            198832338.1164865,
            203952779.05367768,
            198526272.60714287,
            204599574.58843264,
            197641434.18566424,
            198689436.06529397,
            199828189.79975793,
            190779275.12434113,
            201348715.59013283,
            195120670.82821587,
            195537147.06656724,
            191595089.66205776,
            201709581.42734006,
            190562257.3631202,
            191214792.7093636,
            192542836.6927027,
            206671693.94247907,
            201548628.49456817,
            195858291.34399784,
            206017824.2330058,
            198087192.34957483,
            193127554.399701,
            198944886.74163067,
            201864311.43274853,
            195809885.76279196,
            194145401.58417168,
            198212777.4746131,
            190104340.86227384,
            191942917.73083708,
            195142858.3111827
        ]
    },
    "EndToEndStd": {
        "R0h1R1h1": [
            84681243.36406103,
            81599246.93061014,
            83566255.4378293,
            83110919.62069155,
            79134018.01778917,
            83529838.66242257,
            86415726.11202043,
            81770849.54992351,
            82654585.97365889,
            83375963.53167532,
            82984475.13212188,
            82854189.30723017,
            86207507.72602835,
            92235113.00744256,
            82929775.13366055,
            79324752.03188027,
            88208173.30676614,
            86887895.52971898,
            84584021.1489831,
            78702425.0286249,
            88031335.66757874,
            85246335.41136515,
            88240977.88791943,
            88684918.48519729,
            81371376.25718537,
            89012097.23637894,
            85724339.25964502,
            83651455.79746006,
            81416485.49395281,
            84123154.9589069,
            84036780.35277,
            82945806.52519722,
            83549792.58127522,
            78982412.73114046,
            80995510.13605474,
            81687631.53189653,
            85082946.6790603,
            87369536.08146589,
            83103842.51279251,
            85385162.8474479,
            84129290.94796705,
            82783798.6670944,
            82014640.10170777,
            85562805.85116886,
            83418540.47195327,
            86430014.705364,
            84228252.3543553,
            79677741.1728021,
            85470262.12176116,
            81755899.01273502
        ],
        "R0h0R1h0": [
            90346466.4877971,
            89114142.12169121,
            86058144.1033781,
            97314421.772597,
            89675794.21502358,
            91910731.47861245,
            91129361.9389002,
            85092174.1647958,
            90788372.11464463,
            86527153.10763848,
            90461146.56702703,
            90162656.39227012,
            89370474.40432362,
            91583646.11734553,
            92757051.75575149,
            88659667.17740919,
            97734646.74731979,
            91780673.97435257,
            91128724.30257377,
            91421822.2395574,
            91990675.60066035,
            94016647.06358936,
            93011054.66725983,
            88600883.58121186,
            89267307.95587887,
            92742304.59765819,
            92838675.3567421,
            92878652.29388277,
            90448917.29948825,
            89706504.95422447,
            90561920.45888785,
            86667896.05429263,
            91615539.13644107,
            88087262.2920882,
            90289992.26087247,
            91774378.19207834,
            96055623.71740767,
            91632737.55919036,
            90403521.65853024,
            94181739.71831463,
            91902174.68357103,
            87342692.46151617,
            91407621.11775823,
            90453715.32129611,
            87056216.87653303,
            89678136.51855955,
            90789658.46094435,
            89916753.8212802,
            88958374.55787571,
            92152970.31663159
        ]
    },