{
    "Overall": {
        "samples": {
            "DominantAssumption": {
                "R0h1R1h1": 4,
                "R0h0R1h0": 0
            },
            "General": {
                "R0h1R1h1": 50,
                "R0h0R1h0": 50
            },
            "RelaxedDominantAssumption": {
                "R0h1R1h1": 1,
                "R0h0R1h0": 0
            },
            "Basic": {
                "R0h1R1h1": 0,
                "R0h0R1h0": 11
            },
            "Basic_timeAvg": {
                "R0h1R1h1": 1,
                "R0h0R1h0": 0
            }
        }
    },
    "PerTrafficStream": {},
    "ANOVA": {
        "samples": 44,
        "groundtruth": 0
    },
    "Kruskal": {
        "samples": 47,
        "groundtruth": 4
    },
    "EndToEndMean": {
        "R0h1R1h1": [
            199266756.1797907,
            186580927.4189703,
            195309505.59803584,
            192311561.35848734,
            192445639.60590458,
            181008993.95165175,
            198330729.17433247,
            188222131.27838954,
            194137229.20363322,
            187398574.40792862,
            188696992.21532091,
            190262431.38012698,
            185679767.6969697,
            190787315.38575616,
            198295385.68806866,
            194736077.59449762,
            199268282.48190507,
            198406801.75610176,
            192200865.53469387,
            188540893.67739147,
            186549718.10830325,
            197285174.2250043,
            194373633.8381295,
            191808123.2648316,
            190598086.0777816,
            191553508.3467172,
            187615696.50163314,
            190574430.59325534,
            187575410.12382257,
            192146903.11635113,
            190416725.51953393,
            189207229.8443299,
            191660518.1990424,
            191432227.96548778,
            196287263.27154803,
            192636379.7098392,
            192244361.87160408,
            185602090.47002935,
            204460274.06426734,
            192886610.11057693,
            199074947.60990235,
            193061324.1321342,
            189646078.71462587,
            194192171.84470347,
            185665151.70517242,
            186822722.40113577,
            193792053.30195138,
            182741492.31218755,
            192685686.98548746,
            208034037.7706703
        ],
        "R0h0R1h0": [
            204203823.6565153,
            189819978.19549796,
            203651778.24023098,
            196075654.02937213,
            197479280.1427415,
            191233183.0799352,
            198115028.25636193,
            193603521.04897463,
            199532349.3618421,
            192418134.3138587,
            196609706.5537902,
            193897404.45076114,
            190684130.40113452,
            192911784.7713902,
            201720695.3448229,
            203131813.86750236,
            201311318.60305035,
            201517176.2532345,
            190688244.2508139,
            198942278.2248713,
            189551879.6055518,
            201162261.781491,
            200333871.2509444,
            198915105.66509116,
            194103073.02072328,
            207674688.23088375,
            194620834.51304466,
            202120875.75990802,
            188647034.6699554,
            209292304.17176503,
            194135407.31244925,
            198170873.4118761,
            194829486.91885668,
            189854913.9488567,
            196546608.56978148,
            200333802.86851352,
            207348305.1082467,
            194585150.89844278,
            209197683.68051633,
            199455017.24190065,
            203655275.82718894,
            196496409.50074354,
            188700592.07419485,
            199631636.00081334,
            190906517.35928145,
            194676208.01934785,
            195358068.56251693,
            187084776.47195438,
            192229534.02353102,
            207602502.56146988
        ]
    },
    "EndToEndStd": {
        "R0h1R1h1": [
            86770293.84345007,
            82259777.74649407,
            84358822.84906398,
            84288118.12058441,
            86178392.8624667,
            75335134.3957271,
            92389565.5703867,
            83523584.50767593,
            84454920.8107402,
            80775613.0367532,
            79501813.39591792,
            84139669.22082312,
            79172471.8605891,
            88592377.14496407,
            87525981.82674582,
            83748366.13201946,
            90341388.12428607,
            90969709.65512867,
            85628043.80316077,
            80925408.50828142,
            83703932.966308,
            86524569.78101447,
            83670545.68199766,
            82483145.30485976,
            83646473.46643253,
            80875127.74877232,
            83561990.46440251,
            82564407.53635903,
            84561126.87671608,
            82435753.00262132,
            86407834.81515379,
            83380066.13687003,
            84186974.80825008,
            83752243.16069962,
            84716354.16338955,
            87376176.8077464,
            82088040.50414054,
            82922179.41132708,
            89435435.10196643,
            83765981.63795082,
            85526140.26912118,
            84783780.84581299,
            82574030.69427511,
            84007252.3825364,
            79387052.65584041,
            81723441.40291448,
            87183571.40306579,
            80232830.19417359,
            85539455.27074444,
            89595584.74167232
        ],
        "R0h0R1h0": [
            91845860.6588489,
            86737849.85643728,
            91005722.10580064,
            87535160.52635866,
            91020909.11241333,
            87163728.9197507,
            88960401.46828593,
            90695756.86566333,
            87636277.61996748,
            87242827.97328025,
            90412351.23947035,
            86985287.64129066,
            83709062.69822878,
            89807188.21092929,
            92429201.76535478,
            93006310.74835032,
            92362643.0438619,
            93204931.34523858,
            82758505.4650494,
            93405065.5743638,
            87204653.80690461,
            91920957.77903472,
            91079292.116413,
            91757414.13968205,
            89098780.91022716,
            98274387.2276225,
            91919789.53979446,
            95607017.26509157,
            84177662.01507927,
            98914399.9111016,
            89881542.1963521,
            93079490.03195287,
            88282642.09989768,
            82015682.81718948,
            84574434.46804838,
            94489836.93280394,
            98529893.78663509,
            93360504.19552526,
            94994898.42961226,
            91825398.41226289,
            92000046.64541622,
            88600469.42446926,
            82737063.16297503,
            90791430.76465593,
            86435571.2615948,
            90925474.39561512,
            89812619.78830566,
            85402237.30485696,
            84054607.26289296,
            88754773.83092535
        ]
    },