{
    "Overall": {
        "samples": {
            "DominantAssumption": {
                "R0h1R1h1": 0,
                "R0h0R1h0": 1
            },
            "General": {
                "R0h1R1h1": 10,
                "R0h0R1h0": 10
            },
            "RelaxedDominantAssumption": {
                "R0h1R1h1": 0,
                "R0h0R1h0": 0
            }
        }
    },
    "PerTrafficStream": {},
    "ANOVA": {
        "samples": 9,
        "groundtruth": 0
    },
    "Kruskal": {
        "samples": 9,
        "groundtruth": 1
    },
    "EndToEndMean": {
        "R0h1R1h1": [
            191000396.70205888,
            189923244.79004666,
            193363275.97731996,
            182040442.80427292,
            181777556.0545957,
            199316797.30633742,
            184342188.92708153,
            202692688.70888242,
            185927331.27003783,
            190780138.05893406
        ],
        "R0h0R1h0": [
            194773428.37552515,
            192932803.37192085,
            201663133.76800647,
            190106709.19742548,
            187686839.26900664,
            202003494.10817727,
            190630544.45186692,
            204574064.17868763,
            195513040.0558108,
            195056905.1949838
        ]
    },
    "EndToEndStd": {
        "R0h1R1h1": [
            83792769.57892315,
            82580313.24102923,
            83455900.24611239,
            79714970.48692475,
            79438018.48184003,
            88637509.14333041,
            82755194.92237948,
            89345410.36348085,
            80187868.66252974,
            85698936.88868468
        ],
        "R0h0R1h0": [
            88015419.96050435,
            85164555.38034658,
            93210505.71683823,
            89445087.21470352,
            85884482.2214096,
            91083595.29238495,
            90968291.7752166,
            92842825.82436538,
            91556429.53900458,
            90722822.65196094
        ]
    },
    "EndToEndSkew": {
        "R0h1R1h1": [
            1.1040125903194928,
            1.1881737013112827,
            1.0474550294321998,
            1.2375706446254644,
            1.2265909943599558,
            1.0299939125907573,
            1.1579258503283811,
            0.9394523358339987,
            1.273955598753787,
            1.0916461637058843
        ],
        "R0h0R1h0": [
            1.1585167469408941,
            1.2888870480029986,
            1.0935020364666392,
            1.2342727933788415,
            1.263750472438772,
            1.1290923494546223,
            1.2215763390064305,
            1.0768941928940283,
            1.2591861159384732,
            1.148423797094609
        ]
    },
    "DropRate": [
        0.0,
        0.0,
        0.0,
        0.0,
        0.0,
        0.0,
        0.0,
        0.0,
        0.0,
        0.0
    ],
    "T0std": [
        76034396.83079898,
        76366988.32632855,
        76822427.89858827,
        72885030.56983902,
        72964133.51658374,
        81147148.2932539,
        75783766.16196753,
        81437073.1339221,
        73913848.85046476,
        78404529.20466165
    ],
    "T1std": {
        "R0h1R1h1": [
            3344554.0824255953,
            1972107.4195578708,
            2002784.171387177,
            2087954.1602869458,
            1941255.4317280962,
            2679535.9996683076,
            2249613.9110605945,
            3047841.8971068044,
            1944990.0126708352,
            2401638.0136794294
        ],
        "R0h0R1h0": [
            15555853.863441348,
            11648382.235066574,
            19952017.489211548,
            20983047.495627314,
            17060665.88122413,
            13235301.837034093,
            18593166.378170434,
            15597735.334883228,
            20382661.978909962,
            16115129.751515783
        ]
    },
    "T0Ineq": {
        "R0h1R1h1": 5,
        "R0h0R1h0": 5
    },
    "T0IneqMaxEpsilon": {
        "R0h1R1h1": 10,
        "R0h0R1h0": 10
    },
    "T0IneqRemovedZeroes": {
        "R0h1R1h1": 5,
        "R0h0R1h0": 5
    },
    "T1Ineq": {
        "R0h1R1h1": 0,
        "R0h0R1h0": 0
    },
    "T1IneqMaxEpsilon": {
        "R0h1R1h1": 0,
        "R0h0R1h0": 0
    },
    "T1IneqRemovedZeroes": {
        "R0h1R1h1": 0,
        "R0h0R1h0": 0
    },
    "experiments": 10
}