{
    "Overall": {
        "samples": {
            "DominantAssumption": {
                "R0h1R1h1": 96,
                "R0h0R1h0": 40
            },
            "General": {
                "R0h1R1h1": 100,
                "R0h0R1h0": 100
            }
        }
    },
    "PerTrafficStream": {
        "samples": {
            "DominantAssumption": {
                "R0h1R1h1": 100,
                "R0h0R1h0": 100
            },
            "General": {
                "R0h1R1h1": 100,
                "R0h0R1h0": 100
            }
        }
    },
    "ANOVA": 22,
    "Kruskal": 22,
    "EndToEndMean": {
        "R0h1R1h1": 440714090.06469107,
        "R0h0R1h0": 558832390.558671
    },
    "EndToEndStd": {
        "R0h1R1h1": 462548290.90481234,
        "R0h0R1h0": 664183293.5519326
    },
    "EndToEndSkew": {
        "R0h1R1h1": 1.9039356681627162,
        "R0h0R1h0": 2.265304285789241
    },
    "experiments": 100
}