{
    "Overall": {
        "samples": {
            "DominantAssumption": {
                "R0h1R1h1": 7,
                "R0h0R1h0": 0
            },
            "General": {
                "R0h1R1h1": 50,
                "R0h0R1h0": 50
            },
            "RelaxedDominantAssumption": {
                "R0h1R1h1": 4,
                "R0h0R1h0": 0
            },
            "Basic": {
                "R0h1R1h1": 0,
                "R0h0R1h0": 6
            },
            "Basic_timeAvg": {
                "R0h1R1h1": 5,
                "R0h0R1h0": 0
            }
        }
    },
    "PerTrafficStream": {},
    "ANOVA": {
        "samples": 46,
        "groundtruth": 0
    },
    "Kruskal": {
        "samples": 48,
        "groundtruth": 5
    },
    "EndToEndMean": {
        "R0h1R1h1": [
            198348396.01890358,
            197411255.85125935,
            188786860.55793408,
            195161643.32082617,
            190712930.10614142,
            191783050.54612738,
            197414844.8763167,
            182572806.9379845,
            197174327.58033574,
            190754211.60020733,
            183170215.25163737,
            186150575.69509044,
            193464648.21314844,
            197356998.13954288,
            187769570.23426214,
            199041947.3947958,
            195241267.34686473,
            191594047.82270712,
            189077656.89119172,
            193054700.87409702,
            194272528.04090676,
            183863216.22735897,
            188554859.80967852,
            185922115.2854439,
            202111890.33816013,
            195302378.86790186,
            196015475.47009426,
            188571864.1128784,
            181997780.9914045,
            192139299.22168922,
            192502944.72649425,
            197434790.69627604,
            183674595.77006546,
            191252151.85108584,
            199536045.54513004,
            200200215.5196028,
            193252729.24219292,
            188382308.8964157,
            189345495.55923197,
            197864655.8263095,
            203355286.59028494,
            200061273.4240409,
            193738855.7777778,
            193137483.79558295,
            189889194.88717505,
            190388215.31074324,
            191277837.58606488,
            206711557.1890649,
            190375294.67587635,
            198851175.0808786
        ],
        "R0h0R1h0": [
            203811939.364277,
            201015564.70236155,
            190562468.17299864,
            199654298.35874256,
            198652088.26648685,
            197737196.967885,
            200079719.2186191,
            190277965.08104432,
            202877024.6140019,
            195812130.34735286,
            189261218.0628657,
            190126835.42874476,
            199058124.0095946,
            200321615.38347486,
            191754035.9233675,
            203566196.09457636,
            199357539.48427588,
            193106495.70591426,
            195865208.7413398,
            193835463.1651513,
            196628423.7302792,
            189849007.89873418,
            195596237.17917117,
            189044227.05303854,
            210697832.0591347,
            201419648.44256347,
            203120309.8258412,
            193840001.28770083,
            185740999.09618238,
            193921568.06037173,
            198513312.8328144,
            206516694.7632896,
            188739341.36249664,
            196007820.462632,
            199184578.6002167,
            202731314.08883765,
            198610459.02099597,
            193727077.36241883,
            194979692.82901832,
            203168841.96370968,
            207194301.74304616,
            205557978.44406962,
            200745425.28129622,
            193564937.0203999,
            200121345.53402507,
            192173263.57088488,
            202444850.15437695,
            210480537.72488615,
            196706156.035,
            205010681.08708507
        ]
    },
    "EndToEndStd": {
        "R0h1R1h1": [
            81471193.99847566,
            89120252.6599747,
            82186838.4216637,
            85618749.5485212,
            84624683.23756102,
            84772720.13569611,
            91342828.11511168,
            79997814.43495369,
            86182793.0076448,
            84880945.16830517,
            78738450.13627131,
            84049000.24466927,
            87604271.87469804,
            85863199.42712517,
            82300993.81479901,
            85439598.52247396,
            85058697.53418228,
            85853647.22294475,
            85325393.7948307,
            84156008.62169169,
            83182700.72695689,
            79056152.0427168,
            80707739.81284097,
            83738886.64683643,
            84484250.43987249,
            85760271.96925734,
            83742349.83575049,
            81603094.07259251,
            80101168.7607465,
            83368331.47513613,
            81990416.67402735,
            89468916.26968983,
            78267387.28257327,
            82213220.27873492,
            91265921.95090427,
            89252223.07232767,
            86562710.28970908,
            84910129.9283114,
            82981499.18983768,
            79974054.88879979,
            87207682.7369414,
            89805091.27008621,
            83063594.38473842,
            89122583.31109932,
            82018573.26630433,
            87142232.7571857,
            82723521.31683305,
            85097117.11802027,
            83614299.83619384,
            83201011.85523573
        ],
        "R0h0R1h0": [
            89016453.86298195,
            93415111.70753552,
            84332580.14179428,
            91084000.19838604,
            93718213.77454428,
            91397102.58470525,
            93946701.66126458,
            89038703.44365786,
            94274893.43942857,
            89982970.80496594,
            85967490.36072862,
            88475270.18605988,
            93572739.46700013,
            88780060.54621868,
            87417366.86590202,
            89933034.20705973,
            91156380.59605354,
            87678034.78597781,
            93211730.23411694,
            84743552.27410465,
            86196355.49336952,
            85674367.49447416,
            90089268.04031074,
            87847063.84017316,
            94621118.67910075,
            92327654.73627052,
            92114414.69486958,
            86244727.59544367,
            85148326.89960636,
            85407287.77044173,
            90110013.64038964,
            98303711.92007709,
            84211280.3887915,
            88540870.5383475,
            91701997.91630127,
            94680904.1396699,
            91537467.00325473,
            90662649.08157696,
            89019966.95461117,
            87539913.51114759,
            92252786.7538595,
            95784533.83454955,
            90583593.50825942,
            88426891.2754168,
            92739463.89275998,
            87726650.98098613,
            96821977.3016759,
            89181714.86129092,
            91221046.19875675,
            91272140.38192903
        ]
    },