{
    "Overall": {
        "samples": {
            "DominantAssumption": {
                "R0h1R1h1": 7,
                "R0h0R1h0": 0
            },
            "General": {
                "R0h1R1h1": 50,
                "R0h0R1h0": 50
            },
            "RelaxedDominantAssumption": {
                "R0h1R1h1": 1,
                "R0h0R1h0": 0
            },
            "Basic": {
                "R0h1R1h1": 0,
                "R0h0R1h0": 7
            },
            "Basic_timeAvg": {
                "R0h1R1h1": 1,
                "R0h0R1h0": 0
            }
        }
    },
    "PerTrafficStream": {},
    "ANOVA": {
        "samples": 45,
        "groundtruth": 0
    },
    "Kruskal": {
        "samples": 46,
        "groundtruth": 6
    },
    "EndToEndMean": {
        "R0h1R1h1": [
            202593066.64571825,
            200357206.9798635,
            196046692.83539096,
            194786066.692545,
            191731933.57569042,
            194192556.94413888,
            199072550.23648298,
            185547274.74567175,
            204511238.40443307,
            194532982.18058652,
            187073397.9862259,
            185862152.85426623,
            186078973.50276434,
            183176916.60253122,
            189360052.61382887,
            191650445.57788858,
            189534863.89856064,
            180982329.55953202,
            196528360.7425315,
            186898532.16810346,
            196420690.58841726,
            195741420.749658,
            184146506.7924042,
            190701189.5064644,
            184556473.38189316,
            182544567.59150103,
            189436887.08593616,
            184963648.17732456,
            183457682.90342087,
            196638122.2264772,
            195152389.91325217,
            187390350.48464048,
            182907336.95510834,
            191646861.49481866,
            185926985.4592721,
            195802416.56411138,
            202795757.1021533,
            193329358.11896995,
            196869690.18967897,
            200550691.83405134,
            201272084.47712973,
            185162219.51029512,
            190617790.8206447,
            194764870.97305185,
            182601848.72160855,
            191395679.57225433,
            195506328.65613192,
            182652576.01948613,
            191533758.37405887,
            194675375.14548266
        ],
        "R0h0R1h0": [
            208031476.37427533,
            205448826.69594595,
            203928142.81998116,
            196988189.79983816,
            194932720.46399567,
            202090845.59846237,
            202524282.01034668,
            194952608.3986459,
            208348044.58458444,
            203646107.09234935,
            194848117.6740369,
            190554382.3834505,
            189379085.04906067,
            187494207.61329716,
            197509196.60912538,
            198472128.0826692,
            193308572.42857143,
            190038477.60437483,
            203728977.849764,
            192178491.01427987,
            200045011.45529443,
            197068397.0851578,
            189976046.51849344,
            197987465.9439935,
            188869025.2079903,
            189563193.86091548,
            195246127.57326305,
            189813941.83630228,
            193850473.01663736,
            201006486.17464826,
            201368821.72637287,
            195854482.8786934,
            190381710.6521504,
            194589495.9712659,
            194879390.03752017,
            213571660.10427117,
            210175632.66864145,
            195220099.14251176,
            206225841.22571895,
            209289231.44159698,
            202378962.2871726,
            189221376.23963258,
            195787584.05258888,
            199424127.44110885,
            190638228.7986969,
            197145912.0621545,
            198615774.7960455,
            182801556.55301288,
            200352569.6482032,
            195889245.23303473
        ]
    },
    "EndToEndStd": {
        "R0h1R1h1": [
            87019364.34207697,
            88526847.99851054,
            81556988.5233314,
            89280065.14343809,
            82653432.7144588,
            84878593.6415309,
            87482455.00472248,
            81836404.97785717,
            86357649.25615937,
            83858000.15737522,
            82762397.97015609,
            82694701.87414432,
            81345464.56488927,
            80171277.75644612,
            81442148.91789162,
            82835759.3955563,
            82022310.49786311,
            77808673.79572943,
            83338728.34945895,
            80375191.32697086,
            86365217.68010546,
            85074193.5838156,
            79571400.23940232,
            82436286.7357597,
            83366619.45145874,
            79296381.82579438,
            78551614.90299647,
            84336149.71378185,
            81383725.73820357,
            83541516.62856169,
            87426212.24605928,
            85998864.99762608,
            84223792.80296735,
            83229517.97090179,
            83501310.86016881,
            85065742.99923453,
            84803576.86647885,
            80693482.14885381,
            89110014.81939656,
            86876443.37517357,
            88021407.6366472,
            82533743.88513571,
            83154658.95006463,
            85689954.05310294,
            77673963.74760169,
            85787857.79873164,
            81850567.53410833,
            84452052.92838201,
            83257545.86353728,
            87548231.77860196
        ],
        "R0h0R1h0": [
            92082893.1904147,
            94681223.40184821,
            89727128.8689004,
            91376030.97978413,
            86688999.46652694,
            94828196.21828932,
            89388937.14034921,
            91692046.31977753,
            90581515.62961134,
            95070895.81349124,
            92265259.054686,
            88278409.82661179,
            85485861.834793,
            86076492.70839766,
            92354999.4072646,
            89215884.59892179,
            87553831.5007581,
            88783588.14401908,
            91613481.87564735,
            87865509.63837932,
            91051761.26620297,
            85691603.68048,
            85892059.66808923,
            91962649.06767437,
            88776945.68568672,
            88526163.30045235,
            86149565.0674272,
            89420179.18445297,
            92541244.54436947,
            89023910.17198992,
            94714142.76196876,
            94429486.80872925,
            90730069.32450916,
            86400814.38894692,
            93826237.64662932,
            101086367.26453538,
            93301175.03382818,
            82693178.64798048,
            97654273.72166383,
            96372159.30667262,
            88675446.36076453,
            86577938.70424221,
            89838964.7053183,
            90565331.4657495,
            87500161.79087314,
            91621589.1551754,
            86288816.37406799,
            83599371.00124013,
            94779047.60764934,
            89632045.6644595
        ]
    },