{
    "MaxEpsilonIneqDelay": {
        "A0D0": {
            "A0": 30
        }
    },
    "MaxEpsilonIneqSuccessProb": {
        "E2E_eventAvg": {
            "A0D0": {
                "A0": 2
            }
        },
        "sentTime_est": {
            "A0D0": {
                "A0": 3
            }
        },
        "poisson_sentTime_est": {
            "0.5": {
                "A0D0": {
                    "A0": 3
                }
            }
        }
    },
    "EndToEndDelayMean": {
        "A0D0": {
            "A0": [
                1481517,
                1458820,
                1449267,
                1394152,
                1449079,
                1424953,
                1467100,
                1409608,
                1440119,
                1440640,
                1416416,
                1495817,
                1388014,
                1422284,
                1394657,
                1404878,
                1427825,
                1419246,
                1446126,
                1457330,
                1402817,
                1439287,
                1432821,
                1419939,
                1407976,
                1420680,
                1507789,
                1446820,
                1436612,
                1371493
            ]
        }
    },
    "EndToEndDelayStd": {
        "A0D0": {
            "A0": [
                58412103523,
                58715066806,
                75268372436,
                92671212983,
                72219413572,
                90532796756,
                62073658221,
                86341596219,
                77001154373,
                75717244049,
                85420120570,
                55678352632,
                87190622480,
                85979816405,
                95627223528,
                85323915712,
                78910942923,
                83030301714,
                70052639578,
                67291641861,
                87799997368,
                70356104009,
                64158415978,
                86596368600,
                93604506105,
                78158769176,
                55998396955,
                79513564279,
                79143843606,
                88955720218
            ]
        }
    },
    "EndToEndSuccessProb": {
        "E2E_eventAvg": {
            "A0D0": {
                "A0": [
                    0.9542525073319091,
                    0.9583921781640413,
                    0.9538623684832186,
                    0.9620055771629853,
                    0.9610789980732177,
                    0.9606054475566917,
                    0.9557623452863452,
                    0.9641304744858823,
                    0.9541144690802952,
                    0.955762324518446,
                    0.9562782294489611,
                    0.9582726478298864,
                    0.9599521817095039,
                    0.9578683589031711,
                    0.9615717844121151,
                    0.9587386114582768,
                    0.9616766250880011,
                    0.9598561904933967,
                    0.956357456655759,
                    0.9576457346186664,
                    0.9589801865869976,
                    0.9587879009012296,
                    0.9609090414831729,
                    0.9565367305458768,
                    0.9611454158090492,
                    0.9569486955254336,
                    0.9567208271787296,
                    0.9583731705523277,
                    0.9548285476337038,
                    0.9618452563156095
                ]
            }
        },
        "sentTime_est": {
            "A0D0": {
                "A0": [
                    0.9535018112995002,
                    0.9571110067073438,
                    0.9528220490301696,
                    0.9609028906288039,
                    0.9596055704772953,
                    0.9592497335175489,
                    0.9543988795648362,
                    0.9633762372619294,
                    0.952334522519289,
                    0.95419247123959,
                    0.9551562727803004,
                    0.9569175569156272,
                    0.9576204445764016,
                    0.9560915161999782,
                    0.9601898412659707,
                    0.9575714787433789,
                    0.9606287944299735,
                    0.95909051620009,
                    0.954839981848094,
                    0.9570870810703548,
                    0.957725657601824,
                    0.9576002821815759,
                    0.96002691623143,
                    0.9544396892279062,
                    0.9595202586388277,
                    0.9558098336841069,
                    0.9559814140003908,
                    0.9571591802894837,
                    0.953019548545963,
                    0.9608189116326119
                ]
            }
        },
        "poisson_sentTime_est": {
            "0.5": {
                "A0D0": {
                    "A0": [
                        0.9577755501066869,
                        0.9592441125721742,
                        0.9670051194174272,
                        0.9683060906101942,
                        0.9663799406416941,
                        0.9579155680540586,
                        0.9495891643784995,
                        0.9516111816940245,
                        0.9534134215104546,
                        0.9585153163474041,
                        0.9610099989701854,
                        0.9655311278353799,
                        0.9577056635077211,
                        0.9581871690666732,
                        0.9562326628829276,
                        0.9616532799842692,
                        0.9560131972318634,
                        0.9561263821356647,
                        0.9518072157132331,
                        0.9537456438680807,
                        0.9694412622182095,
                        0.9545392643020457,
                        0.9501457961471916,
                        0.9532061048840376,
                        0.9624525528570091,
                        0.9577954069124561,
                        0.9590541134922266,
                        0.9559920040700626,
                        0.9618170718786756,
                        0.9784030350646454
                    ]
                }
            }
        }
    },
    "DropRate": [
        0.045747492668090806,
        0.041607821835958715,
        0.04613763151678145,
        0.03799442283701475,
        0.03892100192678227,
        0.03939455244330826,
        0.04423765471365479,
        0.03586952551411769,
        0.045885530919704855,
        0.04423767548155403,
        0.04372177055103885,
        0.041727352170113606,
        0.04004781829049611,
        0.04213164109682886,
        0.038428215587884916,
        0.041261388541723266,
        0.038323374911998845,
        0.04014380950660331,
        0.043642543344240954,
        0.042354265381333626,
        0.04101981341300244,
        0.04121209909877039,
        0.039090958516827055,
        0.04346326945412311,
        0.03885458419095078,
        0.04305130447456639,
        0.04327917282127031,
        0.04162682944767228,
        0.04517145236629612,
        0.038154743684390584
    ],