{
    "MaxEpsilonIneqDelay": {
        "A0D0": {
            "A0": 29
        }
    },
    "MaxEpsilonIneqSuccessProb": {
        "E2E_eventAvg": {
            "A0D0": {
                "A0": 0
            }
        },
        "sentTime_est": {
            "A0D0": {
                "A0": 0
            }
        },
        "enqueueTime_est": {
            "A0D0": {
                "A0": 0
            }
        },
        "poisson_sentTime_est": {
            "0.5": {
                "A0D0": {
                    "A0": 0
                }
            }
        }
    },
    "EndToEndDelayMean": {
        "A0D0": {
            "A0": [
                34515,
                33848,
                29215,
                27793,
                29801,
                31063,
                34428,
                30845,
                31097,
                33802,
                30802,
                31178,
                24434,
                28067,
                29946,
                29139,
                29455,
                28200,
                30520,
                28840,
                29557,
                34078,
                30428,
                25486,
                28533,
                29819,
                26389,
                30177,
                27744,
                26350
            ]
        }
    },
    "EndToEndDelayStd": {
        "A0D0": {
            "A0": [
                1707150960,
                1721198661,
                1588389822,
                1612198650,
                1595915722,
                1634956367,
                1801009763,
                1716013271,
                1718035610,
                1727343636,
                1539935079,
                1761042929,
                1313245526,
                1545953993,
                1550191541,
                1572575120,
                1596218660,
                1531172806,
                1705836878,
                1709911026,
                1453474083,
                1735341406,
                1532575907,
                1308982595,
                1613297443,
                1593556680,
                1445804557,
                1658940742,
                1455899002,
                1512054454
            ]
        }
    },
    "EndToEndSuccessProb": {
        "E2E_eventAvg": {
            "A0D0": {
                "A0": [
                    0.9937996628942933,
                    0.9955129387178069,
                    0.9954120240719776,
                    0.995861898585634,
                    0.995873536015535,
                    0.9935812038270558,
                    0.9941698044455242,
                    0.9936870219740197,
                    0.9944434267570373,
                    0.9944728146590568,
                    0.9953966640760448,
                    0.9936952928934321,
                    0.9973966216625295,
                    0.9965695714973519,
                    0.9950566674704606,
                    0.9953720185119259,
                    0.9957099957099957,
                    0.9956294767512444,
                    0.9945345009626732,
                    0.9947509841904643,
                    0.9959611790945807,
                    0.9939133548156105,
                    0.9951870354575363,
                    0.9960312538757287,
                    0.9950756884917016,
                    0.9955319405868857,
                    0.9965275662503807,
                    0.9945453455613499,
                    0.9976129378767082,
                    0.995177633988524
                ]
            }
        },
        "sentTime_est": {
            "A0D0": {
                "A0": [
                    0.9933015036476889,
                    0.9950528683816188,
                    0.9950411606599033,
                    0.9954358389982229,
                    0.9951579372958371,
                    0.9934273591990054,
                    0.993705569691607,
                    0.993580750853043,
                    0.9946669133613949,
                    0.9939970969605632,
                    0.9955074018136252,
                    0.9935893129482242,
                    0.9972060540629111,
                    0.9958401371474741,
                    0.9944090758137277,
                    0.9950213611800764,
                    0.9952517802836325,
                    0.9953242796694983,
                    0.9941332508594241,
                    0.9944429704547941,
                    0.9958487509819058,
                    0.993571362493478,
                    0.9953728291437675,
                    0.9959192821880399,
                    0.9945034330759064,
                    0.995004069196664,
                    0.9964864787880209,
                    0.994577765995117,
                    0.9973193297077427,
                    0.9948221577724109
                ]
            }
        },
        "enqueueTime_est": {
            "A0D0": {
                "A0": [
                    0.99336225,
                    0.99534323,
                    0.99506941,
                    0.9954361,
                    0.99528626,
                    0.99342171,
                    0.99379117,
                    0.9936478,
                    0.99475176,
                    0.99434647,
                    0.99558017,
                    0.99360659,
                    0.99720619,
                    0.99642642,
                    0.99447966,
                    0.99503816,
                    0.99529146,
                    0.99532365,
                    0.99422591,
                    0.99456782,
                    0.99587083,
                    0.99354077,
                    0.99538168,
                    0.99613806,
                    0.99450964,
                    0.99526992,
                    0.99648665,
                    0.99457816,
                    0.99731916,
                    0.99502826
                ]
            }
        },
        "poisson_sentTime_est": {
            "0.5": {
                "A0D0": {
                    "A0": [
                        0.9946014445762504,
                        0.995866367667655,
                        0.9964041614780413,
                        0.9937087138888409,
                        0.9955275735363708,
                        0.9936347773471204,
                        0.992910420633252,
                        0.9940970647079904,
                        0.9945007657433294,
                        0.9947812702763021,
                        0.9950877003427692,
                        0.9936869281766245,
                        0.9969000339876253,
                        0.9962788101239098,
                        0.9954061381190002,
                        0.9946287722929636,
                        0.9946479374410224,
                        0.995996930984022,
                        0.9939369559276774,
                        0.994188706103572,
                        0.9945944761829083,
                        0.9948553481350869,
                        0.994618013640879,
                        0.9951938585707714,
                        0.995866916683482,
                        0.9947833543644914,
                        0.9955520879651784,
                        0.9957418142543432,
                        0.9977702565335169,
                        0.9964850405740225
                    ]
                }
            }
        }
    },