{
    "Overall": {
        "samples": {
            "DominantAssumption": {
                "R0h1R1h1": 50,
                "R0h0R1h0": 48
            },
            "General": {
                "R0h1R1h1": 50,
                "R0h0R1h0": 50
            },
            "RelaxedDominantAssumption": {
                "R0h1R1h1": 50,
                "R0h0R1h0": 48
            },
            "Basic": {
                "R0h1R1h1": 0,
                "R0h0R1h0": 0
            },
            "Basic_timeAvg": {
                "R0h1R1h1": 50,
                "R0h0R1h0": 49
            }
        }
    },
    "PerTrafficStream": {},
    "ANOVA": {
        "samples": 48,
        "groundtruth": 36
    },
    "Kruskal": {
        "samples": 48,
        "groundtruth": 32
    },
    "EndToEndMean": {
        "R0h1R1h1": [
            345441819.3812001,
            321602271.07029814,
            345416326.4447287,
            323520745.6846496,
            331717904.9352227,
            334529151.0108257,
            325698679.66709113,
            325195395.7554128,
            329102656.1891544,
            345581249.55856353,
            310888256.2822729,
            338867734.3723365,
            341175842.5736619,
            316786502.3507863,
            343767525.53119093,
            328848447.9153679,
            342848053.0672083,
            335640989.5053921,
            352199984.09247273,
            336883632.8493678,
            336472244.59312373,
            336608853.01748514,
            325029854.7790655,
            326031368.9180149,
            348933068.5237041,
            327444231.1965423,
            343643187.1770776,
            323401738.88380986,
            318863215.1381947,
            325009804.35761833,
            358383576.4581498,
            333171793.9415334,
            344011019.4693915,
            330267025.3210264,
            322992859.1243429,
            333631895.66985905,
            336876564.8078845,
            315615370.96899927,
            331035857.36877996,
            342618587.5589512,
            321290443.4663364,
            325914719.41541284,
            348785786.72754216,
            326873872.69451934,
            318234039.3232176,
            366971845.4367241,
            337170285.6176524,
            327503437.22529787,
            334084249.5312383,
            343718862.20040447
        ],
        "R0h0R1h0": [
            349042463.27059495,
            324340957.47874784,
            348327766.053745,
            331164738.2681306,
            331367206.9519803,
            336026491.1754361,
            326812751.8266299,
            328597192.2142042,
            329627864.9875326,
            346457919.8111858,
            312224212.6443174,
            337577978.6407566,
            340589787.6782316,
            318169494.4512599,
            346138196.8741422,
            330875535.1012585,
            342967209.75676864,
            335371012.8925072,
            354588227.7735261,
            337991002.11005694,
            338633558.0101288,
            336704715.6460049,
            326805012.71798205,
            328105051.5639217,
            348191945.11226124,
            327563103.4501723,
            345422933.0292662,
            322018438.22804224,
            323271038.1510251,
            326062083.71244884,
            360314087.31676036,
            334521722.0037763,
            343175906.2384705,
            332387863.49144864,
            322951659.3451865,
            334295760.7063879,
            336295412.45926565,
            316634699.8066378,
            331884913.55313313,
            342774292.5139665,
            323443347.9684074,
            327544133.65500724,
            350073841.85839945,
            329069809.7073383,
            316853965.8336705,
            368834192.1912436,
            336737619.54512477,
            326203113.0868871,
            338380613.4709193,
            343986219.82334155
        ]
    },
    "EndToEndStd": {
        "R0h1R1h1": [
            92067896.00360665,
            82830917.60399249,
            86558262.28968798,
            90934528.14528184,
            88648138.73607892,
            90580103.24726574,
            84730410.74789435,
            82518041.27912655,
            88894475.57298866,
            91291867.58236344,
            81121693.36294964,
            91498382.86512591,
            88816675.4373362,
            87548049.12068304,
            93993691.2836574,
            88457163.17162043,
            89927466.82007672,
            89937640.35428305,
            92102838.87105106,
            89926556.83528383,
            94204421.3813721,
            85368309.94453384,
            81935838.01443075,
            86577677.84280656,
            91457877.11517517,
            82421959.5151412,
            88403799.54689257,
            82082547.81690471,
            86504661.39092703,
            81964547.79727581,
            85286127.69140944,
            90464635.30634429,
            87737929.04187685,
            90237534.21630381,
            79160694.83787824,
            84024152.57766527,
            88909970.3561307,
            79218680.92558312,
            88633384.46533991,
            94256897.81567924,
            84723150.18485612,
            84596099.88085938,
            91076375.86350803,
            82936951.76319546,
            83548569.5913067,
            88204530.8990264,
            85015742.23981045,
            87711257.04364255,
            89412591.03053783,
            88244913.32860631
        ],
        "R0h0R1h0": [
            90658515.4975977,
            80995654.40178502,
            87282256.82389289,
            91890415.74524508,
            84772522.10891055,
            88360657.79758674,
            82506472.42258021,
            82060879.8903965,
            86267344.18730697,
            89977835.93121538,
            78769460.14268388,
            88437518.47227606,
            85504739.68645747,
            84007607.01863216,
            92012662.05359751,
            86623857.87939498,
            88164005.47543213,
            87197298.0033582,
            91876551.53424928,
            88441649.03893346,
            91515933.53980407,
            82591602.04641527,
            79729351.45978744,
            84789268.5207507,
            88944166.11917749,
            80209755.20459232,
            86420748.99052244,
            77464226.57041833,
            87542664.40643872,
            79296495.32159716,
            83928153.62553038,
            87689044.50726831,
            84630363.52262913,
            87603142.82315174,
            76111097.98219845,
            81953905.50300983,
            84949714.2255428,
            76625812.53571343,
            85148976.34220314,
            92131240.5461537,
            81911579.42385164,
            82911668.46028785,
            88378263.51936959,
            81047916.56481825,
            79900719.76476413,
            87720669.01805627,
            81152984.5488686,
            84717012.81551231,
            87537282.58813521,
            86228413.07258521
        ]
    },