{
    "Overall": {
        "samples": {
            "DominantAssumption": {
                "R0h1R1h1": 50,
                "R0h0R1h0": 50
            },
            "General": {
                "R0h1R1h1": 50,
                "R0h0R1h0": 50
            },
            "RelaxedDominantAssumption": {
                "R0h1R1h1": 50,
                "R0h0R1h0": 50
            },
            "Basic": {
                "R0h1R1h1": 0,
                "R0h0R1h0": 0
            },
            "Basic_timeAvg": {
                "R0h1R1h1": 50,
                "R0h0R1h0": 50
            }
        }
    },
    "PerTrafficStream": {},
    "ANOVA": {
        "samples": 44,
        "groundtruth": 41
    },
    "Kruskal": {
        "samples": 45,
        "groundtruth": 39
    },
    "EndToEndMean": {
        "R0h1R1h1": [
            334450230.8285819,
            334548408.6484736,
            324758391.492878,
            326932777.6908169,
            328144774.9311621,
            341638265.7035537,
            344241652.8076574,
            354647524.50137085,
            332395652.25883883,
            326433184.64,
            330057651.39822847,
            344144273.8608919,
            322302861.50550056,
            327711125.4179323,
            335936521.3630573,
            336250958.24677,
            347709549.76733124,
            333781079.70999086,
            334399298.63978004,
            332147938.75482446,
            331772052.09170943,
            322426598.5890134,
            338515969.5197835,
            319757139.48882735,
            339511022.5822832,
            345184724.4683221,
            322006761.4172414,
            333257877.27560073,
            319925677.66835904,
            334349036.53652716,
            332582109.74415654,
            332973722.50200367,
            327780397.29811597,
            326073546.5168269,
            336660418.29988974,
            335207825.69775915,
            341316519.3632188,
            338462020.88659227,
            340146720.68613005,
            322833660.1725141,
            335207877.8951011,
            338494984.57161194,
            340539291.22827905,
            331178327.7116451,
            321961593.73224145,
            351702083.2941284,
            340534224.3761167,
            335036408.0091525,
            351481275.36471903,
            342126738.5852294
        ],
        "R0h0R1h0": [
            335652922.68114483,
            337151038.60172415,
            326982239.09059435,
            331977634.7731634,
            330561255.0881842,
            342566239.2919781,
            344648893.43789047,
            355948005.2675306,
            335052122.8454414,
            329638833.70192444,
            331744377.6703725,
            343777362.22098345,
            327363386.64832157,
            331333365.22270113,
            339763768.5308588,
            336832200.5100495,
            349166624.69887024,
            337332157.832472,
            336214073.44139725,
            334601768.51980704,
            331215958.7994517,
            322382088.0325775,
            341194394.0081183,
            320011798.3703005,
            341689611.5640394,
            344209283.2786265,
            323132021.71633154,
            334957483.2768181,
            319266969.19373304,
            336187063.518577,
            332104289.23255134,
            336961132.5398597,
            332082981.50394267,
            326930322.5421898,
            335391600.8752031,
            336621556.7803085,
            341359466.5406371,
            341624548.2761151,
            339746678.86131066,
            323140239.62034345,
            333824387.21358097,
            340393955.54587156,
            344327629.44559956,
            334373768.2936973,
            323573146.6385106,
            352811895.8435964,
            339658568.82452095,
            333921062.8395627,
            352708453.7006204,
            342153967.68366605
        ]
    },
    "EndToEndStd": {
        "R0h1R1h1": [
            81881340.0605899,
            86627402.53872013,
            86103364.26609139,
            86338018.52651812,
            86948707.90401222,
            87204089.21155699,
            87486512.37546629,
            92770329.83199689,
            89154814.63474312,
            85246579.94872989,
            88224636.95267732,
            87245880.64200717,
            83192573.21270765,
            82005866.26817232,
            86809286.65817995,
            87489875.68574259,
            90522219.22845991,
            92350976.25290138,
            86861242.05897304,
            86766249.55588897,
            85517679.54632021,
            81938354.2725761,
            87820489.81869319,
            88215123.08522464,
            90215175.758059,
            94044406.7818098,
            85151852.77634488,
            85552020.39250012,
            76094150.54016517,
            90013282.45228454,
            88984863.11240867,
            87247908.61376476,
            79686040.12686096,
            87233778.90445586,
            87543691.69493473,
            86413934.79247688,
            97409218.36419427,
            85372520.5047455,
            94840975.73461285,
            83607362.10562228,
            84961128.27800298,
            90883480.69929034,
            83464746.95393302,
            84417071.48957077,
            86231921.55049092,
            92901846.29453693,
            86114661.79562615,
            88357285.93005222,
            89349615.71372925,
            92149625.76713516
        ],
        "R0h0R1h0": [
            79819863.03319609,
            84654854.15339282,
            83746536.31485102,
            87954057.05142453,
            85067272.24127115,
            84795870.80203925,
            85137755.4283365,
            91358048.12802942,
            86950540.38485932,
            83328063.075797,
            87124648.57250817,
            84354630.0555914,
            84233796.60331096,
            81496369.91929646,
            86876183.14433333,
            84284714.1755867,
            89125356.52185133,
            92608710.0864559,
            86529298.94960226,
            85333005.04406351,
            81835199.08628216,
            78344824.07331488,
            86141005.11258505,
            84339856.73566815,
            88706209.28571337,
            92026264.28893465,
            83415629.20766316,
            82533639.94869812,
            71990291.72649707,
            88304468.21390876,
            86221310.08799264,
            86786943.51818043,
            81047821.27620013,
            84405483.76815374,
            84860791.4050668,
            84982908.86053862,
            94834756.55604023,
            86220029.95523596,
            92209115.56608376,
            80712621.88246821,
            82021337.87896678,
            88165324.5033206,
            81499175.86566438,
            82852071.22288164,
            83866451.44935153,
            90519377.75208509,
            83032468.34178928,
            86480396.58594975,
            87773273.98840998,
            89162513.3295043
        ]
    },