{
    "Overall": {
        "samples": {
            "DominantAssumption": {
                "R0h1R1h1": 50,
                "R0h0R1h0": 50
            },
            "General": {
                "R0h1R1h1": 50,
                "R0h0R1h0": 50
            },
            "RelaxedDominantAssumption": {
                "R0h1R1h1": 50,
                "R0h0R1h0": 50
            },
            "Basic": {
                "R0h1R1h1": 0,
                "R0h0R1h0": 0
            },
            "Basic_timeAvg": {
                "R0h1R1h1": 50,
                "R0h0R1h0": 50
            }
        }
    },
    "PerTrafficStream": {},
    "ANOVA": {
        "samples": 43,
        "groundtruth": 39
    },
    "Kruskal": {
        "samples": 43,
        "groundtruth": 34
    },
    "EndToEndMean": {
        "R0h1R1h1": [
            347021589.0245444,
            340452161.17917806,
            335304192.86213917,
            340110401.18168604,
            322245008.28047884,
            310381151.5038405,
            323345811.0288111,
            337215022.57353485,
            321921234.97880507,
            347421934.43203527,
            360083855.52709633,
            332836203.5871003,
            338555930.6363972,
            343512347.56595033,
            335669489.2030364,
            338976851.97232336,
            330646673.7337147,
            340771009.26468444,
            330775137.00729793,
            328763652.965756,
            331166148.3114426,
            331898308.588257,
            340810553.5919233,
            340930509.6252312,
            337275147.9451754,
            330731441.5014593,
            336525309.51488745,
            331339379.4511988,
            325079806.77531993,
            354687684.9491617,
            335022759.25829595,
            324136762.4606515,
            328012940.0387311,
            333776430.7787095,
            331519608.4841328,
            325939966.88035285,
            326365355.5700695,
            342550122.57213473,
            334259150.5999627,
            347870267.5295616,
            332066597.63151115,
            325999302.77330863,
            346163116.759014,
            354135429.770562,
            316999136.50200367,
            336880476.8087751,
            346572192.1006873,
            332451377.96449596,
            326135306.8305363,
            335398033.67593753
        ],
        "R0h0R1h0": [
            347893635.08747804,
            342476418.24564433,
            336889807.70359236,
            339840281.5369458,
            323798188.710302,
            312682788.32847875,
            325397880.76183647,
            338698386.2625795,
            323119666.5410383,
            347468553.37590396,
            361615929.37875056,
            333085128.34223825,
            339905096.9598779,
            345839948.58268625,
            337348736.52728605,
            338850837.7538864,
            336620023.105203,
            339022056.12910765,
            330107252.580678,
            333615889.7672188,
            334212781.7556489,
            335763250.5440103,
            343649339.08175373,
            340493247.8276667,
            336739310.7765541,
            332475683.39979804,
            335044217.6989091,
            338014453.0264815,
            324614106.7028703,
            356076956.40870184,
            334095747.80017567,
            325465213.8809041,
            331296599.7307023,
            332799236.0657318,
            332875243.6264625,
            328080099.14694464,
            327110543.94150096,
            344492442.3983505,
            339012736.050845,
            349980947.1975979,
            333384915.92389894,
            327409614.0914072,
            344194724.3673137,
            356357445.2755427,
            316274024.126492,
            339897710.0999136,
            348152752.2883471,
            333889028.88081855,
            326235289.01248926,
            334435508.8380579
        ]
    },
    "EndToEndStd": {
        "R0h1R1h1": [
            84704754.97432724,
            91690955.81056748,
            90563592.43589905,
            85717394.2186453,
            86496157.08651341,
            86650302.02489367,
            82127355.04295158,
            90787906.06415617,
            84072192.94878739,
            92498860.46637486,
            92603024.60983792,
            84740817.91555957,
            90401617.98472734,
            94219577.01490359,
            87156553.96826261,
            84711365.10169333,
            89789158.89886071,
            89637882.1507899,
            83259491.46845397,
            90649180.7643879,
            87569199.25937207,
            89460819.67436971,
            85555782.95219958,
            89454438.73196696,
            88720926.12438783,
            91080213.01916023,
            80359375.72092581,
            86343361.45417173,
            79773860.60744618,
            88250322.72072655,
            84545555.97538543,
            86405789.63303587,
            90151347.47943875,
            87360587.49634613,
            85810000.83590247,
            86507404.59611258,
            88174956.88837816,
            90502646.44301303,
            85102828.9900326,
            91978739.58219095,
            91481288.8289535,
            83564977.30256963,
            90028974.73585671,
            88420662.19276033,
            85211206.10710463,
            87886719.2575264,
            94942356.33260642,
            86649023.97349635,
            86863349.63850577,
            90423125.76056276
        ],
        "R0h0R1h0": [
            81716950.19246209,
            90891781.16772752,
            88670056.5172073,
            83794441.0399896,
            84062565.0384269,
            84045678.35527717,
            79926848.80966689,
            88398116.73022756,
            81152839.37629339,
            90567081.26751794,
            90220700.85874392,
            81343335.52301714,
            88952791.86200543,
            92811006.73326866,
            85511942.55569886,
            82129199.63112122,
            90603046.6422759,
            86994906.66935238,
            80164818.2651944,
            91005841.79993938,
            86928346.29947788,
            88531783.4902802,
            84577659.90721771,
            87473169.27234273,
            85519802.67707257,
            89784501.89725107,
            78019328.26637578,
            86537871.91276205,
            76090284.54371393,
            88643975.46859963,
            82046907.08263952,
            84950840.44270043,
            88186944.5325592,
            83954293.5138852,
            83842782.62599532,
            83489703.54174656,
            85898062.86975063,
            91119269.71011123,
            84446494.3525931,
            90755165.58174628,
            87404028.36621915,
            81093345.670829,
            88041683.93007323,
            87454426.7484582,
            83312828.43818237,
            87468050.69895259,
            93049870.31162308,
            84685646.88546602,
            83554532.77546662,
            88309295.98704644
        ]
    },