{
    "Overall": {
        "samples": {
            "DominantAssumption": {
                "R0h1R1h1": 50,
                "R0h0R1h0": 49
            },
            "General": {
                "R0h1R1h1": 50,
                "R0h0R1h0": 50
            },
            "RelaxedDominantAssumption": {
                "R0h1R1h1": 50,
                "R0h0R1h0": 49
            },
            "Basic": {
                "R0h1R1h1": 0,
                "R0h0R1h0": 0
            },
            "Basic_timeAvg": {
                "R0h1R1h1": 50,
                "R0h0R1h0": 50
            }
        }
    },
    "PerTrafficStream": {},
    "ANOVA": {
        "samples": 44,
        "groundtruth": 41
    },
    "Kruskal": {
        "samples": 45,
        "groundtruth": 38
    },
    "EndToEndMean": {
        "R0h1R1h1": [
            328246969.71094465,
            330327316.3780151,
            348741946.7442755,
            337054335.2192086,
            325047611.6340613,
            311643938.96391755,
            330884594.84825325,
            318691270.6039057,
            333552548.53106725,
            332941223.7826167,
            341221056.1001108,
            322507326.86047375,
            327478970.71949434,
            325815390.3949367,
            344281961.09006673,
            310837673.7215462,
            336002409.1218883,
            347345436.5404031,
            332436812.26303315,
            326487026.64812815,
            336671459.5118743,
            352928848.7115314,
            336381617.58487797,
            337363517.8488093,
            330100436.40874976,
            336700347.3403864,
            323032191.4275949,
            327612482.4483456,
            323942538.2313474,
            345245896.97627366,
            320776433.0014684,
            333256707.3429405,
            325058742.58177096,
            325803658.7778397,
            319516807.61955136,
            348264550.17103827,
            344829235.7184664,
            335289520.54674274,
            323314657.06693053,
            339985774.0011042,
            332331614.5092828,
            352682443.7902457,
            313324072.83501375,
            347264219.6941694,
            337968600.1390118,
            334277588.236159,
            315310713.5639514,
            330559299.6975207,
            335464498.94330275,
            342472547.67361873
        ],
        "R0h0R1h0": [
            331566746.2825157,
            330895765.0385398,
            350224373.1390421,
            339924433.2124945,
            325712830.97186774,
            311018629.97856003,
            330151432.8366446,
            321806742.4685325,
            333322621.5429845,
            333083721.96521866,
            345193712.6378394,
            324963359.7531982,
            328503987.54416287,
            325064899.1014117,
            343271093.422712,
            311911015.0378558,
            338187513.5130058,
            347056426.4212587,
            332079615.2981105,
            329450003.8559553,
            336453560.6170982,
            353974155.63796085,
            336249504.8219636,
            336891536.64520365,
            330975829.6852014,
            336222392.81857955,
            321471643.6074739,
            329552063.93242466,
            328116936.4536261,
            348813442.7033376,
            323820851.3130848,
            333750509.6316173,
            327807905.1747727,
            329875427.2443011,
            319990287.187068,
            350040205.6461011,
            346193344.60786873,
            338171984.10937953,
            322361210.23086977,
            341301688.54948026,
            333380972.21258134,
            350826061.68951494,
            315555182.27731574,
            349904278.40080273,
            339423114.0586797,
            335041500.99408627,
            317519959.11598384,
            333886215.79495037,
            335980743.9492165,
            348293166.3103102
        ]
    },
    "EndToEndStd": {
        "R0h1R1h1": [
            85257344.50477192,
            89135870.24982138,
            89760413.45536232,
            81080893.37877616,
            84514854.18136525,
            83178823.37382223,
            90344723.90036266,
            83416712.22419183,
            83542065.6653956,
            90295015.26626584,
            86328847.84359707,
            85018395.42817791,
            86179996.27117068,
            80999788.71047576,
            91481751.19089352,
            78641506.72579576,
            88027263.04833592,
            89853480.56034999,
            88400990.80224885,
            84291900.73097725,
            86537456.16974849,
            92412812.4094008,
            88273432.50176671,
            88211758.59043749,
            92866664.40184547,
            85908390.64645147,
            86573398.17127535,
            92643235.96221267,
            81583430.1715658,
            85732505.9167963,
            79630448.6270789,
            92111899.8987954,
            87353410.76983196,
            85786312.59024374,
            83076903.9598789,
            84901879.48707685,
            89863848.64992358,
            87487274.14868633,
            87076026.35522422,
            91117842.25124556,
            92449116.98819157,
            89623409.27794145,
            81985753.93367451,
            84744643.9476354,
            89692378.47478116,
            83843263.59391855,
            80646402.45490018,
            84417299.98408183,
            84804913.23105802,
            85369305.06121287
        ],
        "R0h0R1h0": [
            84533015.90310113,
            87028166.79220633,
            88498037.51191251,
            80044815.41471472,
            82777473.98408002,
            79209200.22363931,
            87868008.26231737,
            82617628.08023635,
            81630704.19919235,
            87687963.44391884,
            86169797.78754376,
            82577535.45808195,
            83988527.0563567,
            76715337.88726483,
            88274413.84242828,
            76454955.09255844,
            86164322.64630108,
            88153828.52202913,
            84940476.16061838,
            82875489.33966012,
            83464648.61791025,
            91177637.39537156,
            85628947.93735254,
            85527734.6070487,
            91138168.25212339,
            84146866.99898149,
            83785157.49357103,
            89420924.78541534,
            81727542.53442352,
            84692263.53542213,
            78507402.17655307,
            90564489.94364442,
            85311130.17712604,
            84187505.73299488,
            81389494.70837468,
            82654804.52211757,
            87926994.86065298,
            86785140.0790007,
            84417807.44350672,
            87947112.2997817,
            89191192.42841862,
            87573540.94687681,
            78494810.8209107,
            83601717.7510668,
            87374482.31939188,
            81291760.81636587,
            78543098.64991869,
            83624291.13911298,
            83540319.91691649,
            88292943.71128929
        ]
    },