{
    "MaxEpsilonIneqPackets": {
        "R0H0R2H0": {
            "A0": 0,
            "A1": 1
        },
        "R0H1R2H1": {
            "A0": 1,
            "A1": 1
        },
        "R0H2R2H2": {
            "A0": 0,
            "A1": 0
        },
        "R0H3R2H3": {
            "A0": 1,
            "A1": 1
        },
        "R0H4R2H4": {
            "A0": 0,
            "A1": 1
        },
        "R0H5R2H5": {
            "A0": 1,
            "A1": 0
        },
        "R1H0R3H0": {
            "A0": 1,
            "A1": 0
        },
        "R1H1R3H1": {
            "A0": 1,
            "A1": 1
        },
        "R1H2R3H2": {
            "A0": 0,
            "A1": 1
        },
        "R1H3R3H3": {
            "A0": 0,
            "A1": 1
        },
        "R1H4R3H4": {
            "A0": 1,
            "A1": 1
        },
        "R1H5R3H5": {
            "A0": 1,
            "A1": 1
        }
    },
    "DropRate": [
        0.08265770021843641
    ],
    "EndToEndSuccessProbPackets": {
        "R0H0R2H0": {
            "A0": [
                0.6136921250494658
            ],
            "A1": [
                0.6189187156929092
            ]
        },
        "R0H1R2H1": {
            "A0": [
                0.585600706713781
            ],
            "A1": [
                0.5502672435734284
            ]
        },
        "R0H2R2H2": {
            "A0": [
                0.6049587971664017
            ],
            "A1": [
                0.5955206418184857
            ]
        },
        "R0H3R2H3": {
            "A0": [
                0.57304367102638
            ],
            "A1": [
                0.5382674516400336
            ]
        },
        "R0H4R2H4": {
            "A0": [
                0.590891089108911
            ],
            "A1": [
                0.6210478428993859
            ]
        },
        "R0H5R2H5": {
            "A0": [
                0.5889924118720584
            ],
            "A1": [
                0.5414245921209709
            ]
        },
        "R1H0R3H0": {
            "A0": [
                0.6230171073094868
            ],
            "A1": [
                0.5846449136276392
            ]
        },
        "R1H1R3H1": {
            "A0": [
                0.5720087472664792
            ],
            "A1": [
                0.5870406189555126
            ]
        },
        "R1H2R3H2": {
            "A0": [
                0.604766474728087
            ],
            "A1": [
                0.6158554792475366
            ]
        },
        "R1H3R3H3": {
            "A0": [
                0.5457375478927203
            ],
            "A1": [
                0.5932666918144096
            ]
        },
        "R1H4R3H4": {
            "A0": [
                0.5745695759111575
            ],
            "A1": [
                0.602044956585247
            ]
        },
        "R1H5R3H5": {
            "A0": [
                0.5709677419354839
            ],
            "A1": [
                0.5701762396128207
            ]
        }
    },
    "maxEpsilon": {
        "R0H0R2H0": {
            "A0": [
                0.01839916812398663
            ],
            "A1": [
                0.01839916812398663
            ]
        },
        "R0H1R2H1": {
            "A0": [
                0.02121168592742066
            ],
            "A1": [
                0.02121168592742066
            ]
        },
        "R0H2R2H2": {
            "A0": [
                0.018553745197626627
            ],
            "A1": [
                0.018553745197626627
            ]
        },
        "R0H3R2H3": {
            "A0": [
                0.022339920104414736
            ],
            "A1": [
                0.022339920104414736
            ]
        },
        "R0H4R2H4": {
            "A0": [
                0.019437429030895733
            ],
            "A1": [
                0.019437429030895733
            ]
        },
        "R0H5R2H5": {
            "A0": [
                0.021764467430137182
            ],
            "A1": [
                0.021764467430137182
            ]
        },
        "R1H0R3H0": {
            "A0": [
                0.01927851333269679
            ],
            "A1": [
                0.01927851333269679
            ]
        },
        "R1H1R3H1": {
            "A0": [
                0.020722040598925153
            ],
            "A1": [
                0.020722040598925153
            ]
        },
        "R1H2R3H2": {
            "A0": [
                0.01835900308323531
            ],
            "A1": [
                0.01835900308323531
            ]
        },
        "R1H3R3H3": {
            "A0": [
                0.021589813214730587
            ],
            "A1": [
                0.021589813214730587
            ]
        },
        "R1H4R3H4": {
            "A0": [
                0.020325373619297808
            ],
            "A1": [
                0.020325373619297808
            ]
        },
        "R1H5R3H5": {
            "A0": [
                0.021505997716496517
            ],
            "A1": [
                0.021505997716496517
            ]
        }
    },
    "experiments": 1
}