{
    "MaxEpsilonIneqPackets": {
        "R0H0R2H0": {
            "A0": 1,
            "A1": 1
        },
        "R0H1R2H1": {
            "A0": 1,
            "A1": 1
        },
        "R0H2R2H2": {
            "A0": 1,
            "A1": 1
        },
        "R0H3R2H3": {
            "A0": 1,
            "A1": 1
        },
        "R0H4R2H4": {
            "A0": 1,
            "A1": 1
        },
        "R0H5R2H5": {
            "A0": 1,
            "A1": 1
        },
        "R1H0R3H0": {
            "A0": 1,
            "A1": 1
        },
        "R1H1R3H1": {
            "A0": 1,
            "A1": 1
        },
        "R1H2R3H2": {
            "A0": 1,
            "A1": 1
        },
        "R1H3R3H3": {
            "A0": 1,
            "A1": 1
        },
        "R1H4R3H4": {
            "A0": 1,
            "A1": 1
        },
        "R1H5R3H5": {
            "A0": 1,
            "A1": 1
        }
    },
    "DropRate": [
        0.006084827488180417
    ],
    "EndToEndSuccessProbPackets": {
        "R0H0R2H0": {
            "A0": [
                0.6924241217238907
            ],
            "A1": [
                0.668770664262098
            ]
        },
        "R0H1R2H1": {
            "A0": [
                0.6833777777777778
            ],
            "A1": [
                0.6275518812215286
            ]
        },
        "R0H2R2H2": {
            "A0": [
                0.680876892316481
            ],
            "A1": [
                0.6732935719019217
            ]
        },
        "R0H3R2H3": {
            "A0": [
                0.6656289378103921
            ],
            "A1": [
                0.6167886975353203
            ]
        },
        "R0H4R2H4": {
            "A0": [
                0.66944266495836
            ],
            "A1": [
                0.6825467497773821
            ]
        },
        "R0H5R2H5": {
            "A0": [
                0.6730366989922039
            ],
            "A1": [
                0.6238020424194816
            ]
        },
        "R1H0R3H0": {
            "A0": [
                0.6916010498687664
            ],
            "A1": [
                0.6742337384391959
            ]
        },
        "R1H1R3H1": {
            "A0": [
                0.6228902426845102
            ],
            "A1": [
                0.6733595999393848
            ]
        },
        "R1H2R3H2": {
            "A0": [
                0.6725095177664975
            ],
            "A1": [
                0.6832196857396976
            ]
        },
        "R1H3R3H3": {
            "A0": [
                0.6237183053811303
            ],
            "A1": [
                0.693464974141984
            ]
        },
        "R1H4R3H4": {
            "A0": [
                0.6664229306814858
            ],
            "A1": [
                0.6867704280155642
            ]
        },
        "R1H5R3H5": {
            "A0": [
                0.6437108708025043
            ],
            "A1": [
                0.6484960666358168
            ]
        }
    },
    "maxEpsilon": {
        "R0H0R2H0": {
            "A0": [
                0.019792867476645628
            ],
            "A1": [
                0.019792867476645628
            ]
        },
        "R0H1R2H1": {
            "A0": [
                0.020812937386340782
            ],
            "A1": [
                0.020812937386340782
            ]
        },
        "R0H2R2H2": {
            "A0": [
                0.018858269364083993
            ],
            "A1": [
                0.018858269364083993
            ]
        },
        "R0H3R2H3": {
            "A0": [
                0.021208878605173682
            ],
            "A1": [
                0.021208878605173682
            ]
        },
        "R0H4R2H4": {
            "A0": [
                0.019553465199652943
            ],
            "A1": [
                0.019553465199652943
            ]
        },
        "R0H5R2H5": {
            "A0": [
                0.02159434489899129
            ],
            "A1": [
                0.02159434489899129
            ]
        },
        "R1H0R3H0": {
            "A0": [
                0.01873039400525389
            ],
            "A1": [
                0.01873039400525389
            ]
        },
        "R1H1R3H1": {
            "A0": [
                0.0206104721650299
            ],
            "A1": [
                0.0206104721650299
            ]
        },
        "R1H2R3H2": {
            "A0": [
                0.01883751244587675
            ],
            "A1": [
                0.01883751244587675
            ]
        },
        "R1H3R3H3": {
            "A0": [
                0.02085261434582585
            ],
            "A1": [
                0.02085261434582585
            ]
        },
        "R1H4R3H4": {
            "A0": [
                0.019364872068860107
            ],
            "A1": [
                0.019364872068860107
            ]
        },
        "R1H5R3H5": {
            "A0": [
                0.02190529207847543
            ],
            "A1": [
                0.02190529207847543
            ]
        }
    },
    "experiments": 1
}