{
    "MaxEpsilonIneqDelay": {
        "A0D0": {
            "A0": 27
        }
    },
    "MaxEpsilonIneqSuccessProb": {
        "E2E_eventAvg": {
            "A0D0": {
                "A0": 0
            }
        },
        "sentTime_est": {
            "A0D0": {
                "A0": 0
            }
        },
        "enqueueTime_est": {
            "A0D0": {
                "A0": 26
            }
        },
        "poisson_sentTime_est": {
            "0.5": {
                "A0D0": {
                    "A0": 1
                }
            }
        }
    },
    "EndToEndDelayMean": {
        "A0D0": {
            "A0": [
                54127,
                53139,
                49491,
                57007,
                50769,
                53064,
                50961,
                46898,
                50652,
                50506,
                45447,
                48070,
                46170,
                47047,
                46939,
                46839,
                52036,
                47187,
                48405,
                54906,
                45325,
                50448,
                49049,
                44792,
                45908,
                47444,
                52124,
                47531,
                50532,
                44272
            ]
        }
    },
    "EndToEndDelayStd": {
        "A0D0": {
            "A0": [
                3135024137,
                2994509545,
                2874281430,
                3365926596,
                3131205721,
                2998173951,
                3132559529,
                3148377335,
                2823246811,
                2938102112,
                2796001059,
                3118989707,
                3095106981,
                2905981963,
                2904813239,
                3107359022,
                3092714390,
                2852161231,
                2986087467,
                3318788671,
                2819854770,
                2976450612,
                2880223443,
                2882460802,
                2912784106,
                2994512739,
                3143552118,
                2852477728,
                3117372053,
                2943108826
            ]
        }
    },
    "EndToEndSuccessProb": {
        "E2E_eventAvg": {
            "A0D0": {
                "A0": [
                    0.9795763108614233,
                    0.9812440645773979,
                    0.9845952536727532,
                    0.976649326081816,
                    0.9809012235153686,
                    0.9817872753763963,
                    0.9837837837837838,
                    0.982376517741365,
                    0.984208658623137,
                    0.9851307883716696,
                    0.9863854778430325,
                    0.9822210934027558,
                    0.981700688488948,
                    0.9834792761237595,
                    0.985239852398524,
                    0.979628043558057,
                    0.9816394986170777,
                    0.9857004947508146,
                    0.9817186842263516,
                    0.9768557536466774,
                    0.9846208446705311,
                    0.9834878851331139,
                    0.9831352778778057,
                    0.9849108367626886,
                    0.9840189584979037,
                    0.9833768701021135,
                    0.9787841697266422,
                    0.9846492532873208,
                    0.9804509474694171,
                    0.9834323040380047
                ]
            }
        },
        "sentTime_est": {
            "A0D0": {
                "A0": [
                    0.9737725774739281,
                    0.9763619546486356,
                    0.9806365169662508,
                    0.9712065564851323,
                    0.6105662344872128,
                    0.610845472741442,
                    0.6126518004450872,
                    0.6111117607857285,
                    0.6124459924270901,
                    0.6132389336312936,
                    0.6152826394877123,
                    0.6122096253816046,
                    0.6114838476015894,
                    0.6122586857100116,
                    0.6134985093689616,
                    0.6092690564434609,
                    0.6106479644833722,
                    0.6138438868291534,
                    0.6108222608590935,
                    0.608374011662908,
                    0.6127846437919169,
                    0.6119891248941776,
                    0.6117976017764157,
                    0.6131124223329081,
                    0.6123915700287543,
                    0.612075975953837,
                    0.6082948472509482,
                    0.6130112174933509,
                    0.6094651310752387,
                    0.6122355989231529
                ]
            }
        },
        "enqueueTime_est": {
            "A0D0": {
                "A0": [
                    0.9555451,
                    0.9623647,
                    0.9664644,
                    0.9538065,
                    0.9618603,
                    0.963794,
                    0.9612073,
                    0.9619411,
                    0.9668954,
                    0.967222,
                    0.9709375,
                    0.9636071,
                    0.9644905,
                    0.9650549,
                    0.9687048,
                    0.9587338,
                    0.9597649,
                    0.970371,
                    0.9611923,
                    0.9523821,
                    0.9665756,
                    0.9642618000000001,
                    0.9656356,
                    0.9670453,
                    0.96453,
                    0.9634815,
                    0.9570898,
                    0.966364,
                    0.9602082,
                    0.9649012
                ]
            }
        },
        "poisson_sentTime_est": {
            "0.5": {
                "A0D0": {
                    "A0": [
                        0.9804804848110836,
                        0.976965074020971,
                        0.9854126904074925,
                        0.9738527527316589,
                        0.9802365282533447,
                        0.9810133682416442,
                        0.983306663940068,
                        0.9785275772993032,
                        0.9824767626433358,
                        0.9839167552437141,
                        0.986413791977758,
                        0.9837060171724329,
                        0.979374110119934,
                        0.9834635962076429,
                        0.9811865784492411,
                        0.9792551264526234,
                        0.9781313756946726,
                        0.9829409275020055,
                        0.9768293514386547,
                        0.9776438731209852,
                        0.9812021934794611,
                        0.9829311669839123,
                        0.980300436916129,
                        0.9820870336945169,
                        0.9814106354156406,
                        0.98261212915769,
                        0.975633094077555,
                        0.9814497682226117,
                        0.9764626615875233,
                        0.9817171489490467
                    ]
                }
            }
        }
    },