{
    "MaxEpsilonIneqDelay": {
        "A0D0": {
            "A0": 9
        }
    },
    "MaxEpsilonIneqSuccessProb": {
        "E2E_eventAvg": {
            "A0D0": {
                "A0": 0
            }
        },
        "sentTime_est": {
            "A0D0": {
                "A0": 0
            }
        },
        "enqueueTime_est": {
            "A0D0": {
                "A0": 5
            }
        },
        "poisson_sentTime_est": {
            "0.5": {
                "A0D0": {
                    "A0": 0
                }
            }
        }
    },
    "MaxEpsilonIneqNonMarkingProb": {
        "E2E_eventAvg": {
            "A0D0": {
                "A0": 8
            }
        },
        "sentTime_est_events": {
            "A0D0": {
                "A0": 3
            }
        },
        "sentTime_est_probs": {
            "A0D0": {
                "A0": 1
            }
        },
        "possion_est_probs": {
            "A0D0": {
                "A0": 8
            }
        }
    },
    "EndToEndDelayMean": {
        "A0D0": {
            "A0": [
                61241.10265093077,
                54243.66109451019,
                57854.334032086204,
                56804.23245725849,
                50087.04947549566,
                54569.97727977942,
                50807.15998101783,
                52367.970059466774,
                52188.109390473444,
                49286.53952439298
            ]
        }
    },
    "EndToEndDelayStd": {
        "A0D0": {
            "A0": [
                81120.70101687511,
                73219.25116032052,
                78160.07623433568,
                78931.40310992842,
                68172.24099582409,
                72819.01712957343,
                72489.65235538533,
                72300.46890798322,
                67057.48285035737,
                70996.0305854922
            ]
        }
    },
    "EndToEndSuccessProb": {
        "E2E_eventAvg": {
            "A0D0": {
                "A0": [
                    0.9969547903490279,
                    0.9976987688413301,
                    0.9975319721785955,
                    0.9968063872255489,
                    0.9987707077211263,
                    0.9985403164593916,
                    0.9977781675729405,
                    0.9981967308475365,
                    0.9986107895346145,
                    0.9984818404764685
                ]
            }
        },
        "sentTime_est": {
            "A0D0": {
                "A0": [
                    0.9966183877853328,
                    0.9977470164871751,
                    0.9969806327356182,
                    0.996013898398569,
                    0.9985428367731868,
                    0.9982192105371388,
                    0.99787370299243,
                    0.9976581591356933,
                    0.998174326495698,
                    0.9981947220155499
                ]
            }
        },
        "enqueueTime_est": {
            "A0D0": {
                "A0": [
                    0.9895345662533602,
                    0.992985742936055,
                    0.9903270162553511,
                    0.98831980521532,
                    0.9943895224235957,
                    0.9936837285748467,
                    0.9935733061252637,
                    0.9928821309916457,
                    0.9947107157549266,
                    0.994336187991836
                ]
            }
        },
        "poisson_sentTime_est": {
            "0.5": {
                "A0D0": {
                    "A0": [
                        0.9977404443475305,
                        0.9977374779887686,
                        0.9977019238463445,
                        0.9954233427685795,
                        0.9993093684856161,
                        0.9988503042121908,
                        0.9983232464378697,
                        0.9984418497161299,
                        0.9989964658760243,
                        0.9984673917149967
                    ]
                }
            }
        }
    },
    "EndToEndNonMarkingProb": {
        "E2E_eventAvg": {
            "A0D0": {
                "A0": [
                    0.6693605059732959,
                    0.6934184788862041,
                    0.6792124747588064,
                    0.691816367265469,
                    0.6960135807527952,
                    0.6841828691539674,
                    0.7106940302870841,
                    0.7002501308824385,
                    0.6833757814308867,
                    0.7143524465724629
                ]
            }
        },
        "sentTime_est_events": {
            "A0D0": {
                "A0": [
                    0.6819793509076854,
                    0.7034318218968225,
                    0.6935691443757828,
                    0.7027545442289032,
                    0.7106137056416517,
                    0.6983204486343711,
                    0.7288817959415593,
                    0.7183390166594265,
                    0.6982510094069194,
                    0.7268132285290227
                ]
            }
        },
        "sentTime_est_probs": {
            "A0D0": {
                "A0": [
                    0.630146461450142,
                    0.6492005198853461,
                    0.6318329834688055,
                    0.6429303630941803,
                    0.6602147676547521,
                    0.6373349749612884,
                    0.654561903023618,
                    0.6591635261585379,
                    0.631558549098008,
                    0.6682291516751031
                ]
            }
        },
        "possion_est_probs": {
            "A0D0": {
                "A0": [
                    0.6710518760945081,
                    0.6914463296299487,
                    0.6834158808638544,
                    0.6955258286818876,
                    0.7057704369153586,
                    0.6841576283441793,
                    0.7214788956617123,
                    0.7025581848605276,
                    0.6852421452447313,
                    0.719758276624357
                ]
            }
        }
    },
    "DropRate": [
        0.0030452096509722137,
        0.0023012311586697587,
        0.0024680278214046503,
        0.003193612774451071,
        0.0012292922788735838,
        0.0014596835406084363,
        0.0022218324270595335,
        0.001803269152463427,
        0.0013892104653854265,
        0.0015181595235315148
    ],
    "maxEpsilonDelay": {
        "A0D0": {
            "A0": [
                0.036823504332888835,
                0.039170756940131335,
                0.0397584786265126,
                0.04089144030399524,
                0.03847082451609101,
                0.03842288617678926,
                0.04170422328283625,
                0.03985978533587865,
                0.036506280393302344,
                0.04159592729179735
            ]
        }
    },
    "maxEpsilonSuccessProb": {
        "A0D0": {
            "A0": [
                0.0019911284914165893,
                0.002007823451212583,
                0.0017507504841877705,
                0.0022241817772607163,
                0.001390551760809319,
                0.0017099396623087508,
                0.0016547907608175844,
                0.0016276487882727413,
                0.001522547563146556,
                0.0015554612520381245
            ]
        }
    },
    "maxEpsilonNonMarkingProb": {
        "A0D0": {
            "A0": [
                0.02141182648648471,
                0.019628837332319307,
                0.019281060936168767,
                0.019308407292716552,
                0.01898485191790027,
                0.020208385631247185,
                0.018558748897528773,
                0.01877880299200792,
                0.020202874158461052,
                0.01820534139977177
            ]
        }
    },