{
    "MaxEpsilonIneqDelay": {
        "A0D0": {
            "A0": 29
        }
    },
    "MaxEpsilonIneqSuccessProb": {
        "E2E_eventAvg": {
            "A0D0": {
                "A0": 0
            }
        },
        "sentTime_est": {
            "A0D0": {
                "A0": 0
            }
        },
        "enqueueTime_est": {
            "A0D0": {
                "A0": 27
            }
        },
        "poisson_sentTime_est": {
            "0.5": {
                "A0D0": {
                    "A0": 0
                }
            }
        }
    },
    "EndToEndDelayMean": {
        "A0D0": {
            "A0": [
                50519,
                46896,
                48080,
                47906,
                49556,
                46699,
                48587,
                43319,
                43517,
                48843,
                47608,
                45010,
                47160,
                44409,
                48137,
                44375,
                47355,
                44331,
                44376,
                47691,
                46598,
                44527,
                53760,
                45400,
                46602,
                48564,
                45339,
                44976,
                46250,
                45457
            ]
        }
    },
    "EndToEndDelayStd": {
        "A0D0": {
            "A0": [
                3165345544,
                2798184824,
                2869206596,
                2802186796,
                3037833582,
                2803609891,
                2839586753,
                2558272573,
                2693562511,
                2945867572,
                2865456171,
                2766270562,
                2977699429,
                2666824879,
                2910160517,
                2818391518,
                2880062300,
                2789388313,
                2825643042,
                2886033729,
                2788282839,
                2722890553,
                2806987365,
                2742161029,
                2970595745,
                2845278320,
                2845878622,
                2625260135,
                2903799982,
                2933258891
            ]
        }
    },
    "EndToEndSuccessProb": {
        "E2E_eventAvg": {
            "A0D0": {
                "A0": [
                    0.9785816574310442,
                    0.9844367293188077,
                    0.9842818428184282,
                    0.9842324654141243,
                    0.9797184442853735,
                    0.9846199349304939,
                    0.9832142857142857,
                    0.9874195263126809,
                    0.9865368433705974,
                    0.9828920324023698,
                    0.982873099596649,
                    0.9852727272727273,
                    0.9826222435282838,
                    0.9868010559155268,
                    0.9826169782116919,
                    0.9859331227275436,
                    0.9830839297332465,
                    0.9853956125215677,
                    0.9836674528301886,
                    0.9852152912764328,
                    0.9850286999230724,
                    0.9854070210396765,
                    0.9851534534358313,
                    0.9858306765851931,
                    0.9818827708703375,
                    0.9842547650053274,
                    0.9823062843197071,
                    0.9893161138831816,
                    0.9826010026540843,
                    0.9813235385668928
                ]
            }
        },
        "sentTime_est": {
            "A0D0": {
                "A0": [
                    0.9738840565216956,
                    0.9808205438698212,
                    0.9808960924952559,
                    0.9798978068039149,
                    0.9740624849085401,
                    0.9806717518295106,
                    0.9794366640008415,
                    0.9841493741976102,
                    0.9832983805983819,
                    0.6115342407262951,
                    0.6121564524546044,
                    0.6135753884251339,
                    0.611461711700602,
                    0.6148101368644052,
                    0.611424007920305,
                    0.613866224678894,
                    0.6118374764739665,
                    0.6139229760770655,
                    0.612929924453394,
                    0.6134279108118689,
                    0.6131143560806642,
                    0.6140324896252669,
                    0.6133755768231799,
                    0.6137327625670157,
                    0.61067308284706,
                    0.6125928519079563,
                    0.6116388565628575,
                    0.6165174781436306,
                    0.6114809297384037,
                    0.6112681856572575
                ]
            }
        },
        "enqueueTime_est": {
            "A0D0": {
                "A0": [
                    0.9552628,
                    0.966156,
                    0.9660781,
                    0.9662416,
                    0.956878,
                    0.9668562,
                    0.964672,
                    0.972918,
                    0.9698286,
                    0.9640791,
                    0.9645615,
                    0.9675734,
                    0.9636699,
                    0.9722853,
                    0.9623415,
                    0.9682284,
                    0.9629747,
                    0.9682478,
                    0.9665143,
                    0.9672655,
                    0.9681211,
                    0.9685542,
                    0.9657178,
                    0.9686449,
                    0.9601861,
                    0.9641208,
                    0.9638258,
                    0.9749896,
                    0.963545,
                    0.9609256
                ]
            }
        },
        "poisson_sentTime_est": {
            "0.5": {
                "A0D0": {
                    "A0": [
                        0.9778943567427044,
                        0.9826347760142854,
                        0.9852292585333248,
                        0.9794481591672798,
                        0.9785474354302837,
                        0.9845122876246643,
                        0.9824016868327095,
                        0.983739158923564,
                        0.9849697283836121,
                        0.9798778216014757,
                        0.981903654829722,
                        0.9787551408471956,
                        0.9817345730906997,
                        0.9850987491005091,
                        0.9810389355225806,
                        0.9822299002767529,
                        0.9783980760717685,
                        0.9802594304175787,
                        0.9842085913078868,
                        0.9864647400762733,
                        0.9854741482054009,
                        0.9812763747663874,
                        0.9824056355745647,
                        0.9828714611834624,
                        0.976170348282149,
                        0.984329438760625,
                        0.9815274186329218,
                        0.98695909380295,
                        0.977805567937714,
                        0.9770016845209143
                    ]
                }
            }
        }
    },