{
    "MaxEpsilonIneqDelay": {
        "A0D0": {
            "A0": 28
        }
    },
    "MaxEpsilonIneqSuccessProb": {
        "E2E_eventAvg": {
            "A0D0": {
                "A0": 0
            }
        },
        "sentTime_est": {
            "A0D0": {
                "A0": 0
            }
        },
        "enqueueTime_est": {
            "A0D0": {
                "A0": 0
            }
        },
        "poisson_sentTime_est": {
            "0.5": {
                "A0D0": {
                    "A0": 0
                }
            }
        }
    },
    "EndToEndDelayMean": {
        "A0D0": {
            "A0": [
                35058,
                39253,
                37272,
                33890,
                34516,
                36216,
                37300,
                37485,
                28136,
                36506,
                34834,
                32212,
                31478,
                36263,
                33902,
                34448,
                32092,
                34853,
                34873,
                36469,
                36236,
                39556,
                35402,
                32118,
                33694,
                41642,
                31143,
                31094,
                34414,
                30521
            ]
        }
    },
    "EndToEndDelayStd": {
        "A0D0": {
            "A0": [
                1919213225,
                2055893765,
                2110833645,
                1942844029,
                1792396422,
                1865115613,
                2088727094,
                2240066340,
                1659680884,
                1966419859,
                1902953748,
                1801001766,
                1777679902,
                2088230380,
                1884501153,
                1870687202,
                1886347901,
                1983036422,
                1972790932,
                1893298396,
                2054174262,
                2081227864,
                1929552166,
                1820394845,
                1925317260,
                2128554568,
                1722048437,
                1751286298,
                1839194944,
                1759371385
            ]
        }
    },
    "EndToEndSuccessProb": {
        "E2E_eventAvg": {
            "A0D0": {
                "A0": [
                    0.9929270946681176,
                    0.9904108757662196,
                    0.9898895918620518,
                    0.9922904146178595,
                    0.9923757243061909,
                    0.9926461576173551,
                    0.9904803384768541,
                    0.9902305089074772,
                    0.9950678964898796,
                    0.9910746812386156,
                    0.992550315410033,
                    0.9928193269640357,
                    0.9920270596762503,
                    0.9907825662312294,
                    0.9925413533834586,
                    0.9920237432758301,
                    0.9936305732484076,
                    0.9914795696249766,
                    0.993378273578715,
                    0.9914971150926207,
                    0.9918590522478736,
                    0.9912586343908552,
                    0.991136825260048,
                    0.9927412467976089,
                    0.9930772529559517,
                    0.9878048780487805,
                    0.9945310535579582,
                    0.9921860803198256,
                    0.9923850137069753,
                    0.9928945625338712
                ]
            }
        },
        "sentTime_est": {
            "A0D0": {
                "A0": [
                    0.9918077368014173,
                    0.9899293168421466,
                    0.9890246286429449,
                    0.9922257806348929,
                    0.9921312858192455,
                    0.992433667352892,
                    0.9902913423312838,
                    0.9897367412623091,
                    0.9952536923194009,
                    0.9901930199634147,
                    0.9921186358629491,
                    0.993155279511404,
                    0.991606194316868,
                    0.9906233514121463,
                    0.992705861565303,
                    0.9912765807758248,
                    0.9940284669974334,
                    0.9917750447135288,
                    0.9930925593771335,
                    0.9914245402371938,
                    0.9915392560075523,
                    0.9902842699839022,
                    0.9909965486377658,
                    0.9922609539277306,
                    0.9925031861700362,
                    0.9874769446488986,
                    0.9942460378366151,
                    0.9914079259079291,
                    0.992261917387901,
                    0.9927076863339013
                ]
            }
        },
        "enqueueTime_est": {
            "A0D0": {
                "A0": [
                    0.99181828,
                    0.99025385,
                    0.9894478,
                    0.99241398,
                    0.99234609,
                    0.99245489,
                    0.99043052,
                    0.9899531,
                    0.99532466,
                    0.99057902,
                    0.99214622,
                    0.99318776,
                    0.99196502,
                    0.99059973,
                    0.99271688,
                    0.99160302,
                    0.99454252,
                    0.99186972,
                    0.99315733,
                    0.99152314,
                    0.99171005,
                    0.99058159,
                    0.99113845,
                    0.99245091,
                    0.99259314,
                    0.9875179,
                    0.99438703,
                    0.99149398,
                    0.99246098,
                    0.99300811
                ]
            }
        },
        "poisson_sentTime_est": {
            "0.5": {
                "A0D0": {
                    "A0": [
                        0.9919860709276082,
                        0.9895451217221375,
                        0.9901876832477312,
                        0.9931384596068996,
                        0.9935116907191424,
                        0.9950193342791944,
                        0.9926474721974369,
                        0.9895850336264856,
                        0.996625188302859,
                        0.9910369269318993,
                        0.9919158756562921,
                        0.9940862723177712,
                        0.9923351807857645,
                        0.9916868339201005,
                        0.9927205282670188,
                        0.9936338522510324,
                        0.9954296909650945,
                        0.9920390918486258,
                        0.9952956788774142,
                        0.9912492694906014,
                        0.9938893334099541,
                        0.98941897401659,
                        0.9913177368045819,
                        0.992905828615376,
                        0.9925583413848019,
                        0.9854267333190706,
                        0.9955856378540247,
                        0.9909657864970493,
                        0.9914744510697754,
                        0.9935706670335535
                    ]
                }
            }
        }
    },