{
    "MaxEpsilonIneqDelay": {
        "A0D0": {
            "A0": 29
        }
    },
    "MaxEpsilonIneqSuccessProb": {
        "E2E_eventAvg": {
            "A0D0": {
                "A0": 0
            }
        },
        "sentTime_est": {
            "A0D0": {
                "A0": 0
            }
        },
        "enqueueTime_est": {
            "A0D0": {
                "A0": 0
            }
        },
        "poisson_sentTime_est": {
            "0.5": {
                "A0D0": {
                    "A0": 0
                }
            }
        }
    },
    "EndToEndDelayMean": {
        "A0D0": {
            "A0": [
                45642,
                38592,
                40513,
                40462,
                41559,
                35793,
                45404,
                40144,
                38857,
                37425,
                44314,
                39479,
                38031,
                40470,
                36582,
                39712,
                36115,
                40385,
                35183,
                43665,
                41026,
                40089,
                42714,
                39147,
                33859,
                37280,
                39805,
                33903,
                37488,
                36843
            ]
        }
    },
    "EndToEndDelayStd": {
        "A0D0": {
            "A0": [
                2391415742,
                2077772738,
                2136019601,
                2231189339,
                2136294429,
                1974203077,
                2290299643,
                2076331416,
                2124672880,
                2073676535,
                2424921581,
                2237895644,
                2155400588,
                2234994564,
                2073372462,
                2125363372,
                2075365642,
                2263381222,
                1996943666,
                2314151645,
                2116005399,
                2206499773,
                2272681600,
                2180182435,
                2059588887,
                2164929797,
                2097433222,
                1869608805,
                2107521080,
                2134176342
            ]
        }
    },
    "EndToEndSuccessProb": {
        "E2E_eventAvg": {
            "A0D0": {
                "A0": [
                    0.9865186360031721,
                    0.9891971362822808,
                    0.9893849326701444,
                    0.9877163257896647,
                    0.9886797173056476,
                    0.9910381330446288,
                    0.9861915098890497,
                    0.9903994091944119,
                    0.990469911292256,
                    0.9903420275590551,
                    0.9864335242689177,
                    0.988525101340817,
                    0.9898749618786216,
                    0.9882382859685931,
                    0.9894133215703573,
                    0.9901791560026189,
                    0.990004266471628,
                    0.9878056406728785,
                    0.9902109807259682,
                    0.98783528982422,
                    0.9892598502516263,
                    0.9880239520958084,
                    0.9876975033168496,
                    0.990447242726878,
                    0.9909798591375263,
                    0.9903164127551964,
                    0.9889661058278468,
                    0.9926120711244678,
                    0.9901627398591207,
                    0.9908622592910585
                ]
            }
        },
        "sentTime_est": {
            "A0D0": {
                "A0": [
                    0.9849523022828942,
                    0.9889737641198056,
                    0.9882067592581191,
                    0.9873870588291205,
                    0.9874753835183451,
                    0.9897461112386461,
                    0.9843352505240014,
                    0.9893144786930416,
                    0.9899168500338439,
                    0.9894571337292275,
                    0.9856896932430476,
                    0.9875369138927957,
                    0.9893622554722203,
                    0.9876886987717455,
                    0.9890067261723304,
                    0.9899573121953602,
                    0.9898301928225506,
                    0.9864552991135315,
                    0.9899882117604111,
                    0.9856685937748688,
                    0.9882919707246,
                    0.986904410582021,
                    0.9868477348951883,
                    0.9898657454056109,
                    0.9899729927690105,
                    0.9901872187886673,
                    0.9875156253255042,
                    0.992150689655903,
                    0.989248600155695,
                    0.9899180924152817
                ]
            }
        },
        "enqueueTime_est": {
            "A0D0": {
                "A0": [
                    0.9854028,
                    0.9890988000000001,
                    0.9882579,
                    0.9873731,
                    0.9876607,
                    0.9899725,
                    0.9847193,
                    0.989626,
                    0.99020061,
                    0.989539,
                    0.9858331,
                    0.9878399,
                    0.9893703,
                    0.9881129,
                    0.9895251,
                    0.99069193,
                    0.99002804,
                    0.9869427,
                    0.99055254,
                    0.9864278,
                    0.9885932,
                    0.9870255,
                    0.9871463,
                    0.9898657,
                    0.99030687,
                    0.99027214,
                    0.9879309000000001,
                    0.99225685,
                    0.9893702,
                    0.99006104
                ]
            }
        },
        "poisson_sentTime_est": {
            "0.5": {
                "A0D0": {
                    "A0": [
                        0.986466861615757,
                        0.9874042650405005,
                        0.9864278853217394,
                        0.9868828802640596,
                        0.9855016485797476,
                        0.9883343827462031,
                        0.9839643288898425,
                        0.9900573922940548,
                        0.988873571368195,
                        0.9911844268271093,
                        0.9849132453287989,
                        0.9861758750716397,
                        0.9895953174473129,
                        0.9884974375080726,
                        0.9887315688736201,
                        0.9898370856870068,
                        0.9923878287282752,
                        0.9875825671079237,
                        0.9921128950596769,
                        0.9856877125036432,
                        0.9894380038895642,
                        0.9851900888255517,
                        0.9884861052004981,
                        0.990051290087185,
                        0.9912607898023164,
                        0.9900839684781952,
                        0.9841809476941262,
                        0.9930529070526267,
                        0.9883274952677383,
                        0.992251245118147
                    ]
                }
            }
        }
    },