{
    "MaxEpsilonIneqDelay": {
        "A0D0": {
            "A0": 10
        }
    },
    "MaxEpsilonIneqSuccessProb": {
        "E2E_eventAvg": {
            "A0D0": {
                "A0": 5
            }
        },
        "sentTime_est": {
            "A0D0": {
                "A0": 5
            }
        },
        "enqueueTime_est": {
            "A0D0": {
                "A0": 4
            }
        },
        "poisson_sentTime_est": {
            "0.5": {
                "A0D0": {
                    "A0": 4
                }
            }
        }
    },
    "MaxEpsilonIneqNonMarkingProb": {
        "E2E_eventAvg": {
            "A0D0": {
                "A0": 10
            }
        },
        "sentTime_est_events": {
            "A0D0": {
                "A0": 4
            }
        },
        "sentTime_est_probs": {
            "A0D0": {
                "A0": 0
            }
        },
        "possion_est_probs": {
            "A0D0": {
                "A0": 8
            }
        }
    },
    "EndToEndDelayMean": {
        "A0D0": {
            "A0": [
                52413.04510152748,
                48322.76422586066,
                49350.38278653905,
                56098.2278997662,
                51484.94977310834,
                47520.587911806426,
                48770.550330641556,
                50834.094994699706,
                49795.997117641484,
                51256.53751075058
            ]
        }
    },
    "EndToEndDelayStd": {
        "A0D0": {
            "A0": [
                62494.59910235751,
                52096.77623353908,
                56723.40374789607,
                66643.15700619489,
                62879.48277413336,
                56332.738070699386,
                56066.29120887516,
                62136.24194620632,
                55345.59487731777,
                62784.32018744588
            ]
        }
    },
    "EndToEndSuccessProb": {
        "E2E_eventAvg": {
            "A0D0": {
                "A0": [
                    0.9998284734133791,
                    1.0,
                    0.9999428734647243,
                    0.9997707079392376,
                    0.9995986698773076,
                    0.9998834227092562,
                    1.0,
                    0.9997109993641986,
                    1.0,
                    0.999943010201174
                ]
            }
        },
        "sentTime_est": {
            "A0D0": {
                "A0": [
                    0.9998018031356407,
                    1.0,
                    0.9999952533846298,
                    0.9997509706406614,
                    0.9995900415502197,
                    0.9999396213157009,
                    1.0,
                    0.9996265474891293,
                    1.0,
                    0.9999202107985381
                ]
            }
        },
        "enqueueTime_est": {
            "A0D0": {
                "A0": [
                    0.9973575809123064,
                    0.9999761090828492,
                    0.9993128812103141,
                    0.9982242715928301,
                    0.9977537531267707,
                    0.9992433994560875,
                    0.999907236274372,
                    0.9974433827544862,
                    0.9998623917265439,
                    0.9989434718744276
                ]
            }
        },
        "poisson_sentTime_est": {
            "0.5": {
                "A0D0": {
                    "A0": [
                        0.999850309306416,
                        1.0,
                        1.0,
                        0.999728519125205,
                        0.9996296805316176,
                        1.0,
                        1.0,
                        0.9998597275078075,
                        1.0,
                        1.0
                    ]
                }
            }
        }
    },
    "EndToEndNonMarkingProb": {
        "E2E_eventAvg": {
            "A0D0": {
                "A0": [
                    0.6500285877644368,
                    0.6544666780685252,
                    0.6447872036560982,
                    0.6507308684436801,
                    0.6662653365439744,
                    0.6607600839356493,
                    0.6554402676192096,
                    0.6667822669209872,
                    0.6455026455026455,
                    0.6594289622157634
                ]
            }
        },
        "sentTime_est_events": {
            "A0D0": {
                "A0": [
                    0.6656849415436875,
                    0.6781220587294137,
                    0.6642260649533616,
                    0.6586577441512823,
                    0.677583398779625,
                    0.6739328573523744,
                    0.679661383849911,
                    0.6833409829433508,
                    0.6599818230122154,
                    0.6733516530692549
                ]
            }
        },
        "sentTime_est_probs": {
            "A0D0": {
                "A0": [
                    0.6075985956466023,
                    0.6165515583164235,
                    0.6256746284008834,
                    0.5993557785438145,
                    0.5989540808223031,
                    0.6267385740089371,
                    0.6110200337793417,
                    0.619501684389359,
                    0.6165983922002465,
                    0.6127779698680905
                ]
            }
        },
        "possion_est_probs": {
            "A0D0": {
                "A0": [
                    0.6476056320391956,
                    0.672326377738902,
                    0.6438687793192973,
                    0.6492724116024111,
                    0.6688917820479727,
                    0.6654216840195982,
                    0.664274869679604,
                    0.6676508904658217,
                    0.6453037510871479,
                    0.658868856142724
                ]
            }
        }
    },
    "DropRate": [
        0.00017152658662100695,
        0.0,
        5.712653527567557e-05,
        0.00022929206076238717,
        0.0004013301226922783,
        0.00011657729074388001,
        0.0,
        0.00028900063580150626,
        0.0,
        5.6989798825957116e-05
    ],
    "maxEpsilonDelay": {
        "A0D0": {
            "A0": [
                0.035029578014972966,
                0.03116930641312868,
                0.032742958673270144,
                0.034701684062421474,
                0.03547228374687453,
                0.03390908468129313,
                0.03264468024602173,
                0.03620258515394837,
                0.03255723145014133,
                0.03398944407938384
            ]
        }
    },
    "maxEpsilonSuccessProb": {
        "A0D0": {
            "A0": [
                0.0008727043171414335,
                0.0,
                0.0006086374895950253,
                0.0008287845319827713,
                0.0008199068154994886,
                0.00030576529819124486,
                0.0,
                0.0007371742960936911,
                0.00037929990630004455,
                0.0007749315898556931
            ]
        }
    },
    "maxEpsilonNonMarkingProb": {
        "A0D0": {
            "A0": [
                0.021448917351136743,
                0.021007272751643054,
                0.021502656035561098,
                0.020901798479497028,
                0.020965305270346533,
                0.020693065864058065,
                0.02096336648113759,
                0.020198015070151024,
                0.02143996329846017,
                0.021435756332680026
            ]
        }
    },