{
    "MaxEpsilonIneqDelay": {
        "A0D0": {
            "A0": 28
        }
    },
    "MaxEpsilonIneqSuccessProb": {
        "E2E_eventAvg": {
            "A0D0": {
                "A0": 0
            }
        },
        "sentTime_est": {
            "A0D0": {
                "A0": 0
            }
        },
        "enqueueTime_est": {
            "A0D0": {
                "A0": 0
            }
        },
        "poisson_sentTime_est": {
            "0.5": {
                "A0D0": {
                    "A0": 0
                }
            }
        }
    },
    "EndToEndDelayMean": {
        "A0D0": {
            "A0": [
                48824,
                44663,
                42859,
                44803,
                47489,
                50856,
                45746,
                44607,
                46276,
                41140,
                45419,
                47185,
                43621,
                43963,
                38782,
                50638,
                46617,
                46705,
                43520,
                49209,
                46959,
                43788,
                42232,
                44792,
                45196,
                48341,
                40335,
                43395,
                43265,
                41765
            ]
        }
    },
    "EndToEndDelayStd": {
        "A0D0": {
            "A0": [
                2725884398,
                2664120902,
                2484752800,
                2531499012,
                2619365831,
                2632012832,
                2623753790,
                2489649450,
                2549520378,
                2510228255,
                2665608169,
                2656214833,
                2439818136,
                2588429998,
                2320086684,
                2615598709,
                2666435226,
                2516342254,
                2569738006,
                2659058647,
                2692050692,
                2598809748,
                2478784382,
                2573183513,
                2630517898,
                2686864710,
                2453556566,
                2559463896,
                2475554108,
                2447050583
            ]
        }
    },
    "EndToEndSuccessProb": {
        "E2E_eventAvg": {
            "A0D0": {
                "A0": [
                    0.980031007751938,
                    0.9815647766867279,
                    0.9854042391166392,
                    0.9841781969349135,
                    0.9797954126691658,
                    0.9786751639193578,
                    0.9804522805672672,
                    0.9824853530681468,
                    0.9836883749239197,
                    0.983261476033477,
                    0.9823972646109036,
                    0.9816502309324678,
                    0.9857421398976359,
                    0.9821549861068231,
                    0.9873125,
                    0.9797379354426334,
                    0.9812293204377704,
                    0.9812624501992032,
                    0.9838600381938027,
                    0.9795470230252838,
                    0.9823693164243736,
                    0.983991995997999,
                    0.9832651777288456,
                    0.9807369101486748,
                    0.9812095569935291,
                    0.9829538384969516,
                    0.9858428238847291,
                    0.9846748229233742,
                    0.984522676815731,
                    0.983754857616105
                ]
            }
        },
        "sentTime_est": {
            "A0D0": {
                "A0": [
                    0.978214230308126,
                    0.9812472908329302,
                    0.9843168877184936,
                    0.9824727593940303,
                    0.9790632046487026,
                    0.976820631653149,
                    0.9788749843540828,
                    0.9806524586917714,
                    0.9816245576580832,
                    0.9821142608194631,
                    0.981292253133991,
                    0.9812761255338515,
                    0.9843683208202294,
                    0.9803262569377185,
                    0.9863553305618729,
                    0.9788710277385364,
                    0.9809077878068054,
                    0.9797792375290056,
                    0.9825733937563289,
                    0.9782631386285137,
                    0.9799735423196632,
                    0.9824992231091348,
                    0.9818886382499059,
                    0.9805900957105689,
                    0.9798842894450592,
                    0.9805022020224657,
                    0.9842062632480479,
                    0.984097505955347,
                    0.9823802519402428,
                    0.9830591465482754
                ]
            }
        },
        "enqueueTime_est": {
            "A0D0": {
                "A0": [
                    0.9790335,
                    0.9816975,
                    0.9850278,
                    0.9831534,
                    0.9799394,
                    0.9772426,
                    0.9796846,
                    0.9814017,
                    0.9823618,
                    0.9827975,
                    0.9816047,
                    0.9814688,
                    0.985064,
                    0.9810958,
                    0.9870901,
                    0.9791827,
                    0.9815765,
                    0.9802672,
                    0.9832927,
                    0.9788033,
                    0.9804692,
                    0.9830979,
                    0.9821852,
                    0.9809844,
                    0.9801965,
                    0.9816344,
                    0.9847464,
                    0.9842834,
                    0.9830058,
                    0.9835322
                ]
            }
        },
        "poisson_sentTime_est": {
            "0.5": {
                "A0D0": {
                    "A0": [
                        0.9785980334269243,
                        0.9809857414417252,
                        0.9830140220898579,
                        0.9812125719223769,
                        0.9838962269426705,
                        0.9808275398243839,
                        0.9788554492607434,
                        0.983403705701938,
                        0.984257452171938,
                        0.9824975308086452,
                        0.9842821114728042,
                        0.9805416975472678,
                        0.9831978522961885,
                        0.9803342095971425,
                        0.987981133793968,
                        0.9795631995225497,
                        0.9830355037909722,
                        0.9805168744231463,
                        0.9840800041541089,
                        0.9804167276683186,
                        0.9800958499091581,
                        0.9827999564690351,
                        0.9821025647668502,
                        0.9821510032297692,
                        0.9801805818900353,
                        0.9823482388737149,
                        0.9862539479839748,
                        0.9848269823476206,
                        0.9817656903742233,
                        0.9842822996314615
                    ]
                }
            }
        }
    },