{
    "MaxEpsilonIneqDelay": {
        "A0D0": {
            "A0": 9
        }
    },
    "MaxEpsilonIneqSuccessProb": {
        "E2E_eventAvg": {
            "A0D0": {
                "A0": 0
            }
        },
        "sentTime_est": {
            "A0D0": {
                "A0": 0
            }
        },
        "enqueueTime_est": {
            "A0D0": {
                "A0": 3
            }
        },
        "poisson_sentTime_est": {
            "0.5": {
                "A0D0": {
                    "A0": 1
                }
            }
        }
    },
    "MaxEpsilonIneqNonMarkingProb": {
        "E2E_eventAvg": {
            "A0D0": {
                "A0": 9
            }
        },
        "sentTime_est_events": {
            "A0D0": {
                "A0": 4
            }
        },
        "sentTime_est_probs": {
            "A0D0": {
                "A0": 1
            }
        },
        "possion_est_probs": {
            "A0D0": {
                "A0": 6
            }
        }
    },
    "EndToEndDelayMean": {
        "A0D0": {
            "A0": [
                69971.0333518941,
                72721.82881494465,
                61548.827280666854,
                57405.879365812245,
                60376.01310078137,
                55545.945846988296,
                64563.44845774661,
                55043.35122967497,
                52116.049012955555,
                58419.52898761219
            ]
        }
    },
    "EndToEndDelayStd": {
        "A0D0": {
            "A0": [
                91625.59980415394,
                92540.06103226104,
                82242.44100358301,
                81077.96134057654,
                84029.49228533418,
                80684.8327060571,
                85625.85903629074,
                77042.29390528452,
                71754.79203906297,
                80671.17038293644
            ]
        }
    },
    "EndToEndSuccessProb": {
        "E2E_eventAvg": {
            "A0D0": {
                "A0": [
                    0.9938520653218059,
                    0.9909079961464354,
                    0.9964184622494368,
                    0.9964536911164963,
                    0.9939933002194755,
                    0.9964780179742531,
                    0.9943512594385844,
                    0.9969601376541439,
                    0.9982468443197756,
                    0.9961679149973872
                ]
            }
        },
        "sentTime_est": {
            "A0D0": {
                "A0": [
                    0.993249239869512,
                    0.9888802932642934,
                    0.9957795209515596,
                    0.9961378747969102,
                    0.9935193171825697,
                    0.9958148571846889,
                    0.9932723310381867,
                    0.9963212313956685,
                    0.9978144288584081,
                    0.9952779414428594
                ]
            }
        },
        "enqueueTime_est": {
            "A0D0": {
                "A0": [
                    0.9821880930333756,
                    0.9762711673990679,
                    0.9897139544496684,
                    0.9892502353744241,
                    0.9845248586876202,
                    0.9899333216782601,
                    0.9862210201145796,
                    0.9903675633860815,
                    0.9940071248081882,
                    0.9883989360700629
                ]
            }
        },
        "poisson_sentTime_est": {
            "0.5": {
                "A0D0": {
                    "A0": [
                        0.9944824669337657,
                        0.9911550794854377,
                        0.9952187725320679,
                        0.9966725160003492,
                        0.9934681855290098,
                        0.9956806069066715,
                        0.9920848233297229,
                        0.996641406935304,
                        0.9979030189555466,
                        0.9968483320384689
                    ]
                }
            }
        }
    },
    "EndToEndNonMarkingProb": {
        "E2E_eventAvg": {
            "A0D0": {
                "A0": [
                    0.6365674031380083,
                    0.6380659922928709,
                    0.6590029461036335,
                    0.6956675926473196,
                    0.6894420700011551,
                    0.702513966480447,
                    0.6738716928929621,
                    0.6905649555491826,
                    0.7088592800374006,
                    0.6901817337281542
                ]
            }
        },
        "sentTime_est_events": {
            "A0D0": {
                "A0": [
                    0.6691209007033312,
                    0.6523020485386557,
                    0.6788228538578913,
                    0.7112079451387587,
                    0.6969448472680349,
                    0.7253223069006866,
                    0.6776792662571818,
                    0.7110679418758092,
                    0.7201218457232719,
                    0.7025428377621759
                ]
            }
        },
        "sentTime_est_probs": {
            "A0D0": {
                "A0": [
                    0.591050753894864,
                    0.6200377413497578,
                    0.6198198633441787,
                    0.6480960524392612,
                    0.6525383826532578,
                    0.6458822192924225,
                    0.6383166921932371,
                    0.6617260476361633,
                    0.6744894577752538,
                    0.6555770981463105
                ]
            }
        },
        "possion_est_probs": {
            "A0D0": {
                "A0": [
                    0.6351994400352066,
                    0.643271982396877,
                    0.6754609324098576,
                    0.7045122904212555,
                    0.6915828963763219,
                    0.6991048144208198,
                    0.6806546466891849,
                    0.7055034785636553,
                    0.7122163451827249,
                    0.6966921119592876
                ]
            }
        }
    },
    "DropRate": [
        0.006147934678194078,
        0.009092003853564568,
        0.003581537750563246,
        0.0035463088835036016,
        0.006006699780524483,
        0.003521982025746939,
        0.005648740561415733,
        0.0030398623458560703,
        0.001753155680224383,
        0.003832085002612895
    ],
    "maxEpsilonDelay": {
        "A0D0": {
            "A0": [
                0.03825218299584032,
                0.03743158201615319,
                0.03876651232164141,
                0.04193154982316552,
                0.041627854677555955,
                0.041742246930511394,
                0.03913427290869823,
                0.040425790361385806,
                0.04110787441490444,
                0.04025445426003355
            ]
        }
    },
    "maxEpsilonSuccessProb": {
        "A0D0": {
            "A0": [
                0.002806954474057589,
                0.003130666823833373,
                0.001929771573311249,
                0.002443881539620398,
                0.0025515607361275717,
                0.0021806178198419944,
                0.0024544407571173432,
                0.002069501438725362,
                0.0014808329153980196,
                0.0024022190556570616
            ]
        }
    },
    "maxEpsilonNonMarkingProb": {
        "A0D0": {
            "A0": [
                0.02105554255572814,
                0.021925014210877777,
                0.020374430607858606,
                0.019041303706559643,
                0.019328793206912276,
                0.018292009800041507,
                0.020516454548242257,
                0.019705058444259627,
                0.018593054631930492,
                0.02002113977090632
            ]
        }
    },