{
    "MaxEpsilonIneqDelay": {
        "A0D0": {
            "A0": 29
        }
    },
    "MaxEpsilonIneqSuccessProb": {
        "E2E_eventAvg": {
            "A0D0": {
                "A0": 0
            }
        },
        "sentTime_est": {
            "A0D0": {
                "A0": 0
            }
        },
        "enqueueTime_est": {
            "A0D0": {
                "A0": 24
            }
        },
        "poisson_sentTime_est": {
            "0.5": {
                "A0D0": {
                    "A0": 1
                }
            }
        }
    },
    "EndToEndDelayMean": {
        "A0D0": {
            "A0": [
                49473,
                41807,
                40934,
                47264,
                52242,
                44804,
                46487,
                49085,
                48099,
                46887,
                49083,
                45640,
                45496,
                44753,
                48021,
                43867,
                44833,
                47093,
                39776,
                44317,
                45261,
                44524,
                46104,
                36659,
                45012,
                45098,
                43176,
                44844,
                40350,
                41269
            ]
        }
    },
    "EndToEndDelayStd": {
        "A0D0": {
            "A0": [
                2601887562,
                2516272158,
                2437111378,
                2676443820,
                2662156429,
                2807484589,
                2738343751,
                2654480443,
                2825960875,
                2621549288,
                2734978797,
                2531010797,
                2508273617,
                2734914387,
                2683367422,
                2299786755,
                2512481552,
                2423743879,
                2289191080,
                2383634805,
                2644740605,
                2495710594,
                2490962053,
                2143587525,
                2712303457,
                2538899987,
                2488178972,
                2465057215,
                2418703139,
                2371117796
            ]
        }
    },
    "EndToEndSuccessProb": {
        "E2E_eventAvg": {
            "A0D0": {
                "A0": [
                    0.9865654932205499,
                    0.9889969293756398,
                    0.9890188589162091,
                    0.98790658882402,
                    0.9857177292997469,
                    0.9863601919676686,
                    0.9854731517967418,
                    0.987153606166269,
                    0.9867726436917966,
                    0.9863775198533904,
                    0.9851427875540401,
                    0.9891769743101808,
                    0.9871536523929471,
                    0.9871712636305324,
                    0.9873215237869543,
                    0.9903698452085549,
                    0.9878759617626487,
                    0.9917705149306372,
                    0.9922695621385578,
                    0.989788773485821,
                    0.9860535243120995,
                    0.9886593041206507,
                    0.989118927185037,
                    0.9922130416691435,
                    0.9866933584550165,
                    0.9891746411483253,
                    0.9888117745602489,
                    0.9906280924384423,
                    0.9899733016908929,
                    0.9915561634060772
                ]
            }
        },
        "sentTime_est": {
            "A0D0": {
                "A0": [
                    0.984182674464009,
                    0.9882850742783064,
                    0.9868135021249598,
                    0.984589569282731,
                    0.9825641602055375,
                    0.6149289502858584,
                    0.6137197347399519,
                    0.6148557829277197,
                    0.6146220677016165,
                    0.6144403264078948,
                    0.6137536766820912,
                    0.6167120858096151,
                    0.6152396517670979,
                    0.6148931274333485,
                    0.6155094958858847,
                    0.6171340624950736,
                    0.6153927941225312,
                    0.6184872778925272,
                    0.6189256309227614,
                    0.6168532900557107,
                    0.6146386462363281,
                    0.6161841108527948,
                    0.6163500005176419,
                    0.619038538068339,
                    0.6147928541882535,
                    0.6163707034675903,
                    0.6163476112264197,
                    0.6177086416888262,
                    0.6169240353217358,
                    0.6182434345971549
                ]
            }
        },
        "enqueueTime_est": {
            "A0D0": {
                "A0": [
                    0.9641916,
                    0.9712111,
                    0.9726357,
                    0.9664957,
                    0.9618972,
                    0.9654639,
                    0.9628092,
                    0.9667283,
                    0.9639859,
                    0.9625244,
                    0.9617192999999999,
                    0.967505,
                    0.9667537,
                    0.9649231,
                    0.9658995,
                    0.9736384,
                    0.9684809,
                    0.9752366,
                    0.9787749,
                    0.9723456,
                    0.9651066,
                    0.9702752,
                    0.972406,
                    0.9796836,
                    0.962844,
                    0.9691458,
                    0.9713846,
                    0.9737711,
                    0.9734741,
                    0.97689
                ]
            }
        },
        "poisson_sentTime_est": {
            "0.5": {
                "A0D0": {
                    "A0": [
                        0.9828999863745684,
                        0.9868337848270788,
                        0.9836557275557409,
                        0.9867322751800452,
                        0.981959856403708,
                        0.9865549021002854,
                        0.9844986820153614,
                        0.9868198211915655,
                        0.9843847182646212,
                        0.9880656046046503,
                        0.9844322204406124,
                        0.987341358651486,
                        0.9855095938871761,
                        0.9819753709049929,
                        0.9863907864506433,
                        0.9866601640468847,
                        0.9847806372622784,
                        0.9889934909958332,
                        0.9908628611249889,
                        0.9854359799601926,
                        0.9837390730423559,
                        0.9846951230669986,
                        0.9873273862967532,
                        0.9904154972862267,
                        0.9852860237177018,
                        0.989823145232232,
                        0.985283077395465,
                        0.9882038790736032,
                        0.987788071813626,
                        0.9917089546915576
                    ]
                }
            }
        }
    },