{
    "Overall": {
        "samples": {
            "DominantAssumption": {
                "R0h1R1h1": 89,
                "R0h0R1h0": 69
            },
            "General": {
                "R0h1R1h1": 100,
                "R0h0R1h0": 100
            }
        }
    },
    "PerTrafficStream": {
        "samples": {
            "DominantAssumption": {
                "R0h1R1h1": 100,
                "R0h0R1h0": 100
            },
            "General": {
                "R0h1R1h1": 100,
                "R0h0R1h0": 100
            }
        }
    },
    "ANOVA": 96,
    "Kruskal": 93,
    "EndToEndMean": {
        "R0h1R1h1": 478577552.8739399,
        "R0h0R1h0": 585131745.3444775
    },
    "EndToEndStd": {
        "R0h1R1h1": 473729208.06562144,
        "R0h0R1h0": 676303024.5430543
    },
    "EndToEndSkew": {
        "R0h1R1h1": 1.8137125646713483,
        "R0h0R1h0": 2.2383004887761664
    },
    "experiments": 100
}