{
    "MaxEpsilonIneqDelay": {
        "A0D0": {
            "A0": 7
        }
    },
    "MaxEpsilonIneqSuccessProb": {
        "E2E_eventAvg": {
            "A0D0": {
                "A0": 0
            }
        },
        "sentTime_est": {
            "A0D0": {
                "A0": 0
            }
        },
        "enqueueTime_est": {
            "A0D0": {
                "A0": 7
            }
        },
        "poisson_sentTime_est": {
            "0.5": {
                "A0D0": {
                    "A0": 0
                }
            }
        }
    },
    "MaxEpsilonIneqNonMarkingProb": {
        "E2E_eventAvg": {
            "A0D0": {
                "A0": 5
            }
        },
        "sentTime_est_events": {
            "A0D0": {
                "A0": 8
            }
        },
        "sentTime_est_probs": {
            "A0D0": {
                "A0": 3
            }
        }
    },
    "EndToEndDelayMean": {
        "A0D0": {
            "A0": [
                43286.76331619116,
                38258.04325676324,
                31819.224659412692,
                34122.9454738009,
                33623.137447100205,
                32117.090083831354,
                43229.11253119768,
                29826.055058862912,
                35900.60524625323,
                33996.73294814137
            ]
        }
    },
    "EndToEndDelayStd": {
        "A0D0": {
            "A0": [
                50663.94974418834,
                46084.42741886072,
                42730.779357593936,
                42419.758071357,
                44283.17769905985,
                43312.03617401701,
                50364.88449803103,
                41284.13667595822,
                43856.7331943973,
                42631.53788451674
            ]
        }
    },
    "EndToEndSuccessProb": {
        "E2E_eventAvg": {
            "A0D0": {
                "A0": [
                    0.9887910930564959,
                    0.9934491255484104,
                    0.9943675193616522,
                    0.9948236427109667,
                    0.9941839971801198,
                    0.9949769289177034,
                    0.9874545032138156,
                    0.9961292592809806,
                    0.9931030382305726,
                    0.9948115458015268
                ]
            }
        },
        "sentTime_est": {
            "A0D0": {
                "A0": [
                    0.9894097114844744,
                    0.9916869088139632,
                    0.9927570409428711,
                    0.6207844939295941,
                    0.6207043482403216,
                    0.620971781533435,
                    0.9876198795290423,
                    0.6220384277376753,
                    0.6197280400106362,
                    0.620818364041547
                ]
            }
        },
        "enqueueTime_est": {
            "A0D0": {
                "A0": [
                    0.967477181461666,
                    0.9788289597169122,
                    0.9832635997827966,
                    0.9839176120902275,
                    0.9834641110720308,
                    0.9843828224144122,
                    0.9665780025073585,
                    0.9873163512925786,
                    0.9795645978446622,
                    0.9831384906564961
                ]
            }
        },
        "poisson_sentTime_est": {
            "0.5": {
                "A0D0": {
                    "A0": [
                        0.9886994675421339,
                        0.9943367913655679,
                        0.9923357097671215,
                        0.9940319111131511,
                        0.992353802448592,
                        0.9936858078504782,
                        0.9870771648183683,
                        0.9969179801326751,
                        0.9931915952878881,
                        0.99418237356181
                    ]
                }
            }
        }
    },
    "EndToEndNonMarkingProb": {
        "E2E_eventAvg": {
            "A0D0": {
                "A0": [
                    0.48694801775370494,
                    0.6233547689164012,
                    0.6902135648908707,
                    0.6542072950523655,
                    0.6705440018799201,
                    0.6853571637170726,
                    0.49415317896693256,
                    0.706351533634391,
                    0.6520007134788037,
                    0.6731273854961832
                ]
            }
        },
        "sentTime_est_events": {
            "A0D0": {
                "A0": [
                    0.6303585757545027,
                    0.6598730370225986,
                    0.7155532350545153,
                    0.6848455867604096,
                    0.6994152609684724,
                    0.7162235231234135,
                    0.6424768116091137,
                    0.7333121648388425,
                    0.6721327351246366,
                    0.6979069219688696
                ]
            }
        },
        "sentTime_est_probs": {
            "A0D0": {
                "A0": [
                    0.5885695745924342,
                    0.6240164805176427,
                    0.6821528294760473,
                    0.6639499262860565,
                    0.6837254412494087,
                    0.6805204596859329,
                    0.5953598272796268,
                    0.7124746911939939,
                    0.6455432196637625,
                    0.6643438699550579
                ]
            }
        }
    },
    "DropRate": [
        0.011208906943504071,
        0.006550874451589528,
        0.00563248063834787,
        0.005176357289033207,
        0.0058160028198801506,
        0.005023071082296604,
        0.01254549678618444,
        0.003870740719019383,
        0.0068969617694275565,
        0.005188454198473136
    ],
    "maxEpsilonDelay": {
        "A0D0": {
            "A0": [
                0.048719758428960716,
                0.04977911931339499,
                0.05927303831671568,
                0.052345856462530246,
                0.0532899749316588,
                0.056101988810907714,
                0.0480893073691701,
                0.059489902367628356,
                0.05072623412099304,
                0.05469607183090197
            ]
        }
    },
    "maxEpsilonSuccessProb": {
        "A0D0": {
            "A0": [
                0.005404522690828047,
                0.004784736094162586,
                0.0045402641409325005,
                0.0037761281170940707,
                0.004103248018131815,
                0.003950405609604658,
                0.005385268775198582,
                0.0033674222565211924,
                0.004050604328732764,
                0.004023464541918152
            ]
        }
    },
    "maxEpsilonNonMarkingProb": {
        "A0D0": {
            "A0": [
                0.03266106539447216,
                0.0310162121009725,
                0.026522883234744454,
                0.02861297032033108,
                0.029610781402393753,
                0.026218866630130445,
                0.031321293826641346,
                0.025955148528960654,
                0.028562196904104154,
                0.027349439346817116
            ]
        }
    },
    "errors": {
        "A0D0": {
            "A0": [
                0.02479182508949023,
                0.0020771324675990187,
                0.05484859375530157,
                0.03257862191195851,
                0.027449790768211427,
                0.04002677207444182,
                0.052872472318644906,
                0.06418061539033007,
                0.022588113226371984,
                0.060075478257754514
            ]
        }
    },