{
    "DominantAssumption": {
        "R0H0R2H0": 1,
        "R0H1R2H1": 1,
        "R0H2R2H2": 1,
        "R0H3R2H3": 1,
        "R0H4R2H4": 1,
        "R0H5R2H5": 1,
        "R1H0R3H0": 1,
        "R1H1R3H1": 1,
        "R1H2R3H2": 1,
        "R1H3R3H3": 1,
        "R1H4R3H4": 1,
        "R1H5R3H5": 1
    },
    "MaxEpsilonIneq": {
        "R0H0R2H0": 1,
        "R0H1R2H1": 1,
        "R0H2R2H2": 1,
        "R0H3R2H3": 1,
        "R0H4R2H4": 1,
        "R0H5R2H5": 1,
        "R1H0R3H0": 1,
        "R1H1R3H1": 1,
        "R1H2R3H2": 1,
        "R1H3R3H3": 1,
        "R1H4R3H4": 1,
        "R1H5R3H5": 1
    },
    "Basic": {
        "R0H0R2H0": 1,
        "R0H1R2H1": 1,
        "R0H2R2H2": 1,
        "R0H3R2H3": 1,
        "R0H4R2H4": 1,
        "R0H5R2H5": 1,
        "R1H0R3H0": 1,
        "R1H1R3H1": 1,
        "R1H2R3H2": 0,
        "R1H3R3H3": 1,
        "R1H4R3H4": 1,
        "R1H5R3H5": 0
    },
    "EndToEndMean": {
        "R0H0R2H0": [
            638176599.1029489
        ],
        "R0H1R2H1": [
            636293730.0963292
        ],
        "R0H2R2H2": [
            637108523.2917426
        ],
        "R0H3R2H3": [
            636733553.2760646
        ],
        "R0H4R2H4": [
            637646495.2676116
        ],
        "R0H5R2H5": [
            635632327.8781638
        ],
        "R1H0R3H0": [
            616454182.8303987
        ],
        "R1H1R3H1": [
            615610795.7315781
        ],
        "R1H2R3H2": [
            616007423.5176464
        ],
        "R1H3R3H3": [
            616540491.5758146
        ],
        "R1H4R3H4": [
            617399397.1861037
        ],
        "R1H5R3H5": [
            615029736.7124101
        ]
    },
    "EndToEndStd": {
        "R0H0R2H0": [
            236158768.02945903
        ],
        "R0H1R2H1": [
            239029009.07562456
        ],
        "R0H2R2H2": [
            236675395.47166625
        ],
        "R0H3R2H3": [
            237405117.64062688
        ],
        "R0H4R2H4": [
            234459580.83125564
        ],
        "R0H5R2H5": [
            237708215.63497967
        ],
        "R1H0R3H0": [
            241907182.53643975
        ],
        "R1H1R3H1": [
            243324013.5639624
        ],
        "R1H2R3H2": [
            241804027.3721222
        ],
        "R1H3R3H3": [
            242534050.88834763
        ],
        "R1H4R3H4": [
            242619002.925769
        ],
        "R1H5R3H5": [
            242379500.1700226
        ]
    },
    "ANOVA": {
        "A0T2": 1,
        "A0T3": 1,
        "A1T2": 1,
        "A1T3": 1,
        "T0A0": 1,
        "T0A1": 1,
        "T1A0": 1,
        "T1A1": 1
    },
    "Kruskal": {
        "A0T2": 1,
        "A0T3": 1,
        "A1T2": 1,
        "A1T3": 1,
        "T0A0": 1,
        "T0A1": 1,
        "T1A0": 1,
        "T1A1": 1
    },
    "DropRate": [
        0.000460835446496216
    ],
    "A0T2std": [
        250689.36681118497
    ],
    "A0T3std": [
        248163.80185435858
    ],
    "A1T2std": [
        252587.76581054984
    ],
    "A1T3std": [
        250633.94543031135
    ],
    "T0A0std": [
        205287154.71239123
    ],
    "T0A1std": [
        256281904.52492175
    ],
    "T1A0std": [
        227708586.46648446
    ],
    "T1A1std": [
        245643261.3718297
    ],
    "T2H0std": [
        1856241.044969891
    ],
    "T2H1std": [
        998244.082287089
    ],
    "T2H2std": [
        1746168.0561954277
    ],
    "T2H3std": [
        762647.1287720808
    ],
    "T2H4std": [
        2047619.8858806207
    ],
    "T2H5std": [
        872955.109730487
    ],
    "T3H0std": [
        1668802.8945851384
    ],
    "T3H1std": [
        844372.424463353
    ],
    "T3H2std": [
        2228349.768754999
    ],
    "T3H3std": [
        822514.8002607335
    ],
    "T3H4std": [
        1901212.3811733052
    ],
    "T3H5std": [
        765440.3699527394
    ],
    "experiments": 1
}