{
    "MaxEpsilonIneqDelay": {
        "A0D0": {
            "A0": 29
        }
    },
    "MaxEpsilonIneqSuccessProb": {
        "E2E_eventAvg": {
            "A0D0": {
                "A0": 0
            }
        },
        "sentTime_est": {
            "A0D0": {
                "A0": 0
            }
        },
        "enqueueTime_est": {
            "A0D0": {
                "A0": 23
            }
        },
        "poisson_sentTime_est": {
            "0.5": {
                "A0D0": {
                    "A0": 1
                }
            }
        }
    },
    "EndToEndDelayMean": {
        "A0D0": {
            "A0": [
                54807,
                55586,
                59988,
                56515,
                59849,
                60755,
                55473,
                57280,
                54389,
                53524,
                56678,
                56088,
                54976,
                56568,
                57411,
                54695,
                57000,
                52463,
                55256,
                56400,
                53711,
                52348,
                55734,
                51961,
                56875,
                55179,
                52581,
                53460,
                55888,
                56966
            ]
        }
    },
    "EndToEndDelayStd": {
        "A0D0": {
            "A0": [
                3683690524,
                3708805246,
                3702193983,
                3396380441,
                3710775405,
                3782201416,
                3460909605,
                3702356521,
                3460753834,
                3188779922,
                3428088844,
                3531791188,
                3439865972,
                3492552783,
                3522315151,
                3446927787,
                3517209148,
                3417804765,
                3319871636,
                3517144315,
                3322991900,
                3507123145,
                3547691478,
                3404717321,
                3596509157,
                3481899497,
                3312625419,
                3318653492,
                3494398994,
                3539369861
            ]
        }
    },
    "EndToEndSuccessProb": {
        "E2E_eventAvg": {
            "A0D0": {
                "A0": [
                    0.975718598241239,
                    0.9743237047226043,
                    0.9753211227402474,
                    0.9798562006060966,
                    0.9726381622466775,
                    0.9707120980091883,
                    0.9776042338969924,
                    0.96843954855714,
                    0.9803029358598766,
                    0.9806235250279468,
                    0.979178989707796,
                    0.978016392401042,
                    0.975347739692002,
                    0.9765128325877089,
                    0.9748279496558994,
                    0.97852228537242,
                    0.9764845605700713,
                    0.9790953112082201,
                    0.9790392494507452,
                    0.9770542086946263,
                    0.9799870884441575,
                    0.9769028871391076,
                    0.9747817652764307,
                    0.9812044745057232,
                    0.9761848341232228,
                    0.9779883467718203,
                    0.980013655266588,
                    0.9806936002860207,
                    0.9778048780487805,
                    0.9768992617289831
                ]
            }
        },
        "sentTime_est": {
            "A0D0": {
                "A0": [
                    0.9734865620638683,
                    0.9707545666291074,
                    0.9685341163619492,
                    0.9743298422284676,
                    0.9653447263939879,
                    0.9670356607354326,
                    0.6090245006327979,
                    0.6021293893739381,
                    0.6111732675267552,
                    0.6103980838119286,
                    0.6085649779053474,
                    0.609005304008768,
                    0.6069596471927801,
                    0.6070525318196454,
                    0.6060464516606394,
                    0.6088650775475275,
                    0.6064880424090707,
                    0.6089853383094876,
                    0.608837394465189,
                    0.6075536933577537,
                    0.6100915903838053,
                    0.6083070286895218,
                    0.6062839381850278,
                    0.6109965428364788,
                    0.6068579262031628,
                    0.6083710470675678,
                    0.6099774090525084,
                    0.6100983025836886,
                    0.6080336301061862,
                    0.6071504103892063
                ]
            }
        },
        "enqueueTime_est": {
            "A0D0": {
                "A0": [
                    0.9531258,
                    0.9509732,
                    0.9488413,
                    0.9597404,
                    0.9440774,
                    0.9445611,
                    0.9573062,
                    0.9432691,
                    0.9605676,
                    0.9632026,
                    0.956703,
                    0.9573008,
                    0.9541869,
                    0.9551105,
                    0.9528642,
                    0.9587722,
                    0.9542772,
                    0.9587026,
                    0.9573131,
                    0.9567115,
                    0.9610002,
                    0.9536915,
                    0.9505334,
                    0.9603557,
                    0.9536561,
                    0.958056,
                    0.9610643,
                    0.9609591,
                    0.9549672,
                    0.9546043
                ]
            }
        },
        "poisson_sentTime_est": {
            "0.5": {
                "A0D0": {
                    "A0": [
                        0.9788557053868133,
                        0.976901078012301,
                        0.9736265273462648,
                        0.9767506254683026,
                        0.9665210570693833,
                        0.9726255403262797,
                        0.9793392674255313,
                        0.9621733044097491,
                        0.9800976575917206,
                        0.9774652828611907,
                        0.9773896073475862,
                        0.9743412440873017,
                        0.9741048679366219,
                        0.9741935459807054,
                        0.9726153802088978,
                        0.9775434239567239,
                        0.9735869153915386,
                        0.9779522525526396,
                        0.9757111785427028,
                        0.9742296367184415,
                        0.9764804015527052,
                        0.9749816367267815,
                        0.9717026542107763,
                        0.9761384995004597,
                        0.9740682432742489,
                        0.9759380582437708,
                        0.9768194348443323,
                        0.9812709260724872,
                        0.9703448031137594,
                        0.9741500306537614
                    ]
                }
            }
        }
    },