{
    "Overall": {
        "samples": {
            "DominantAssumption": {
                "R0h1R1h1": 7,
                "R0h0R1h0": 0
            },
            "General": {
                "R0h1R1h1": 50,
                "R0h0R1h0": 50
            },
            "RelaxedDominantAssumption": {
                "R0h1R1h1": 1,
                "R0h0R1h0": 0
            },
            "Basic": {
                "R0h1R1h1": 0,
                "R0h0R1h0": 12
            },
            "Basic_timeAvg": {
                "R0h1R1h1": 2,
                "R0h0R1h0": 0
            }
        }
    },
    "PerTrafficStream": {},
    "ANOVA": {
        "samples": 44,
        "groundtruth": 0
    },
    "Kruskal": {
        "samples": 49,
        "groundtruth": 2
    },
    "EndToEndMean": {
        "R0h1R1h1": [
            189742618.23161325,
            195451403.48433444,
            194912484.71431023,
            186593268.8938663,
            186319395.97994858,
            188944831.63694268,
            192191657.99144715,
            190989048.9229188,
            184542415.8506045,
            180949191.52518108,
            186844005.7054502,
            185631160.3841934,
            195711600.8681865,
            190625842.3636208,
            191720707.90586025,
            188178142.04086912,
            192578948.09696242,
            188202901.8267472,
            190828268.6339959,
            197234616.36236578,
            183779821.08835617,
            190091535.6253248,
            189517915.221289,
            187548141.735485,
            197419213.8260497,
            199853707.17852256,
            188123576.39266655,
            187724561.05678126,
            190700646.25853825,
            186941528.5779422,
            194295413.45141876,
            186252145.40288758,
            193010965.7108038,
            194165312.1055794,
            196770500.3436214,
            194434841.36728394,
            188163026.9381479,
            184146343.22026888,
            199901209.57272726,
            192837650.86489254,
            196113307.702726,
            206523495.982738,
            191592130.64158383,
            194186061.60308218,
            195062631.0755204,
            187164379.02428025,
            189266633.47893378,
            194737394.86803165,
            189555248.6768146,
            183057028.2707761
        ],
        "R0h0R1h0": [
            192815921.28867367,
            206665306.89146554,
            199499757.881084,
            190116351.32928967,
            195364229.0484457,
            197680063.70728084,
            195623717.21253037,
            196469379.4454989,
            188778591.00337884,
            184342401.6007043,
            190223827.2462162,
            195087180.52908474,
            199653784.27613652,
            192942955.68054616,
            194416971.6737311,
            192437079.0380707,
            195322935.80461955,
            193077690.4069783,
            194914694.51427025,
            199872951.5449771,
            188483286.12710485,
            199790214.7203721,
            198644074.3802969,
            189796773.7934665,
            205863673.56861687,
            204401228.34603986,
            190476451.59133253,
            191792054.07749426,
            196620864.1438041,
            194606850.95341322,
            198439040.82820928,
            190071522.25534797,
            199639547.2215019,
            199692078.12959224,
            202142427.68925485,
            201592389.8385832,
            192220117.992,
            188837914.63894522,
            204718410.3084637,
            194603840.83222568,
            199313778.2437737,
            209655396.67808035,
            198693006.7583974,
            198526058.95191404,
            206391355.22309357,
            190985909.19384158,
            205318135.00135484,
            205084253.33518043,
            197629549.20369622,
            186191704.77565145
        ]
    },
    "EndToEndStd": {
        "R0h1R1h1": [
            84239142.48189393,
            87009285.95968969,
            84953840.16100395,
            83355018.97941367,
            81476737.38854271,
            80294076.26102372,
            84606980.34928213,
            84781016.16003859,
            82680771.29553,
            80798271.39214437,
            80978066.02543183,
            79450746.83646606,
            83813943.57395361,
            86509725.25500222,
            85989767.10769445,
            84530811.55258872,
            84946870.66896681,
            83870794.5556813,
            84907287.14868264,
            87953056.50594966,
            82034596.09368983,
            82505048.45521756,
            81331868.23823851,
            81356490.71682055,
            88007888.40527126,
            88545272.76645456,
            84725088.03265356,
            85861072.65947285,
            84236918.24058567,
            82020267.88390571,
            87215195.67742348,
            80734171.828431,
            84157036.27399942,
            86169211.9657723,
            86345981.97123978,
            83568339.40392548,
            81451933.20739874,
            83250605.96964179,
            85946878.78821774,
            85568245.07548384,
            88834695.64162263,
            91265539.29763842,
            84611325.7916262,
            81006537.7700585,
            83397241.1778521,
            83405013.5943589,
            83157615.79637896,
            82475360.64159906,
            84550426.09354836,
            81503308.75137755
        ],
        "R0h0R1h0": [
            86824151.36613385,
            98684559.51681842,
            90133310.32850645,
            86816728.07942471,
            91208234.05762559,
            91644609.48894122,
            89765929.15885738,
            91661319.75622532,
            87958160.71934894,
            85662925.17956296,
            84129445.1868972,
            90323478.97460572,
            87167155.5882717,
            86798249.53056249,
            89050802.96440804,
            90175475.54719965,
            89484484.725064,
            89442468.92550978,
            89544272.91440865,
            88933133.24527866,
            87455108.52047218,
            92899505.31872472,
            91902632.40889846,
            83256258.37855893,
            94194452.23896372,
            94271873.05106317,
            86982645.2507758,
            91294005.06019366,
            92049618.1208475,
            90286537.35879003,
            92490687.22180897,
            86765138.60340986,
            90628714.68044993,
            92438333.2629951,
            92559543.12340929,
            93237703.54957151,
            87109188.88603058,
            87944931.95865792,
            90688203.78521766,
            89462078.68950069,
            91607855.66382617,
            94836729.93878573,
            93087091.74017297,
            85533473.95788097,
            96421748.95112315,
            87295106.51662455,
            98718796.07316805,
            95848996.95596221,
            93608004.80787797,
            85297460.13626918
        ]
    },