{
    "Overall": {
        "samples": {
            "DominantAssumption": {
                "R0h1R1h1": 3,
                "R0h0R1h0": 0
            },
            "General": {
                "R0h1R1h1": 50,
                "R0h0R1h0": 50
            },
            "RelaxedDominantAssumption": {
                "R0h1R1h1": 0,
                "R0h0R1h0": 0
            },
            "Basic": {
                "R0h1R1h1": 0,
                "R0h0R1h0": 10
            },
            "Basic_timeAvg": {
                "R0h1R1h1": 1,
                "R0h0R1h0": 0
            }
        }
    },
    "PerTrafficStream": {},
    "ANOVA": {
        "samples": 49,
        "groundtruth": 0
    },
    "Kruskal": {
        "samples": 47,
        "groundtruth": 7
    },
    "EndToEndMean": {
        "R0h1R1h1": [
            199089379.0439993,
            190363277.73013416,
            192886512.97823083,
            191177797.51481226,
            192380848.7502587,
            190686300.97943446,
            182473679.85366273,
            195023669.8720192,
            182727334.04477096,
            186035517.7109469,
            184134323.28926185,
            181906965.26458406,
            194257562.05073455,
            195249765.72158408,
            201893968.04066575,
            192179458.90970188,
            194187775.95192307,
            195848187.54489797,
            198484395.47783417,
            188363639.2277262,
            191264279.39989635,
            202445290.71448064,
            194612780.70249063,
            193734753.64739385,
            187752147.73104042,
            192920823.6015786,
            192528000.87302127,
            198738073.64424565,
            192217548.24393162,
            187757837.80226183,
            188606549.016546,
            193751774.93263626,
            187611686.04186046,
            188108756.1958247,
            204595323.27127934,
            186111518.63070327,
            195055286.67307693,
            188715211.82565165,
            189979309.17985612,
            192756284.9476386,
            193852220.73314995,
            203455080.42281422,
            188704148.41103873,
            200099481.93614438,
            192900092.16655278,
            188960848.6295915,
            189764884.7258481,
            197913985.2790777,
            194355156.17480588,
            204412827.27142859
        ],
        "R0h0R1h0": [
            202699531.65656975,
            193622032.55011466,
            197047665.96561527,
            199103557.82868686,
            198898950.4524453,
            192293484.79748207,
            184674522.21770367,
            198538205.76253727,
            187097533.6508108,
            191233580.649273,
            185969822.34513155,
            183950037.20078316,
            200497701.78814015,
            198632962.92908087,
            205999211.8194482,
            201631441.61510453,
            198679891.43640292,
            195298946.2848213,
            201727071.67995137,
            191979546.24598137,
            196174077.96594596,
            204676725.14405406,
            200310031.8502921,
            204580897.9705485,
            193963644.5548038,
            195685901.80642548,
            195694689.31537116,
            200218784.2789509,
            196990695.28443843,
            196900243.9498106,
            200750818.0264766,
            198901663.60010794,
            193472765.8786244,
            194312944.29513282,
            209441802.70302868,
            190478658.97063997,
            195966248.1299634,
            194941310.66149905,
            191660431.94206414,
            201944450.73639202,
            205424121.64633328,
            212693860.5676661,
            192219649.78512284,
            205997371.31794107,
            196664300.30510536,
            191804583.21251014,
            195757211.334732,
            204613110.37767318,
            203325006.4690777,
            206498408.7973301
        ]
    },
    "EndToEndStd": {
        "R0h1R1h1": [
            87604495.35944992,
            85510112.2571417,
            85329917.04862818,
            85144571.41593073,
            86461762.96132967,
            82033355.2995934,
            80786469.24862155,
            86365764.75445634,
            75465966.7994592,
            81645663.6361918,
            81720239.65980664,
            81910720.3033323,
            84833637.62360862,
            85118684.33792539,
            91335965.99484435,
            83097172.84114367,
            82366624.43057126,
            89275901.22102597,
            89094937.98716208,
            85061554.93480603,
            86965628.99575856,
            89269153.7192323,
            80077876.60839987,
            83112323.86571626,
            80905185.28221521,
            85626635.70270807,
            85061537.59553902,
            88193024.19178881,
            85724224.60660416,
            82831532.70971811,
            81532564.7956009,
            86177004.4929918,
            84563264.56454602,
            81788281.46024716,
            89781273.7099312,
            83147702.70398091,
            87945181.79154998,
            82801723.21171838,
            84668224.23430467,
            86460013.62106001,
            82591121.56277144,
            87750215.02928922,
            85667179.62180483,
            87479787.60402428,
            82475866.88732392,
            84964718.2095086,
            84455425.536238,
            82647701.05570355,
            81526492.11013502,
            85988503.4076713
        ],
        "R0h0R1h0": [
            89832949.98184589,
            90125591.66179335,
            91239542.9083753,
            92514977.78425862,
            93208593.35480592,
            84343015.02703866,
            84299576.71064349,
            91185313.6418238,
            82448698.3205621,
            87451695.92824385,
            85122138.09266382,
            83516216.15957513,
            92872784.84259696,
            91266650.60029124,
            96574265.03481297,
            93282835.34537612,
            87112874.18820848,
            89714147.70716538,
            93642964.39454256,
            89438896.66906476,
            91941946.13988607,
            92494153.79490413,
            88689839.26469117,
            95800903.15665507,
            87394890.55109039,
            89221355.27256638,
            89232699.40691626,
            88569667.08559094,
            92176671.01179703,
            93614973.43733303,
            95497481.8519224,
            91010332.06204808,
            90095457.06863812,
            89193108.69003002,
            94247287.58626595,
            88139407.39409065,
            89343776.64103672,
            89477046.77876773,
            86570748.10373214,
            96098313.75595313,
            93466499.83484268,
            98148685.91972466,
            89746749.91294394,
            95896312.64081798,
            87693288.55873612,
            88784679.9176088,
            91004434.1948337,
            90818440.46654983,
            92929675.42803603,
            89186883.33779688
        ]
    },