{
    "Overall": {
        "samples": {
            "DominantAssumption": {
                "R0h1R1h1": 2,
                "R0h0R1h0": 0
            },
            "General": {
                "R0h1R1h1": 50,
                "R0h0R1h0": 50
            },
            "RelaxedDominantAssumption": {
                "R0h1R1h1": 1,
                "R0h0R1h0": 0
            },
            "Basic": {
                "R0h1R1h1": 0,
                "R0h0R1h0": 12
            },
            "Basic_timeAvg": {
                "R0h1R1h1": 1,
                "R0h0R1h0": 0
            }
        }
    },
    "PerTrafficStream": {},
    "ANOVA": {
        "samples": 46,
        "groundtruth": 0
    },
    "Kruskal": {
        "samples": 47,
        "groundtruth": 6
    },
    "EndToEndMean": {
        "R0h1R1h1": [
            198470278.49338147,
            194653530.38544336,
            187452471.88787302,
            198829352.41280654,
            188420606.42717782,
            195565748.60630462,
            200035342.05860308,
            196091705.57103685,
            189154253.98479152,
            198626410.76479644,
            188521834.31747124,
            192283046.7564963,
            203127467.40778688,
            182991052.5830169,
            196124292.15807444,
            195014982.33179486,
            205109724.39935175,
            196321423.64381698,
            199670816.70686424,
            187528759.17008796,
            202903141.01692885,
            191384537.60516858,
            196348625.90200138,
            194123853.84393862,
            195215429.41613623,
            201460056.23756623,
            189256695.00726014,
            196386111.31793386,
            184111197.02572513,
            191373408.6761071,
            189362124.18501976,
            184026550.16520542,
            189704100.60625747,
            185699562.04146594,
            198290084.55787477,
            190248768.9096973,
            183120027.97209302,
            190684461.12502137,
            188347706.1744206,
            197617681.0708917,
            186289622.91099298,
            191572677.6485612,
            190384920.42034188,
            181508678.2907618,
            194382256.35599038,
            189891865.314966,
            191771049.17413792,
            198725656.98588154,
            192417336.34576562,
            193326214.38262507
        ],
        "R0h0R1h0": [
            205906349.33337846,
            198828573.3949818,
            193846345.1838474,
            196694210.10149252,
            195132380.2777703,
            199920293.47052446,
            200315107.10332254,
            200706876.46555915,
            196077746.51660815,
            204019438.41427806,
            199899119.16410464,
            198848198.02102143,
            208681579.30905885,
            188198180.94414464,
            195660494.01747495,
            206179575.19139144,
            207744706.61267322,
            196669412.5384719,
            199789126.43239227,
            190973975.8313433,
            209431018.77592292,
            199411417.54,
            202193017.69705525,
            197513914.62742177,
            206846397.57384595,
            206368176.45241004,
            195070343.21129423,
            202144354.38430256,
            192024914.71314147,
            195669118.1846591,
            194742589.47972518,
            190832657.15975046,
            192883373.23441297,
            187772458.82987663,
            204961025.64435714,
            195179773.7631223,
            188987046.86141157,
            196534378.33602694,
            194660418.98795342,
            200388891.11225042,
            188992363.47739306,
            192895565.40068072,
            190395369.89194685,
            191483340.83823726,
            198259657.1435523,
            188835686.0283505,
            198216322.81457403,
            206017947.86661255,
            198439003.225162,
            198817970.64675605
        ]
    },
    "EndToEndStd": {
        "R0h1R1h1": [
            88787006.57914871,
            83035594.01958893,
            83356471.70198661,
            91617018.08121511,
            82056642.91034283,
            88322302.31500293,
            89968973.41147277,
            88435198.44274816,
            80869591.82436466,
            82819243.76023164,
            82587442.73659109,
            85194963.37462293,
            85302249.41523081,
            78192292.28216662,
            85662410.82012033,
            85448823.03085588,
            89171440.36421303,
            85140393.30342361,
            91175594.8870365,
            81909170.23441625,
            89774159.39944576,
            84864305.26332647,
            85214144.34206614,
            86067688.33691289,
            84523339.52934119,
            85105939.69908062,
            84840860.99647172,
            85197055.90699175,
            84421851.10499854,
            81542119.71026136,
            86071463.43316242,
            81588055.17239551,
            82238689.20150687,
            81622721.1131916,
            84185458.73146154,
            82929614.34099236,
            80650625.05285622,
            83013312.09244427,
            80864851.63135312,
            85197979.06941475,
            81971104.71652028,
            85772954.19018844,
            87574240.34755667,
            74763453.38777879,
            84123050.55104753,
            86614938.96096891,
            81609057.00816275,
            83983451.39747289,
            85333460.15123527,
            85970414.25515144
        ],
        "R0h0R1h0": [
            95975564.0512178,
            88507865.52685907,
            89229429.95977257,
            89333628.9302897,
            88702371.76532649,
            93298469.25090715,
            88872682.05497594,
            93679067.3663851,
            89388566.83583593,
            90423144.54990692,
            93749942.0161021,
            93368096.57582915,
            92953204.44322209,
            84502928.85505116,
            84956995.82146013,
            96660282.45778377,
            91827438.18657964,
            84869938.27613772,
            91154189.13986412,
            87876414.2835035,
            96465869.56653233,
            93062824.22010702,
            92287192.96833237,
            89262980.94324838,
            97024318.15476386,
            92279303.26601839,
            90726193.74150331,
            94334525.93349269,
            92391847.40513586,
            87314362.84790142,
            92847178.79501793,
            89039638.03060734,
            85409782.90434135,
            84982673.66861357,
            91472658.16759147,
            89124575.53423798,
            88324686.82093649,
            90446672.20912513,
            89277710.94404973,
            88322654.18464005,
            85633097.65419288,
            87834606.32750374,
            87245903.35941398,
            85975515.03736067,
            88381329.76388603,
            85270269.2248738,
            90262346.57214837,
            92638744.79789583,
            92235786.89207084,
            91771525.23066434
        ]
    },