{
    "Overall": {
        "samples": {
            "DominantAssumption": {
                "R0h1R1h1": 9,
                "R0h0R1h0": 0
            },
            "General": {
                "R0h1R1h1": 50,
                "R0h0R1h0": 50
            },
            "RelaxedDominantAssumption": {
                "R0h1R1h1": 4,
                "R0h0R1h0": 0
            },
            "Basic": {
                "R0h1R1h1": 0,
                "R0h0R1h0": 12
            },
            "Basic_timeAvg": {
                "R0h1R1h1": 6,
                "R0h0R1h0": 0
            }
        }
    },
    "PerTrafficStream": {},
    "ANOVA": {
        "samples": 48,
        "groundtruth": 0
    },
    "Kruskal": {
        "samples": 48,
        "groundtruth": 2
    },
    "EndToEndMean": {
        "R0h1R1h1": [
            198899651.94125777,
            187800983.46148533,
            187003143.3491195,
            194846530.5868253,
            191335564.0164243,
            191819479.3520496,
            191751915.61390027,
            191744943.7142857,
            192474209.8163652,
            194877618.24762562,
            190770865.32702562,
            189125960.83712187,
            189757436.58444902,
            204307403.14557287,
            200240275.34195206,
            205742179.43679342,
            193287331.0620513,
            194749285.64353204,
            187208128.36588743,
            200181312.13804367,
            195867960.52113402,
            189999775.58208698,
            191816006.2403846,
            202830425.46071675,
            186397982.4930772,
            193905239.99467993,
            197748462.6253622,
            197454807.36651817,
            190960226.37650913,
            194306841.65288973,
            196428612.08498973,
            190616833.24328026,
            186977238.04693702,
            192504245.87525773,
            194069121.53127137,
            182679290.73830006,
            181843944.92077163,
            197491599.48718825,
            196442865.14824936,
            190930695.15450495,
            190861806.25685227,
            185722123.96195745,
            186068954.0536752,
            188033813.95451435,
            184279204.0727085,
            194073042.5468056,
            194429575.6589081,
            192406894.68940693,
            186858398.63417548,
            198590300.4542024
        ],
        "R0h0R1h0": [
            206997073.87375236,
            196196108.07125506,
            190957173.62171724,
            198966356.3473912,
            198056104.3106979,
            195239859.13965797,
            193382594.23531008,
            200043785.39701733,
            200117238.37598693,
            196597684.83301708,
            194825535.81645912,
            191997962.58250847,
            197194053.73924732,
            206134977.29450667,
            203226339.8530004,
            209181716.93067425,
            199819499.33454692,
            203957089.03415355,
            192554065.99838057,
            204924260.4291291,
            202888682.07831162,
            198173744.66288033,
            198967976.78681856,
            207285191.7335491,
            193960962.36420003,
            199016841.65415367,
            203051685.1813548,
            201946204.18541527,
            195117647.37540367,
            196434901.49657118,
            201941942.59384322,
            193323626.18436953,
            191611831.9437778,
            194059612.7341772,
            194821872.62846705,
            187448098.76753017,
            191228657.24431202,
            201737074.52301878,
            196705833.0008129,
            193399041.12131104,
            201682810.4892814,
            194413826.96690083,
            186796509.7622216,
            193272820.24255148,
            192859035.12079903,
            196618331.99595195,
            201819089.11995137,
            201456058.5900404,
            190928056.80632466,
            204282094.2638569
        ]
    },
    "EndToEndStd": {
        "R0h1R1h1": [
            84365351.66176191,
            85372842.58626159,
            83116221.07188421,
            87385497.2382548,
            82671904.48405533,
            85770228.01617333,
            85202371.32490894,
            83345899.52572474,
            82819848.22423048,
            83185485.46140982,
            81322869.08656259,
            86115930.53311534,
            83059297.11457582,
            92051365.283732,
            89429106.42430197,
            92170455.77984217,
            84407725.2624741,
            80805607.64044829,
            86733047.59084523,
            89045135.89200312,
            80679500.46478364,
            88657268.10421877,
            84812889.369987,
            87911108.71332069,
            82692416.23237719,
            81255653.36641435,
            87093254.42365186,
            86109734.75828531,
            84931694.3974148,
            86166500.23261622,
            86868476.52557613,
            87631856.38290781,
            83743279.12332067,
            87729496.69553228,
            88053153.74119571,
            77531038.62575349,
            81759379.30369984,
            86407314.11487131,
            87220495.96429934,
            83751573.36523116,
            84838511.42961438,
            81232444.45958273,
            81530718.64960928,
            83807272.65559173,
            82378919.09963568,
            86568399.74622864,
            87232972.78529158,
            85059030.16102315,
            83381125.16189715,
            84353824.39962237
        ],
        "R0h0R1h0": [
            92280307.65024568,
            94912943.02954285,
            89493735.98698716,
            91348798.95852746,
            89784066.07998833,
            88717254.7328525,
            86901917.12624244,
            92052768.09593101,
            93148162.14154683,
            86062488.05031122,
            85866016.94463374,
            88953108.0579558,
            91403270.97586991,
            93244815.3497999,
            92317473.26908456,
            96491389.44962192,
            92510921.02727935,
            92273516.5392557,
            92857344.0107544,
            92563848.41968322,
            90865471.70084749,
            95618232.85276687,
            92265709.12387425,
            92814862.33136334,
            91541476.48523988,
            88683532.9462661,
            95223157.49002923,
            91374771.85919121,
            88842952.31248777,
            88359188.21487258,
            93682010.20711033,
            91598663.46691164,
            87638108.14957564,
            89113622.27309541,
            88320477.08874436,
            84155007.7965404,
            93253180.21755229,
            91402051.90183401,
            88908728.52055483,
            87248620.01770803,
            95884237.00363949,
            91238477.16084763,
            83267881.79233874,
            91180075.0783843,
            91629875.9553195,
            88794416.02070983,
            96124906.8717242,
            95013559.43030684,
            89467793.51342939,
            91150348.63447243
        ]
    },