{
    "Overall": {
        "samples": {
            "DominantAssumption": {
                "R0h1R1h1": 7,
                "R0h0R1h0": 0
            },
            "General": {
                "R0h1R1h1": 50,
                "R0h0R1h0": 50
            },
            "RelaxedDominantAssumption": {
                "R0h1R1h1": 0,
                "R0h0R1h0": 0
            },
            "Basic": {
                "R0h1R1h1": 0,
                "R0h0R1h0": 11
            },
            "Basic_timeAvg": {
                "R0h1R1h1": 0,
                "R0h0R1h0": 0
            }
        }
    },
    "PerTrafficStream": {},
    "ANOVA": {
        "samples": 49,
        "groundtruth": 0
    },
    "Kruskal": {
        "samples": 49,
        "groundtruth": 2
    },
    "EndToEndMean": {
        "R0h1R1h1": [
            194684887.46108714,
            189203454.08171004,
            190517922.7163255,
            186886001.0778773,
            183332852.24365833,
            196236266.61335617,
            196735784.2388803,
            193411221.77015644,
            185758605.5491619,
            195761313.90161124,
            183317768.75652325,
            198971963.8128525,
            194917563.16197184,
            194653555.24709502,
            185611120.3396646,
            190920695.21142268,
            195764695.47386461,
            191813385.43972367,
            193476153.37238422,
            195132497.87957758,
            186993372.7540871,
            196642413.4226078,
            188520403.3305541,
            189372844.31746033,
            192988641.57980457,
            186251883.09534484,
            192396415.55995917,
            177708840.76032916,
            189308758.6100823,
            190859544.82148987,
            188872636.03118503,
            192668335.78942823,
            194221551.9505087,
            192049139.05703488,
            193000550.17794573,
            193033817.5193999,
            186621515.40884742,
            191055568.4113475,
            202669910.68573868,
            187980880.1520387,
            189812108.12679467,
            185894243.3149863,
            191897802.28817353,
            196337695.23891836,
            188614607.2127072,
            191963654.0670888,
            190363754.81983528,
            189447929.67657104,
            188239265.61500257,
            195436937.8824336
        ],
        "R0h0R1h0": [
            201536677.00135154,
            199943774.3300866,
            196717720.44605583,
            190984048.07229894,
            193952146.7322537,
            199812953.62583005,
            203925914.93103448,
            196388919.50946414,
            192117845.75756347,
            201429751.9012279,
            189097086.69860253,
            197504420.80274233,
            202337614.3499662,
            199535734.23765972,
            192217361.92708614,
            197808358.2,
            197480034.74685428,
            195987403.33863574,
            195907167.02196175,
            203427508.6159165,
            193986196.5609493,
            203459738.45368493,
            195185581.93777114,
            193634614.71357393,
            197438235.47246963,
            194008852.80954957,
            194202074.14984462,
            180445658.48830017,
            190123310.2382637,
            197634977.78076303,
            197419174.92639765,
            198077059.42607293,
            198329225.7858681,
            196295829.13264892,
            200255662.17849463,
            199122493.91955262,
            191333576.99456373,
            201891222.27329025,
            204620589.41198602,
            191376072.68884093,
            198350834.2636535,
            186114848.00215837,
            197544243.79089558,
            207843982.69545764,
            195216604.5972857,
            196090801.0898695,
            196023841.9862441,
            192746581.99674797,
            199706736.7363124,
            199507182.4600027
        ]
    },
    "EndToEndStd": {
        "R0h1R1h1": [
            83926519.94330834,
            78692827.17171144,
            85181764.8280688,
            83305310.93457921,
            76586332.6693795,
            86413601.4713276,
            85477679.26448679,
            83324682.47061616,
            80971420.57469247,
            83767108.83239096,
            79729065.22499005,
            91682411.77300775,
            85435018.1255095,
            85075661.03832674,
            82648810.64779992,
            83753883.60262233,
            87863711.45966403,
            87273179.91153283,
            85689906.32369645,
            82541007.79229583,
            84091035.6778008,
            86797877.49983035,
            83383696.54456787,
            79884679.64813802,
            85161124.64209856,
            85605873.6769276,
            87260860.89916949,
            77293269.46162659,
            85943319.5861355,
            81194183.5761751,
            82522419.50485179,
            85852919.40760802,
            84656987.32654653,
            84824102.81663448,
            86045548.91921298,
            86561407.00032654,
            81435471.48979007,
            83743873.02143675,
            89767211.13088232,
            82346697.32824366,
            84917243.84195285,
            82750869.2246744,
            83582134.23299773,
            82133381.30982974,
            82997488.5194253,
            85472034.01405579,
            84608272.93522584,
            83546400.69715999,
            80429403.21650617,
            90056664.15102457
        ],
        "R0h0R1h0": [
            92769323.7676875,
            91869204.30412272,
            93585513.38628736,
            88119106.2758052,
            89367896.1944808,
            92121279.08368151,
            95180804.22090696,
            85124097.10410082,
            89177494.01697735,
            91769033.30334176,
            87006080.50389063,
            88774087.65778181,
            93377570.69067682,
            90906839.91971488,
            90677877.09678847,
            92008270.29280995,
            88069302.19531764,
            90805596.14431526,
            88926614.71544412,
            92397851.61803895,
            92718578.2501652,
            95334120.0563354,
            92241646.15027373,
            84190984.643525,
            90775040.85816714,
            93937535.07964568,
            88818066.75265232,
            81102619.54126912,
            86652292.60825029,
            89756899.36785188,
            92049219.37372127,
            92147537.6421525,
            89131287.96380916,
            89692939.93066148,
            92219683.89410703,
            93402230.68871573,
            87908202.45027582,
            94310351.4843607,
            91781231.28941594,
            85363759.71823548,
            93586134.28934097,
            83374078.14847021,
            90584960.93379453,
            95090470.79972038,
            89781626.58040643,
            89009855.30045609,
            91042022.40535797,
            88739772.77618626,
            92686914.3959185,
            93963662.81741065
        ]
    },