{
    "Overall": {
        "samples": {
            "DominantAssumption": {
                "R0h1R1h1": 0,
                "R0h0R1h0": 9
            },
            "General": {
                "R0h1R1h1": 10,
                "R0h0R1h0": 10
            },
            "RelaxedDominantAssumption": {
                "R0h1R1h1": 0,
                "R0h0R1h0": 9
            }
        }
    },
    "PerTrafficStream": {},
    "ANOVA": {
        "samples": 10,
        "groundtruth": 6
    },
    "Kruskal": {
        "samples": 10,
        "groundtruth": 6
    },
    "EndToEndMean": {
        "R0h1R1h1": [
            627025843.0933267,
            625023241.8625844,
            621880099.2985487,
            618984339.3411905,
            624391822.3548465,
            625509956.4451205,
            624958084.7764904,
            618715149.9706942,
            620462503.0518501,
            624114211.6376601
        ],
        "R0h0R1h0": [
            628993167.0363998,
            626026904.3038045,
            622646745.339034,
            620724117.7826806,
            625245101.8073889,
            628104348.574855,
            627478902.6347679,
            621155954.443531,
            622028569.1273732,
            625499109.9984771
        ]
    },
    "EndToEndStd": {
        "R0h1R1h1": [
            23301194.003165554,
            21987484.216474786,
            26756102.77634616,
            26961530.071814116,
            21971757.258479077,
            22979479.269939575,
            26259313.41121254,
            31389606.455956772,
            26947667.969578568,
            29253334.447344735
        ],
        "R0h0R1h0": [
            24889352.97241512,
            23316956.8390351,
            29215749.764043033,
            24510273.881625235,
            21581759.954504766,
            24346001.326317582,
            27394069.83940763,
            30646274.827812485,
            26618180.978470054,
            29743570.64703115
        ]
    },
    "EndToEndSkew": {
        "R0h1R1h1": [
            -0.61656544412581,
            -0.4740973766518251,
            -0.5294774610989766,
            -3.9501720087461574,
            -0.23764347547072587,
            -0.5756638061861906,
            -0.2880468995262199,
            -1.8857039774024846,
            -1.26430202582987,
            -0.6847270459988877
        ],
        "R0h0R1h0": [
            -1.8600146687780847,
            -2.995798508385611,
            -3.1693007858567563,
            -1.0513095690675525,
            -0.3577508151087297,
            -1.4377394931208471,
            -2.324720448923048,
            -0.598156946978786,
            -1.4470602552525598,
            -1.0031542950442356
        ]
    },
    "DropRate": [
        0.14924028067673256,
        0.14585567598652288,
        0.13645848654241893,
        0.13429669730284158,
        0.1463536829387545,
        0.1404784587574142,
        0.14481469722923612,
        0.14660644631442765,
        0.13557365306555075,
        0.14484586208223352
    ],
    "T0std": [
        23016344.626136813,
        21666801.64350247,
        26313772.997294266,
        24145188.157328576,
        21239048.927537467,
        23248702.460088387,
        25983437.336563297,
        29749783.209288165,
        25545521.200588796,
        28483769.917821433
    ],
    "T1std": {
        "R0h1R1h1": [
            588472.3516037045,
            627097.6510108226,
            737489.3676880419,
            630013.3211741198,
            668038.3359190106,
            630487.1383897202,
            651355.2316967677,
            613216.2743040173,
            644819.5236714819,
            744526.9424030399
        ],
        "R0h0R1h0": [
            1191019.2128918634,
            1200952.3315623146,
            1188470.150934684,
            1647883.4049454113,
            1132875.1271362512,
            987434.4684261379,
            1355541.9076736988,
            1629688.8727623906,
            1205706.6525181308,
            1237488.445073639
        ]
    },
    "T0Ineq": {
        "R0h1R1h1": 0,
        "R0h0R1h0": 0
    },
    "T0IneqMaxEpsilon": {
        "R0h1R1h1": 10,
        "R0h0R1h0": 10
    },
    "T0IneqRemovedZeroes": {
        "R0h1R1h1": 0,
        "R0h0R1h0": 0
    },
    "T1Ineq": {
        "R0h1R1h1": 0,
        "R0h0R1h0": 0
    },
    "T1IneqMaxEpsilon": {
        "R0h1R1h1": 0,
        "R0h0R1h0": 0
    },
    "T1IneqRemovedZeroes": {
        "R0h1R1h1": 0,
        "R0h0R1h0": 0
    },
    "experiments": 10
}