{
    "Overall": {
        "samples": {
            "DominantAssumption": {
                "R0h1R1h1": 49,
                "R0h0R1h0": 49
            },
            "General": {
                "R0h1R1h1": 50,
                "R0h0R1h0": 50
            },
            "RelaxedDominantAssumption": {
                "R0h1R1h1": 48,
                "R0h0R1h0": 48
            },
            "Basic": {
                "R0h1R1h1": 9,
                "R0h0R1h0": 27
            },
            "Basic_timeAvg": {
                "R0h1R1h1": 49,
                "R0h0R1h0": 49
            }
        }
    },
    "PerTrafficStream": {},
    "ANOVA": {
        "samples": 48,
        "groundtruth": 29
    },
    "Kruskal": {
        "samples": 48,
        "groundtruth": 23
    },
    "EndToEndMean": {
        "R0h1R1h1": [
            625367447.2088404,
            618880789.9890981,
            626266723.4604492,
            631120032.3753057,
            627061489.2849514,
            628750038.4380679,
            620306586.0235516,
            621899462.3691369,
            629050705.0285648,
            623671464.98898,
            619691127.9219089,
            618649001.0148131,
            627332180.2334068,
            625799114.6490271,
            625286782.3903234,
            627044263.5845258,
            621486873.9424704,
            625106831.5045645,
            624760649.4514871,
            618471348.1127404,
            629530054.0531201,
            624998707.5649016,
            627549377.9233559,
            626764634.7508999,
            619488469.6504734,
            632287692.7719045,
            626146179.9441535,
            623192345.6254408,
            623900758.5310626,
            628728875.0785801,
            628199396.2735083,
            624102263.647738,
            619903083.8910776,
            620010155.4563152,
            623688082.7694589,
            624054533.4157943,
            619933281.9081975,
            622023194.6851145,
            621814441.7743342,
            624158090.0765927,
            624058738.6385143,
            624721022.0106015,
            629242312.807983,
            619593758.6748852,
            624012649.7104757,
            625445210.8141826,
            618134947.0760529,
            629028689.7477908,
            625561722.5330428,
            624014576.5335013
        ],
        "R0h0R1h0": [
            626549223.6001483,
            621566605.9655675,
            628623266.857116,
            632275948.4935526,
            628326276.4410076,
            630367275.5510921,
            621435640.3622448,
            622341914.9806166,
            630465432.6844751,
            625297817.3296345,
            621374204.9122641,
            621077782.2762958,
            627966544.2966453,
            628466171.2698151,
            626991113.1778399,
            628564678.2410519,
            622883840.8082482,
            625554559.5693609,
            626362648.5560713,
            620799896.3786793,
            630695719.5119581,
            625031654.404391,
            627509170.970694,
            628336028.9354215,
            618987126.2859027,
            632886195.1018376,
            627689085.2762514,
            623818545.6480124,
            623061315.6221883,
            628139673.6488506,
            628799647.2546536,
            625349698.1561801,
            621716502.6460329,
            621439604.9473281,
            624881886.1193599,
            626093275.3549626,
            621161855.2455748,
            623074026.3410459,
            622835906.8120555,
            624940791.1273131,
            626197998.7191288,
            624876199.3529304,
            629841121.0150679,
            622103889.6447465,
            625753904.6970282,
            626979478.6357504,
            619521969.5544367,
            628720701.2111801,
            626829785.8961232,
            624139307.832457
        ]
    },
    "EndToEndStd": {
        "R0h1R1h1": [
            26106245.78159526,
            25409312.29064787,
            27809791.179126084,
            22524700.794373948,
            23874241.497867215,
            19979489.752478145,
            24423707.0611835,
            25615386.47789764,
            24907669.158259943,
            24618779.605365288,
            22299558.10654894,
            25256783.212561205,
            23423961.49008905,
            23814771.750747696,
            22742472.78904906,
            24254080.58079816,
            19515029.23606285,
            26904344.392417137,
            25450982.478458125,
            26669495.464382526,
            22216226.105981506,
            26006320.202289104,
            23453643.01656129,
            27383091.354804832,
            24751218.464436952,
            28398002.84439619,
            18298404.44412836,
            20572390.770423703,
            27353741.556968335,
            23732635.00400317,
            25529190.64065409,
            23845525.708483543,
            24282976.606181487,
            25912923.352617677,
            27882301.12319641,
            26838131.31277274,
            27195259.02000114,
            27816174.93195915,
            23103428.436975896,
            22000493.059415136,
            25159946.80828375,
            26496623.41989118,
            26144707.729232773,
            26383264.0812646,
            21679473.695458855,
            26035347.88277551,
            25848755.236767713,
            22309385.149693795,
            20624567.922455307,
            28547198.99676034
        ],
        "R0h0R1h0": [
            25769288.802521843,
            23529398.090397697,
            27970673.50909326,
            23616014.591336712,
            24446276.795024008,
            22239600.541554157,
            22559007.095557638,
            25281470.636413176,
            24506003.643185243,
            24406143.52683888,
            21987400.463084966,
            25292136.5668071,
            23249647.034910783,
            23262958.917240057,
            21666642.86487089,
            24134291.31468064,
            24114268.99713115,
            28026825.845095307,
            25111463.004661847,
            26553542.751064748,
            23053729.94266964,
            24698755.299739607,
            24997349.361066908,
            27569380.6675996,
            25017293.16200338,
            29839986.89280969,
            18597754.19110787,
            22210572.616725083,
            27934742.257395886,
            24064058.181368615,
            27210485.770509705,
            24896642.63053398,
            22277000.6454615,
            27628030.21599393,
            26282770.900414713,
            26463988.883756075,
            27424923.824365374,
            28346644.251563117,
            22656227.44931137,
            22788840.311220665,
            24389784.532231186,
            26656139.58657853,
            25253643.09527165,
            26237024.423186503,
            21169848.488561668,
            25939646.39451352,
            26051230.139326435,
            22461640.653963678,
            21173343.08475351,
            30181702.21784339
        ]
    },