{
    "Overall": {
        "samples": {
            "DominantAssumption": {
                "R0h1R1h1": 49,
                "R0h0R1h0": 50
            },
            "General": {
                "R0h1R1h1": 50,
                "R0h0R1h0": 50
            },
            "RelaxedDominantAssumption": {
                "R0h1R1h1": 47,
                "R0h0R1h0": 50
            },
            "Basic": {
                "R0h1R1h1": 11,
                "R0h0R1h0": 31
            },
            "Basic_timeAvg": {
                "R0h1R1h1": 47,
                "R0h0R1h0": 50
            }
        }
    },
    "PerTrafficStream": {},
    "ANOVA": {
        "samples": 49,
        "groundtruth": 37
    },
    "Kruskal": {
        "samples": 48,
        "groundtruth": 36
    },
    "EndToEndMean": {
        "R0h1R1h1": [
            618597069.734353,
            629063899.2238084,
            633239520.5608902,
            627083842.8781089,
            628042522.2122381,
            623965747.149127,
            628169900.1835506,
            630170557.6255391,
            621056956.9804697,
            623655333.91914,
            619847106.8320941,
            619256101.7758253,
            625863911.741573,
            626119793.8232096,
            622713240.5245228,
            629666811.896611,
            630112335.5949398,
            620300821.2101259,
            632404899.8621933,
            624388608.1559322,
            632128007.5012401,
            629489950.0666827,
            623007340.9005511,
            618102667.6171031,
            625056100.7955,
            622878458.7150346,
            626159912.0864633,
            616442701.0190256,
            627026125.591033,
            627660321.5444257,
            623509641.3214285,
            619379160.8507463,
            613931092.9439452,
            630168254.9886223,
            619012807.5849963,
            629671513.6095332,
            623664276.1864238,
            629794763.4836085,
            624172114.3645712,
            628604470.3790512,
            625826693.3692045,
            626508861.2296674,
            623380636.091812,
            624160964.6558762,
            624501367.490413,
            620664564.158828,
            624926694.1072919,
            622637661.8525976,
            616826328.0185186,
            627793453.8494967
        ],
        "R0h0R1h0": [
            619573429.0957077,
            630337303.1418672,
            635840809.5856323,
            626656831.2268062,
            629394957.2371352,
            624984904.7965224,
            627694031.6359112,
            630793070.3555555,
            622036432.5516778,
            624149302.2846785,
            620417577.8749045,
            619416535.9475465,
            625973087.3987013,
            627137343.4944783,
            624362617.4995198,
            632007529.7238367,
            631511761.1805761,
            621418363.515015,
            633674003.5039953,
            624075363.8680222,
            633508336.9286804,
            628846529.5621201,
            623944011.3377055,
            619108810.9680201,
            627161514.9431775,
            622647624.3546113,
            626636884.8156239,
            616736340.5734358,
            627515959.9969494,
            627766205.8670202,
            624126505.184591,
            621265920.7442889,
            616024458.4914966,
            630553050.6727035,
            620769375.4118426,
            629972544.3474188,
            623765366.3498429,
            631849213.3018692,
            623864833.6946074,
            628830830.1582315,
            627441249.2917354,
            627558375.0029144,
            624671518.4658306,
            625373117.0691848,
            625976687.2946904,
            622474112.1818516,
            627683553.8622962,
            624241535.3393326,
            619799167.1254231,
            629145663.2728639
        ]
    },
    "EndToEndStd": {
        "R0h1R1h1": [
            24729497.33720868,
            24141713.654375277,
            22223182.365437187,
            21084932.23194672,
            23056456.139899045,
            22217090.203179974,
            20438103.939970735,
            22662797.46325896,
            22943232.06993397,
            20202338.107575454,
            23977853.27647805,
            25697754.017024595,
            18912268.700809643,
            19823795.25757484,
            25397362.072703186,
            24072942.03104354,
            25951596.94466569,
            23348971.003412563,
            25825841.126668405,
            22011770.952618573,
            25355177.048619818,
            19102531.11834851,
            23395221.722522244,
            22093601.376820557,
            18949540.68337659,
            26713096.745726764,
            21083585.778127152,
            21243059.651598062,
            22159012.9096831,
            25181189.45064165,
            21156109.61495758,
            25921220.4275272,
            23155567.731603716,
            24376902.007914606,
            21455482.556259125,
            24224662.204733405,
            22916190.83758583,
            24274234.413180973,
            22404091.234684564,
            23661012.27044588,
            26646493.76627021,
            24358434.370733332,
            23979032.35651956,
            23995758.60363411,
            26471490.619218335,
            28854931.498315882,
            21564471.367062442,
            25437117.77966322,
            27280765.564021863,
            25219872.851159785
        ],
        "R0h0R1h0": [
            23492194.899016522,
            23593533.151643813,
            22275022.84517117,
            20228870.292400498,
            21066497.35900453,
            20986072.394891176,
            21955723.129909504,
            23885001.629356924,
            22921095.435933325,
            21469307.786399245,
            23379692.089467037,
            25387405.842070423,
            18831668.435110718,
            20353102.602556225,
            26545454.419480715,
            23509122.79711337,
            25852109.527468424,
            24162141.120335974,
            26892348.37523445,
            23722343.468410786,
            23703876.48306635,
            19562973.019435093,
            23820252.594155967,
            20931801.74279165,
            19547815.870812546,
            27938333.2802148,
            21512900.72610817,
            22087587.412254225,
            22188681.564827725,
            24896457.89707926,
            21252444.753810853,
            25496180.686733272,
            25732489.168325085,
            25357745.938645516,
            22000914.947990973,
            25282294.428872447,
            23345204.69884764,
            21641933.258700054,
            23400344.62480765,
            25280187.449983016,
            26272081.624674805,
            24152370.31730077,
            23596564.45936114,
            24178568.945765022,
            26321524.308000185,
            28299798.13534786,
            21576734.85152836,
            24592504.083657432,
            26194888.71095956,
            22822315.6637279
        ]
    },