{
    "Overall": {
        "samples": {
            "DominantAssumption": {
                "R0h1R1h1": 60,
                "R0h0R1h0": 62
            },
            "General": {
                "R0h1R1h1": 100,
                "R0h0R1h0": 100
            }
        }
    },
    "PerTrafficStream": {
        "samples": {
            "DominantAssumption": {
                "R0h1R1h1": 100,
                "R0h0R1h0": 100
            },
            "General": {
                "R0h1R1h1": 100,
                "R0h0R1h0": 100
            }
        }
    },
    "ANOVA": 86,
    "Kruskal": 45,
    "EndToEndMean": {
        "R0h1R1h1": 473176088.0925517,
        "R0h0R1h0": 579827130.6154141
    },
    "EndToEndStd": {
        "R0h1R1h1": 484420029.8709915,
        "R0h0R1h0": 682934472.4830288
    },
    "EndToEndSkew": {
        "R0h1R1h1": 2.004308587637119,
        "R0h0R1h0": 2.4251014765178964
    },
    "experiments": 100
}