{
    "Overall": {
        "samples": {
            "DominantAssumption": {
                "R0h1R1h1": 47,
                "R0h0R1h0": 49
            },
            "General": {
                "R0h1R1h1": 50,
                "R0h0R1h0": 50
            },
            "RelaxedDominantAssumption": {
                "R0h1R1h1": 46,
                "R0h0R1h0": 45
            },
            "Basic": {
                "R0h1R1h1": 11,
                "R0h0R1h0": 31
            },
            "Basic_timeAvg": {
                "R0h1R1h1": 46,
                "R0h0R1h0": 48
            }
        }
    },
    "PerTrafficStream": {},
    "ANOVA": {
        "samples": 48,
        "groundtruth": 33
    },
    "Kruskal": {
        "samples": 48,
        "groundtruth": 32
    },
    "EndToEndMean": {
        "R0h1R1h1": [
            627688048.0131612,
            620953718.7686461,
            619956084.39971,
            629580579.3127743,
            626636469.1850688,
            626820807.5142058,
            621487377.3907157,
            626802072.7309829,
            623524402.2077109,
            619823272.3533269,
            625609264.7101628,
            628690193.7333494,
            627034644.0965605,
            631597015.0175982,
            629312700.4270297,
            624994555.4453441,
            627753031.6146699,
            617812336.5394579,
            629981021.4781479,
            629645343.4516674,
            623360088.3481569,
            623102538.2614005,
            623186072.5260116,
            622237439.2481843,
            630345341.2680681,
            617676561.1151587,
            626397232.6993942,
            624835346.3182951,
            623568462.2313676,
            623146579.4713155,
            628814249.3659129,
            618093386.8771102,
            622797339.2868774,
            623075271.7227459,
            614220992.7114252,
            621946891.7233989,
            626787480.1731844,
            619092172.969939,
            618886455.1570188,
            620469110.7077922,
            626095353.8319722,
            619719612.4991617,
            620259679.001969,
            621958392.5340302,
            623716362.8405275,
            621145788.7422457,
            624490851.7831533,
            626215447.6746225,
            621870331.8940936,
            626281030.010808
        ],
        "R0h0R1h0": [
            628352143.001899,
            622286873.8733248,
            620821596.4165723,
            631596339.4205099,
            628861250.3220273,
            627781113.7811935,
            622802665.237262,
            626859473.8706235,
            623467866.4455673,
            622024913.593451,
            625940321.0788819,
            628646823.7841289,
            627863073.6987313,
            632841643.9543576,
            631782291.2771729,
            626271907.0563054,
            627880305.7055933,
            618561345.3212043,
            630699456.4320134,
            631176327.8929778,
            624256464.6472375,
            626610521.1574788,
            624660174.7579933,
            623052889.9673328,
            629972169.2550731,
            617898882.1409396,
            627175033.193627,
            626854352.9990896,
            623817978.7162384,
            625220723.3089802,
            630678226.1286323,
            619910717.1217564,
            624348001.949912,
            624030418.7628981,
            614608977.6564195,
            625661107.100788,
            627163669.258611,
            619558164.1195731,
            620448631.8476065,
            622161987.5722703,
            626429727.6418868,
            620760317.9155284,
            621332608.1214232,
            622267463.5012289,
            624400558.2309792,
            621869506.3045676,
            624307526.7827771,
            627340773.6020312,
            623329284.973554,
            626626172.4630948
        ]
    },
    "EndToEndStd": {
        "R0h1R1h1": [
            21649651.389458187,
            25269030.948869303,
            26135276.15254294,
            24347924.883034367,
            29144027.783345915,
            25656812.10751399,
            23615025.266236916,
            20154197.856733527,
            24802722.173735484,
            22757831.787349254,
            23504346.453580327,
            24635098.322976317,
            24034927.627167057,
            16955677.833120733,
            26594383.760776244,
            24327771.43264069,
            22461414.022666764,
            22036216.229842015,
            21005299.46961195,
            22779530.83805075,
            24365826.642662983,
            24626784.54399921,
            25526729.44794557,
            23378765.123413976,
            21060756.025451895,
            19530160.17923767,
            23700792.48424681,
            26252714.673008207,
            26477026.58403306,
            25851519.753501844,
            25812712.119519416,
            22072874.454379056,
            24981357.329766598,
            22740497.686711878,
            26666891.74360882,
            26816188.57656538,
            28892561.51149399,
            22618404.19954667,
            22479793.87545304,
            21814295.768441174,
            21178651.04956484,
            25471505.298827194,
            24968813.490033947,
            26028537.562396284,
            30047230.673340015,
            23776455.483488746,
            21550926.088091463,
            18797687.946391355,
            20104214.884729672,
            19822962.671860933
        ],
        "R0h0R1h0": [
            21415142.957302246,
            23783383.87591807,
            24969596.08963345,
            25006250.006554823,
            27176638.78772276,
            25963626.150948964,
            24241508.174494497,
            22625053.28184746,
            26845101.971635517,
            23050902.830203086,
            22014061.94828171,
            24846484.25738579,
            23434499.291687522,
            16668903.04503653,
            25540124.8552145,
            25084469.744686164,
            22895257.73915481,
            23214910.816145908,
            22311041.066099897,
            23739593.033586416,
            24777715.272146918,
            24597585.087761473,
            27013541.964319937,
            21550031.019477844,
            22718022.667876743,
            22971990.963313956,
            25952177.60534546,
            26562250.412540484,
            26916681.445994526,
            24479428.171932403,
            24575411.71008391,
            23810949.170335393,
            25563928.115110666,
            24978489.05291833,
            24901137.748815436,
            24164996.87386106,
            28640906.212546647,
            23136657.643309843,
            24045875.94009758,
            21594503.729878243,
            21643678.047791746,
            27471111.70947266,
            25409087.872028742,
            28485082.781816326,
            29585887.542236287,
            24107270.789597135,
            22574050.056145635,
            18821987.648298,
            19124112.89450244,
            21508300.386756457
        ]
    },