{
    "Overall": {
        "samples": {
            "DominantAssumption": {
                "R0h1R1h1": 48,
                "R0h0R1h0": 50
            },
            "General": {
                "R0h1R1h1": 50,
                "R0h0R1h0": 50
            },
            "RelaxedDominantAssumption": {
                "R0h1R1h1": 47,
                "R0h0R1h0": 49
            },
            "Basic": {
                "R0h1R1h1": 7,
                "R0h0R1h0": 33
            },
            "Basic_timeAvg": {
                "R0h1R1h1": 48,
                "R0h0R1h0": 49
            }
        }
    },
    "PerTrafficStream": {},
    "ANOVA": {
        "samples": 48,
        "groundtruth": 38
    },
    "Kruskal": {
        "samples": 46,
        "groundtruth": 35
    },
    "EndToEndMean": {
        "R0h1R1h1": [
            618535143.636638,
            625589066.5407262,
            617724472.1816003,
            621158033.5733755,
            623558753.0931085,
            624394324.0129839,
            626269163.3209634,
            621689963.9130545,
            623296673.7752154,
            623700655.6790445,
            620426769.5131259,
            624520238.635319,
            625980106.8344989,
            625265879.6024157,
            623636707.8115066,
            627793247.4042656,
            623193856.3171483,
            621615397.4130855,
            627444040.2142509,
            622036971.1234686,
            629325426.1006229,
            626445365.1637597,
            624024866.66924,
            621808305.1505427,
            624471547.9027117,
            627975218.403218,
            628168076.0887908,
            619128358.5330777,
            628159264.078263,
            625103635.3863407,
            621105764.2252601,
            620870933.5685315,
            624556754.6515805,
            627075525.2875801,
            622011288.2747093,
            626687143.4502777,
            631460662.2022527,
            626205475.6020828,
            628734907.2392523,
            624928877.2185819,
            629821831.8747214,
            635923000.7846565,
            626459944.3063775,
            625373173.5759792,
            627180508.7937155,
            626372741.26712,
            623604100.6173081,
            626324462.4642185,
            622625100.8769709,
            620666172.3884045
        ],
        "R0h0R1h0": [
            618786734.1888194,
            626868503.6598898,
            618531185.1183908,
            622316440.6790078,
            624773235.3008866,
            624848975.3389305,
            627269765.8608614,
            622500789.6328793,
            624469666.7427694,
            624465811.2764134,
            623588814.9367753,
            625441357.0204426,
            626855969.4171556,
            625074283.1578947,
            625451906.0285225,
            629292234.7895137,
            623730539.5328274,
            623485740.5860008,
            628052379.567908,
            622906686.6839525,
            630062914.7619851,
            626417863.5126632,
            626318644.5875331,
            622671003.5209154,
            625467654.0212686,
            630170357.8883523,
            629421586.1547267,
            620295542.6212726,
            630354434.387619,
            625914818.8288338,
            622298157.7124001,
            622512354.524642,
            625616435.7350575,
            628317080.6283821,
            621769040.3173882,
            627038303.3318633,
            632501554.2119977,
            627390656.9994239,
            628860463.3205562,
            625122743.4099425,
            632199149.7767926,
            637205298.55022,
            627854518.3902072,
            627722042.2386808,
            627749187.3707165,
            627413331.1010823,
            624331126.6466296,
            628179467.014373,
            623801051.8184868,
            621543156.0481027
        ]
    },
    "EndToEndStd": {
        "R0h1R1h1": [
            24363290.5480502,
            25575822.071944326,
            23770384.725381743,
            22938217.90994601,
            27602802.464052107,
            21559381.29464921,
            23415133.88290392,
            24894091.980037943,
            23335399.785200596,
            23730048.73112844,
            25374207.6580226,
            24376755.32676213,
            20659307.303191636,
            27524949.302809574,
            26437622.525815133,
            24550071.89896822,
            28230517.350253038,
            23485429.75053449,
            23545569.82923097,
            27777818.451989964,
            19964701.350378327,
            24053750.89564052,
            22545019.461444292,
            21376726.780649737,
            20902092.237898346,
            23509696.561396666,
            23286197.291988898,
            21050713.48793543,
            22096281.995551128,
            20926166.196029376,
            26574393.478169754,
            23031919.92127721,
            25424032.491600554,
            22440126.740318906,
            22706040.40304825,
            24354908.35727571,
            23165531.75953084,
            24328093.288215104,
            25549009.504307136,
            19219024.629428018,
            28265070.956431627,
            19624843.28984417,
            21764333.907118864,
            21643634.33410408,
            24930238.175134588,
            24976594.70054666,
            24787476.461873695,
            22469971.49725322,
            22837898.165824976,
            21846190.872259792
        ],
        "R0h0R1h0": [
            22955025.89807514,
            26861785.6350875,
            25659041.072502263,
            23645068.420280445,
            28426546.95254451,
            22763714.015400324,
            25615737.2076441,
            25028731.624956086,
            25238461.6880729,
            23818910.822521143,
            25935725.047847178,
            22631717.115045838,
            20532524.05638106,
            27332726.79024931,
            26628811.557168443,
            25388159.81947979,
            27197279.269273005,
            23992728.305827398,
            23457068.958880622,
            27594911.40436063,
            20063474.34384778,
            24712294.190603472,
            24055318.3849,
            22305276.398582563,
            20793459.30436934,
            17266116.496605467,
            25001979.908874806,
            20707475.6759282,
            22891367.237097997,
            21595562.13742898,
            26753121.089599222,
            23973610.579140034,
            25641322.172826156,
            22973588.88973591,
            22212028.336110827,
            24371804.01767383,
            23836483.72364097,
            23850065.662657496,
            27117063.034696355,
            19780062.39695857,
            23564880.30317682,
            20585735.75877197,
            20087024.35870972,
            21905340.061788734,
            24249083.39476344,
            22779385.18061965,
            26747800.833748817,
            20526114.481204525,
            23245418.700397525,
            19926617.664181743
        ]
    },