{
    "Overall": {
        "samples": {
            "DominantAssumption": {
                "R0h1R1h1": 48,
                "R0h0R1h0": 25
            },
            "General": {
                "R0h1R1h1": 100,
                "R0h0R1h0": 100
            }
        }
    },
    "PerTrafficStream": {
        "samples": {
            "DominantAssumption": {
                "R0h1R1h1": 100,
                "R0h0R1h0": 100
            },
            "General": {
                "R0h1R1h1": 100,
                "R0h0R1h0": 100
            }
        }
    },
    "ANOVA": 97,
    "Kruskal": 98,
    "EndToEndMean": {
        "R0h1R1h1": [
            284684883.4348876,
            235645958.67041677,
            283430942.1486108,
            249799602.504147,
            282995666.35856724,
            280738038.78659385,
            290418105.45399314,
            275869502.4264199,
            257444427.42222223,
            296269782.77550507,
            286557287.43583876,
            273732705.4590643,
            277781487.10799795,
            289313967.3228266,
            264435606.88002035,
            279612088.07691324,
            268338317.38084292,
            292343814.47841084,
            278580633.63357514,
            281983864.1182536,
            256538668.79560187,
            281257558.59592766,
            279281864.19601625,
            273987932.28192496,
            262829631.27423468,
            276531458.7081682,
            282149890.71340156,
            291425370.0406947,
            294874554.9478559,
            297543266.3907462,
            270272292.62303,
            285308381.12248534,
            308140226.63998485,
            297513800.45433676,
            275471238.1025382,
            279778583.76135206,
            292951226.40616316,
            272207812.8340528,
            269786326.0994278,
            279972100.031999,
            268127258.14478886,
            278737843.391708,
            280207433.6746143,
            281019110.19298244,
            268097393.09196725,
            279704236.3646865,
            271003076.7474965,
            256745664.98565942,
            287067116.9618359,
            278231602.67384654,
            289112716.4643039,
            296754726.0385938,
            262302463.49682662,
            288479787.7059646,
            280313040.9228815,
            302772623.06856996,
            284231042.1516378,
            272148495.18956435,
            267427661.69532236,
            273168722.88109136,
            278039476.62049264,
            287719659.86252713,
            287561721.5639913,
            277285265.160132,
            279603950.71535915,
            270766265.28076434,
            281627422.8893811,
            252634947.77455696,
            296286276.3896005,
            275409255.7084772,
            276373515.65803504,
            282696207.7137035,
            280072889.9160218,
            258924519.3332063,
            267713785.94598022,
            269822219.0048612,
            298854911.78176725,
            272366801.7981335,
            295128938.70602566,
            287327021.264466,
            281961138.73082286,
            275432209.6376738,
            269391509.95840245,
            279498436.0769231,
            294513270.729586,
            273412284.4876222,
            245757698.65394956,
            269393316.4245138,
            294132069.10361904,
            268316048.09589392,
            283418418.11485624,
            261742835.4498349,
            268403888.9660822,
            289437069.9968047,
            301224742.87824863,
            267141664.23923263,
            283117453.79505074,
            292170867.85228133,
            282709257.38751906,
            276339386.5334097
        ],
        "R0h0R1h0": [
            443895388.3958501,
            391144693.550447,
            422252684.7413333,
            417168566.07640105,
            405787369.33461225,
            398992225.0565666,
            392995438.7832828,
            404977734.3721174,
            429507008.11789376,
            424560835.5645848,
            429195299.5755437,
            396640271.85360205,
            436346265.13867164,
            414786901.17765206,
            431772012.70444447,
            397459926.366258,
            390488091.8099463,
            382521115.1023871,
            403008145.0130175,
            388201515.7459635,
            421372189.8040888,
            389318054.00549,
            382209777.1880531,
            408633698.167518,
            393875436.7828465,
            388940480.6522751,
            427768794.87721354,
            384828114.74825835,
            393048261.32529014,
            403094795.03407115,
            417465594.81619614,
            449534963.4418114,
            421946823.70124435,
            406178102.91500294,
            406101548.1368249,
            399949101.32489157,
            409933687.92579216,
            404907588.7848205,
            401587722.1682636,
            411482183.96622014,
            404828927.5336051,
            392217592.5337594,
            403558378.00208986,
            408669085.9736965,
            378891035.58353597,
            403502313.4298742,
            387003141.4848555,
            394962358.5284714,
            416707678.9594563,
            415988797.11980325,
            393865284.6378098,
            396590094.3212893,
            404911382.8470437,
            397955898.77867323,
            428075842.5977654,
            376922887.269889,
            394743644.2040555,
            394784495.37975276,
            403414531.15805894,
            388631072.6403998,
            403727340.6629017,
            419219267.1762166,
            392067043.08298516,
            402725989.0096748,
            403769841.83430845,
            413311560.50208235,
            391367617.2109357,
            406929599.8963975,
            412899234.54157436,
            408336308.5621571,
            409983825.4814385,
            382524390.96737736,
            383184499.27909136,
            401664932.5210015,
            427374960.3149433,
            404606708.2180689,
            392287426.6083343,
            394436060.25788736,
            398174519.3881832,
            423999567.63815254,
            371366556.31074166,
            426995838.0741126,
            402953701.8387924,
            420738051.48891497,
            404954750.2932102,
            399315248.0214377,
            400374530.82991135,
            404913716.24431753,
            426616302.2173659,
            439948980.69586176,
            411230207.6348071,
            420257150.5837398,
            389799525.0496413,
            421538058.2613623,
            403566213.3934712,
            433942674.0870983,
            401046835.82039624,
            395737303.09177107,
            396935927.8317313,
            416687114.0375351
        ]
    },