{
    "Overall": {
        "samples": {
            "DominantAssumption": {
                "R0h1R1h1": 49,
                "R0h0R1h0": 50
            },
            "General": {
                "R0h1R1h1": 50,
                "R0h0R1h0": 50
            },
            "RelaxedDominantAssumption": {
                "R0h1R1h1": 49,
                "R0h0R1h0": 50
            },
            "Basic": {
                "R0h1R1h1": 12,
                "R0h0R1h0": 30
            },
            "Basic_timeAvg": {
                "R0h1R1h1": 49,
                "R0h0R1h0": 50
            }
        }
    },
    "PerTrafficStream": {},
    "ANOVA": {
        "samples": 45,
        "groundtruth": 30
    },
    "Kruskal": {
        "samples": 47,
        "groundtruth": 27
    },
    "EndToEndMean": {
        "R0h1R1h1": [
            626711867.2198706,
            621283495.8194411,
            622766716.4154578,
            619522116.813692,
            623187098.3042448,
            626133713.689808,
            629308706.6452078,
            623204477.5812379,
            620778928.2424903,
            623763723.8117507,
            623901520.9893214,
            627338481.6583792,
            622840512.1624643,
            624724176.7939156,
            624736960.1810516,
            617733155.9846492,
            618614741.4673759,
            620197994.475505,
            632401443.7141839,
            621486572.9281975,
            620775297.973201,
            627102629.0368084,
            626401528.72879,
            627501902.3641187,
            626835817.8589181,
            629133225.1971564,
            618703217.8992327,
            622278440.3492872,
            625586414.5341159,
            627848282.3614044,
            628353100.1831373,
            622098620.1716492,
            624249355.6096257,
            619959366.1668302,
            622359522.137475,
            624517792.7805237,
            622407587.890883,
            621467541.2415992,
            628176204.0312113,
            623184613.9917536,
            623232244.643522,
            621339934.8659642,
            625951352.0439351,
            630336706.6089898,
            620539681.6559217,
            632050510.6731055,
            624597992.2899926,
            627308580.8478677,
            625566539.9236753,
            621080931.3758678
        ],
        "R0h0R1h0": [
            629270226.0955201,
            623082878.3055092,
            622579514.0653558,
            618585470.2732352,
            624206665.2534999,
            628117945.9845487,
            631580103.0815693,
            625017304.6607176,
            623151875.5983838,
            623823880.7782552,
            623950118.0053619,
            627260122.1601577,
            623968661.0644563,
            628056341.1983107,
            626729195.1987716,
            619022948.128876,
            618616500.5162362,
            623412304.0578666,
            632711724.1619356,
            622369856.6527411,
            622857550.1295263,
            627648521.6385307,
            628029923.1282562,
            627403440.5294338,
            627981817.577203,
            629937272.0900474,
            620764508.5018609,
            623972328.9105735,
            626927695.6352583,
            629092039.535545,
            628534672.8505524,
            621987321.7556561,
            625389460.8808424,
            620263681.5248253,
            623697412.2527179,
            626822273.9027879,
            623578968.6038098,
            622618318.1248367,
            629406366.8846743,
            623765746.665833,
            624888666.0203928,
            623505800.2781749,
            625854411.5593252,
            631001799.6144419,
            621065371.1373857,
            632878358.4261874,
            627287020.544574,
            627086104.7852211,
            625078800.962154,
            622017776.089399
        ]
    },
    "EndToEndStd": {
        "R0h1R1h1": [
            25816837.813554455,
            20560139.01538969,
            27394931.82658585,
            26275625.31902462,
            23045201.606771007,
            24655802.65156638,
            20065308.55197179,
            26086011.761396896,
            19707595.971082453,
            25531525.740351137,
            26048910.325585235,
            30201843.7268554,
            29006332.600996193,
            26743388.295884483,
            23651384.542185478,
            23334030.526301116,
            25575413.569909588,
            23620948.7261582,
            21745932.817667987,
            24722675.70946901,
            23747747.270117946,
            25200932.982360147,
            29747880.597814858,
            23164920.760737214,
            22112405.669172466,
            21388639.351830315,
            23028112.298465274,
            23813054.79995927,
            30160475.42265307,
            21627402.589099575,
            29448590.104329698,
            19830454.332690127,
            27756054.10171802,
            22674323.600023866,
            27129076.976829875,
            24144561.213455927,
            24554613.991013885,
            21814146.64659891,
            25737047.978795048,
            23709701.992304176,
            26778524.6105239,
            19868457.14746546,
            21943019.506759126,
            17689944.855793994,
            25345688.15195232,
            21934786.964662142,
            28316797.076607533,
            20484107.203717984,
            23624337.522820134,
            17344200.590466104
        ],
        "R0h0R1h0": [
            25932411.69679072,
            20495203.216529105,
            26933994.986226186,
            27253542.676175077,
            23186706.067967705,
            24584752.990623165,
            21154203.509148438,
            21204094.715740602,
            20858321.93460232,
            23672718.462693498,
            25674061.59259698,
            29892203.85126808,
            26669476.50738678,
            26645114.276160784,
            23416412.175969023,
            24160304.565090228,
            21336825.79578497,
            23380548.014401823,
            21872215.532932077,
            24755441.394347932,
            24696502.727139197,
            25212561.201784167,
            27131502.94530296,
            24277526.828374706,
            22620142.472866863,
            22426528.13266028,
            23884553.336965155,
            24287594.510048814,
            31442045.576319326,
            24544959.236829862,
            27657353.690633304,
            21414778.076299757,
            29852672.6581412,
            23414397.464005042,
            26635643.305646982,
            24587466.69954975,
            24025083.95355279,
            22143635.417825677,
            24813493.570408568,
            23474520.590510376,
            27345712.40072257,
            19581806.433497503,
            23201548.971662335,
            17996696.19516148,
            26722317.726925496,
            22675468.240749996,
            28563368.695481505,
            20715549.710708763,
            24961005.255173508,
            19227226.608319357
        ]
    },