{
    "Overall": {
        "samples": {
            "DominantAssumption": {
                "R0h1R1h1": 48,
                "R0h0R1h0": 47
            },
            "General": {
                "R0h1R1h1": 50,
                "R0h0R1h0": 50
            },
            "RelaxedDominantAssumption": {
                "R0h1R1h1": 47,
                "R0h0R1h0": 43
            },
            "Basic": {
                "R0h1R1h1": 11,
                "R0h0R1h0": 32
            },
            "Basic_timeAvg": {
                "R0h1R1h1": 47,
                "R0h0R1h0": 45
            }
        }
    },
    "PerTrafficStream": {},
    "ANOVA": {
        "samples": 46,
        "groundtruth": 34
    },
    "Kruskal": {
        "samples": 47,
        "groundtruth": 32
    },
    "EndToEndMean": {
        "R0h1R1h1": [
            621390051.7611316,
            629844018.7197162,
            619469274.5676568,
            623014276.4868668,
            626232656.0307842,
            623436849.072248,
            627032442.0187734,
            628193452.7349896,
            621234018.2457044,
            628136467.103551,
            627823580.4446112,
            621312177.5074843,
            623705396.0334985,
            629024566.647307,
            630297268.9686284,
            626136614.9156715,
            616489906.0331063,
            620523496.5197726,
            625845323.2582469,
            624127350.1881211,
            623671168.7834167,
            616588598.1748458,
            625044528.1501814,
            623720183.3924718,
            630902099.0224773,
            621180156.3299412,
            630700330.4519815,
            624197592.0617878,
            623028011.3190308,
            621987422.4684818,
            619190394.344,
            626216437.100465,
            618565698.923887,
            626057467.2742369,
            620906305.8745528,
            624494180.9755102,
            627219334.8201109,
            627663167.12907,
            627503730.9498734,
            622140118.4377422,
            622194920.930693,
            624849903.1243218,
            623646362.6438323,
            628022666.2863979,
            624616097.9194404,
            620245218.1964623,
            620094438.8545367,
            631493399.5630641,
            623756476.7849542,
            622229200.58708
        ],
        "R0h0R1h0": [
            622046213.920309,
            632407705.3048735,
            619900807.097217,
            623845618.2743798,
            628449957.0375882,
            623583836.5038432,
            627278852.621566,
            628976746.0697092,
            621292270.6948563,
            629527994.5071888,
            628817723.0098697,
            621417785.1309658,
            624860061.3590189,
            628813292.4159079,
            630172716.7922678,
            627449232.3552706,
            616393461.4420536,
            621634266.8074255,
            626743755.3669409,
            626589146.0721236,
            623728717.8265344,
            616671800.3000913,
            625156720.8355428,
            625728070.0558496,
            632487552.8096447,
            621697847.3225448,
            632432710.0438038,
            625762591.0469127,
            624841566.3711774,
            624134474.2036275,
            621947445.466253,
            627082738.3499624,
            620255517.6278795,
            627430667.5856982,
            622537117.5688002,
            625533853.1487557,
            627153153.534734,
            628464154.6097382,
            628266271.7255307,
            623483435.6267606,
            622282951.6136848,
            625855565.4522508,
            625578950.3016418,
            629706225.5,
            626062200.7697964,
            620701070.9513274,
            621103985.1380677,
            632575351.4994173,
            624149995.3891175,
            622516077.5323216
        ]
    },
    "EndToEndStd": {
        "R0h1R1h1": [
            21545808.214270614,
            26397414.76324141,
            25920957.635168422,
            24159999.57900564,
            24404446.788076743,
            24608332.698425055,
            22616776.10527974,
            25412243.788562465,
            25655726.288702562,
            24126768.54731609,
            20677154.37491987,
            21246922.534436975,
            19188831.75971674,
            19906703.792848594,
            25064882.926633738,
            25814931.514581013,
            25655181.109822586,
            24975655.92456079,
            20970344.922776747,
            25125191.621157315,
            25958982.822545107,
            23641501.569400985,
            20253196.469778717,
            25142950.98827195,
            23324037.63965183,
            27265349.6078245,
            25716347.23068063,
            21166782.593583606,
            21684005.2728656,
            20127141.904472236,
            24582594.118591424,
            21991448.48038328,
            25598530.829447653,
            21748729.99129044,
            25073803.065355655,
            21360543.988816023,
            22765807.142145604,
            22731511.227908,
            21938731.682452835,
            25256667.443701513,
            25715319.73572741,
            26930075.623423174,
            23105237.90312861,
            22931479.94725973,
            23274755.109080285,
            21994625.88813443,
            28777474.68872882,
            23124530.120631285,
            22185770.767484445,
            25473084.38364006
        ],
        "R0h0R1h0": [
            22998539.78189949,
            26121445.711430453,
            26537273.093621287,
            24926496.500340134,
            23662864.061987143,
            24176779.00733815,
            24602233.206571452,
            23899129.36135416,
            24342582.51555764,
            21623134.74440762,
            22310562.295584764,
            21883349.828281544,
            19292381.943062615,
            20164703.291166905,
            24901304.62321528,
            25377436.524397183,
            25761947.436547007,
            24913074.030901123,
            18803106.75312231,
            24629039.735193674,
            25763445.178567078,
            25797062.97182335,
            19930147.35220361,
            22523370.852174375,
            22777172.309139427,
            28839027.25663951,
            26511997.271394715,
            21243142.282950148,
            20577661.08033967,
            23357949.081973083,
            24772515.883256674,
            22210835.50556049,
            26089729.03712193,
            22091675.517415024,
            26338148.55914336,
            23522646.199931417,
            21355770.74763022,
            24365319.37639455,
            22204820.13077943,
            24544579.190531325,
            26468945.436354265,
            28163109.298769224,
            23672088.544898868,
            22933569.640426077,
            23372524.23365,
            22600502.37900173,
            28452273.532312606,
            23532496.362231,
            24281163.219362255,
            25684988.92042058
        ]
    },