{
    "MaxEpsilonIneqDelay": {
        "A0D0": {
            "A0": 1
        }
    },
    "MaxEpsilonIneqSuccessProb": {
        "E2E_eventAvg": {
            "A0D0": {
                "A0": 0
            }
        },
        "sentTime_est": {
            "A0D0": {
                "A0": 0
            }
        },
        "poisson_sentTime_est": {
            "0.5": {
                "A0D0": {
                    "A0": 0
                }
            }
        }
    },
    "EndToEndDelayMean": {
        "A0D0": {
            "A0": [
                1981734
            ]
        }
    },
    "EndToEndDelayStd": {
        "A0D0": {
            "A0": [
                352201136429
            ]
        }
    },
    "EndToEndSuccessProb": {
        "E2E_eventAvg": {
            "A0D0": {
                "A0": [
                    0.9386368869445084
                ]
            }
        },
        "sentTime_est": {
            "A0D0": {
                "A0": [
                    0.9255130393033326
                ]
            }
        },
        "poisson_sentTime_est": {
            "0.5": {
                "A0D0": {
                    "A0": [
                        0.9321689092373583
                    ]
                }
            }
        }
    },
    "DropRate": [
        0.061363113055491594
    ],
    "maxEpsilonDelay": {
        "A0D0": {
            "A0": [
                0.012805664475137195
            ]
        }
    },
    "maxEpsilonSuccessProb": {
        "A0D0": {
            "A0": [
                0.012622594258253123
            ]
        }
    },
    "errors": {
        "A0D0": {
            "A0": [
                0.003135853050737039
            ]
        }
    },
    "workLoad": {
        "A0D0": {
            "A0": [
                277593344.0
            ]
        }
    },
    "AverageWorkLoad": 23132778.666666668,
    "SD0Delaystd": [
        595271.9244479786
    ],
    "SD0DelayMean": [
        1975539.0
    ],
    "experiments": 1
}