{
    "MaxEpsilonIneqDelay": {
        "A0D0": {
            "A0": 29
        }
    },
    "MaxEpsilonIneqSuccessProb": {
        "E2E_eventAvg": {
            "A0D0": {
                "A0": 0
            }
        },
        "sentTime_est": {
            "A0D0": {
                "A0": 0
            }
        },
        "enqueueTime_est": {
            "A0D0": {
                "A0": 20
            }
        },
        "poisson_sentTime_est": {
            "0.5": {
                "A0D0": {
                    "A0": 0
                }
            }
        }
    },
    "EndToEndDelayMean": {
        "A0D0": {
            "A0": [
                47333,
                44060,
                41022,
                41599,
                41671,
                47453,
                42391,
                39138,
                36407,
                38865,
                39532,
                41767,
                38952,
                45890,
                46039,
                40374,
                43146,
                39804,
                38441,
                40733,
                38792,
                42385,
                38251,
                38240,
                43846,
                37849,
                41086,
                41826,
                37765,
                35041
            ]
        }
    },
    "EndToEndDelayStd": {
        "A0D0": {
            "A0": [
                1981194861,
                2018017571,
                1943134203,
                1980519065,
                2075559580,
                2117696598,
                2139614508,
                1867616209,
                1833476927,
                1846580671,
                1917308951,
                2053768004,
                2059108320,
                2126329735,
                2148949205,
                2038913718,
                2129365401,
                1980652646,
                1861103345,
                1958802347,
                1993776985,
                1807024584,
                1823138651,
                1876609290,
                2064349861,
                1920613415,
                2022812144,
                1958311140,
                1965905282,
                1735020766
            ]
        }
    },
    "EndToEndSuccessProb": {
        "E2E_eventAvg": {
            "A0D0": {
                "A0": [
                    0.9963651050080775,
                    0.9959537572254336,
                    0.9964425263894559,
                    0.9965022735222105,
                    0.9954476479514416,
                    0.9952436194895592,
                    0.9963461315392645,
                    0.9965657741559953,
                    0.9964693421207484,
                    0.9965810975256417,
                    0.9969093406593407,
                    0.9963493075273802,
                    0.996117875419093,
                    0.9948403108875972,
                    0.9956891390252665,
                    0.9962516579205352,
                    0.9950572774321103,
                    0.9964082956783686,
                    0.9964849602397142,
                    0.9966739304966166,
                    0.996038450334984,
                    0.9975445776088863,
                    0.9971576077498695,
                    0.9965181058495822,
                    0.9952595540469362,
                    0.9969076375517825,
                    0.9965303880182733,
                    0.9964867080454386,
                    0.99597747385358,
                    0.9974683544303797
                ]
            }
        },
        "sentTime_est": {
            "A0D0": {
                "A0": [
                    0.9951620420330972,
                    0.9952318092140797,
                    0.9955285476158786,
                    0.9963856346760124,
                    0.9946182289691983,
                    0.9938291148060812,
                    0.9952394459150927,
                    0.9956262936225934,
                    0.9955549629969411,
                    0.9958054668242704,
                    0.9958700196250067,
                    0.9954110529256393,
                    0.9952482602767556,
                    0.9943629434203275,
                    0.9949381928935649,
                    0.9954611296113712,
                    0.9940797262349597,
                    0.9953677486359196,
                    0.9953277805471785,
                    0.6223141694098366,
                    0.6217904909999505,
                    0.6229512612958238,
                    0.622777563407549,
                    0.622198533270716,
                    0.6213686584902658,
                    0.6225595135048512,
                    0.6223551256584927,
                    0.622246273145053,
                    0.6219669077015042,
                    0.6229909297634417
                ]
            }
        },
        "enqueueTime_est": {
            "A0D0": {
                "A0": [
                    0.9803191,
                    0.9822618,
                    0.9821508,
                    0.9824009,
                    0.9813585,
                    0.9796812,
                    0.9786546,
                    0.9844455,
                    0.9831151,
                    0.9848835,
                    0.9826443,
                    0.981096,
                    0.9823622,
                    0.9758204,
                    0.9797815,
                    0.9809859,
                    0.977396,
                    0.9828793,
                    0.9834195,
                    0.9823978,
                    0.981566,
                    0.9863434,
                    0.9836173,
                    0.9827167,
                    0.9787021,
                    0.982792,
                    0.9813556,
                    0.9823283,
                    0.9814972,
                    0.9852979
                ]
            }
        },
        "poisson_sentTime_est": {
            "0.5": {
                "A0D0": {
                    "A0": [
                        0.9967516996155726,
                        0.996842981530594,
                        0.9964321634722747,
                        0.99756050755224,
                        0.9943884702479848,
                        0.9950011663633754,
                        0.9965680301334389,
                        0.9960958028245719,
                        0.9965993332033413,
                        0.9950434293150265,
                        0.9965784137601194,
                        0.9949548233966456,
                        0.9944557283462938,
                        0.994756901467928,
                        0.9963340326728957,
                        0.9962941512548442,
                        0.9939959218644145,
                        0.9953745865562024,
                        0.9960958959241675,
                        0.9968541875646395,
                        0.9931198815528154,
                        0.996743623368652,
                        0.9962351454383956,
                        0.9965267710636083,
                        0.9940116609615337,
                        0.9968564412397443,
                        0.9956732569485838,
                        0.9963856377995122,
                        0.9933987785420836,
                        0.9972578399375502
                    ]
                }
            }
        }
    },