{
    "Overall": {
        "samples": {
            "DominantAssumption": {
                "R0h1R1h1": 98,
                "R0h0R1h0": 29
            },
            "General": {
                "R0h1R1h1": 100,
                "R0h0R1h0": 100
            }
        }
    },
    "PerTrafficStream": {
        "samples": {
            "DominantAssumption": {
                "R0h1R1h1": 100,
                "R0h0R1h0": 100
            },
            "General": {
                "R0h1R1h1": 100,
                "R0h0R1h0": 100
            }
        }
    },
    "ANOVA": 35,
    "Kruskal": 38,
    "EndToEndMean": {
        "R0h1R1h1": [
            437082761.07835394,
            442008225.21263856,
            436009674.93066293,
            441765613.49968374,
            442284720.29361755,
            431973136.8756483,
            433692111.0415929,
            439351223.8039166,
            455751738.2511131,
            432539446.58544946,
            438373946.253811,
            436378916.28044605,
            444923767.73968256,
            437986575.8283573,
            439360570.55010176,
            442647732.89431614,
            446745110.3466413,
            443999389.6971349,
            445631076.1540713,
            440065483.0221351,
            450598487.2678458,
            435415347.90600455,
            439213565.0780655,
            438745007.7590621,
            449015994.5497336,
            434516510.5193642,
            438050106.0757903,
            440380431.68576497,
            450761536.61762464,
            435799590.7944945,
            442741999.187247,
            432093729.8916762,
            441044992.15837044,
            432980066.8799088,
            435031998.60794735,
            439109124.884635,
            433557485.014931,
            431468272.32616395,
            457519416.74294394,
            445866775.51811504,
            432378720.14989835,
            434211518.4819277,
            446081966.6661997,
            438521001.8936683,
            442181447.2444106,
            445082290.20173424,
            447371697.9170156,
            443528618.8548551,
            444231453.7082964,
            441751492.8582487,
            429148415.9231644,
            438785275.7373622,
            441959719.3609707,
            452947727.61984205,
            438673569.87901896,
            435795154.209839,
            447286379.29696816,
            442695144.4364536,
            443277105.28250664,
            439630058.9604979,
            446439833.0937065,
            442898700.7624064,
            436627176.84530455,
            443510695.1149892,
            445356384.4662522,
            451379730.058615,
            438719043.4141937,
            434361271.190621,
            440844283.1356771,
            434855177.6317717,
            453212916.71910256,
            451702255.4730417,
            437857174.98350465,
            439237530.8832145,
            439568947.7982234,
            439997587.23197967,
            443585965.8902996,
            436532162.45798427,
            452082857.8729415,
            438392638.8119745,
            433588815.0146724,
            441384344.36712223,
            441467264.1947015,
            451475618.43213016,
            441425014.27112633,
            450146001.0049305,
            449356074.92121214,
            447080155.46004844,
            447194890.0947741,
            435423057.52822787,
            449167733.2699987,
            441250094.4599414,
            435935372.7461245,
            444702660.46000254,
            433274106.4255805,
            434663261.04187816,
            450820504.7172781,
            448006124.82332784,
            447459715.7115653,
            439233721.6179263
        ],
        "R0h0R1h0": [
            564956848.4918857,
            560314932.4679319,
            558987355.497652,
            556988193.5758405,
            555725017.0477438,
            568380566.8953912,
            566718375.1410037,
            573921589.9294682,
            548851459.4370362,
            553999903.1691294,
            560521482.5579884,
            563392708.5602375,
            561347182.3802737,
            560801913.7566392,
            556246094.4553754,
            550886706.8844967,
            546723487.7323428,
            561659495.1778209,
            557225700.2866789,
            561550036.5340546,
            560297499.8426529,
            564713096.2791948,
            568463852.6256837,
            552385740.289926,
            556658111.7147106,
            557972191.3472618,
            565766061.8984598,
            552156955.1624342,
            555262807.883893,
            550078623.7061768,
            570618286.0958467,
            563579311.233002,
            567005295.1313927,
            562714380.0305936,
            564377139.6168905,
            558941725.9169523,
            562980866.2340935,
            572358995.0606682,
            563715010.0581368,
            562014366.0266454,
            558662292.6875857,
            552839349.4395165,
            561494331.167257,
            565355952.1007752,
            562595359.5108733,
            559258789.5762867,
            559761501.5087439,
            564053712.2323613,
            556575135.5769931,
            568873332.1668377,
            561717221.7341238,
            570438180.7449527,
            563612009.9259217,
            563628746.7793347,
            557856486.2574631,
            564951310.0869961,
            554616545.934458,
            558202911.9627087,
            561320180.0796622,
            561248828.3437393,
            562313103.8377638,
            555752146.595764,
            557371822.4627442,
            562029128.4157509,
            568195499.4859622,
            565592225.6712016,
            564601689.0132118,
            567114352.884611,
            568561009.7313654,
            565087274.0308853,
            560154219.8472507,
            562723679.0622141,
            560551311.8592355,
            563068735.8893069,
            558192871.5603722,
            561291676.2125543,
            561502375.2469432,
            561047700.731618,
            565176509.9019742,
            559267303.2244014,
            558341360.8569801,
            567018623.5969929,
            571685967.3804955,
            555826632.9932764,
            566171533.6124899,
            564212016.9938447,
            558197523.4649493,
            553524316.8747152,
            550055120.905826,
            553370781.5817664,
            566217332.4053653,
            551246375.2840701,
            565065940.1427431,
            562973989.3681017,
            565340855.9834493,
            573200567.9585433,
            571043231.8947009,
            566520885.6072408,
            566174800.1808134,
            561694636.0502049
        ]
    },