{
    "Overall": {
        "samples": {
            "DominantAssumption": {
                "R0h1R1h1": 98,
                "R0h0R1h0": 37
            },
            "General": {
                "R0h1R1h1": 100,
                "R0h0R1h0": 100
            }
        }
    },
    "PerTrafficStream": {
        "samples": {
            "DominantAssumption": {
                "R0h1R1h1": 100,
                "R0h0R1h0": 100
            },
            "General": {
                "R0h1R1h1": 100,
                "R0h0R1h0": 100
            }
        }
    },
    "ANOVA": 44,
    "Kruskal": 44,
    "EndToEndMean": {
        "R0h1R1h1": 441427654.9418482,
        "R0h0R1h0": 560364588.085174
    },
    "EndToEndStd": {
        "R0h1R1h1": 463410512.21693724,
        "R0h0R1h0": 666691647.1845641
    },
    "EndToEndSkew": {
        "R0h1R1h1": 1.9000117061395365,
        "R0h0R1h0": 2.269879354539578
    },
    "experiments": 100
}