{
    "Overall": {
        "samples": {
            "DominantAssumption": {
                "R0h1R1h1": 42,
                "R0h0R1h0": 0
            },
            "General": {
                "R0h1R1h1": 50,
                "R0h0R1h0": 50
            },
            "RelaxedDominantAssumption": {
                "R0h1R1h1": 33,
                "R0h0R1h0": 0
            },
            "Basic": {
                "R0h1R1h1": 0,
                "R0h0R1h0": 0
            },
            "Basic_timeAvg": {
                "R0h1R1h1": 34,
                "R0h0R1h0": 0
            }
        }
    },
    "PerTrafficStream": {},
    "ANOVA": {
        "samples": 48,
        "groundtruth": 7
    },
    "Kruskal": {
        "samples": 45,
        "groundtruth": 37
    },
    "EndToEndMean": {
        "R0h1R1h1": [
            268670249.41234344,
            250392689.56857142,
            246810626.6522906,
            244923448.53627083,
            263054718.019224,
            245109176.93684965,
            256721896.1163617,
            251869163.52604446,
            251269927.8325062,
            260326979.61804086,
            256055889.02837884,
            241964812.8240774,
            251023759.75088903,
            265221856.87966222,
            248976041.86029935,
            254556339.33173078,
            248045713.15114424,
            270096361.3466502,
            256980385.4010251,
            248430714.75381377,
            260273163.08507222,
            243495364.69810984,
            258440246.7163385,
            247166150.7097469,
            245322628.0844214,
            255893717.28395283,
            257727159.51729587,
            267332357.14853072,
            259587004.5021819,
            258046371.17491573,
            253892890.2646324,
            255037639.2767889,
            252909315.02383494,
            256972614.79929078,
            264022737.91351447,
            236240236.98846495,
            251410186.81099963,
            249325468.6135761,
            246378279.7586821,
            273094700.4493783,
            256559250.01845548,
            245587371.2635135,
            261107418.56203985,
            250788631.56744185,
            259365631.6138508,
            243884674.41178557,
            257372975.866536,
            248291968.00715435,
            243472053.36120996,
            244099288.43287817
        ],
        "R0h0R1h0": [
            273881012.0130465,
            252095395.95916376,
            248580585.41407868,
            248556729.81515276,
            265791154.973466,
            248874783.5193647,
            255579131.60192683,
            249776403.23639643,
            252150145.90150782,
            257720435.493881,
            255111734.95930967,
            246951426.45324838,
            249694029.22313705,
            268160477.04941538,
            249215567.66917923,
            256113375.6568968,
            253283230.8322213,
            274653712.14253867,
            258192451.42948452,
            246974546.22859144,
            263257875.703565,
            246631840.6675411,
            258372550.82516798,
            251377038.15339968,
            246581568.09568846,
            255225197.5710723,
            260268645.88510102,
            265839999.83089566,
            254967132.4433621,
            258234499.3400277,
            254678811.4107118,
            255567858.19281638,
            252088223.359362,
            258330433.1592664,
            263845991.20152038,
            237853279.4175885,
            250900256.49881035,
            247891157.36746064,
            246348942.0312891,
            278950483.5984701,
            259118016.7865509,
            244849937.70022246,
            261519648.82851613,
            251067405.1564654,
            258803516.1027972,
            247489775.53225806,
            261188200.28454608,
            251459305.5214046,
            242668493.30229965,
            243862520.4189359
        ]
    },
    "EndToEndStd": {
        "R0h1R1h1": [
            90598439.43775287,
            89281218.99188735,
            87019505.23442125,
            86412864.65311457,
            90429190.78018281,
            88200934.2156844,
            91010990.05950825,
            92576602.21130633,
            90154814.61426523,
            91557393.55208655,
            93447764.02400737,
            84476908.80269997,
            89196715.08912694,
            92739065.69520386,
            89030529.30917248,
            91664109.11479247,
            89530568.77560025,
            93177780.70088592,
            92402734.03354643,
            86242732.85054025,
            88385542.34159349,
            85150780.79253434,
            94817621.42052296,
            88116976.43606426,
            84670232.49442255,
            87089126.7300487,
            89981026.09931827,
            91294699.1189305,
            90778524.27775808,
            94018838.59025027,
            92086264.77578875,
            90161356.99021614,
            93167427.47716379,
            87665684.304917,
            90293493.53640655,
            85370295.38610834,
            92748359.50359909,
            87554324.4879896,
            90923980.65317765,
            94812427.54527052,
            88098504.64240943,
            86247271.35431013,
            90609970.93640105,
            89715358.68361574,
            91650152.55140798,
            86355523.28151658,
            88215066.46100597,
            84770718.52683058,
            82423470.38103442,
            86499448.22537124
        ],
        "R0h0R1h0": [
            95057335.34369451,
            91023020.79644836,
            85785650.89251493,
            89134059.66653134,
            93096125.59445201,
            89878811.13949102,
            88782804.30486333,
            89142748.01433563,
            91717747.0428778,
            88893128.23859395,
            92003840.3282722,
            89915562.69701616,
            88098757.17686026,
            95644111.0809724,
            88113381.93329296,
            92458667.94364378,
            94369202.34121847,
            96267660.82375501,
            93178873.27420786,
            83985681.201092,
            88143825.24476464,
            87487403.58681428,
            93043962.89350486,
            92138155.57843336,
            85692313.61147161,
            84747202.86067453,
            93505887.82696755,
            89279076.66327608,
            85889057.41257276,
            93009059.3528842,
            90267947.48882192,
            89265175.72216313,
            89393865.48391956,
            87152581.10908894,
            88446688.81797832,
            86475236.07593575,
            91015317.6136328,
            85565518.19908048,
            89218783.25709303,
            99391674.72363803,
            87182794.87773718,
            83873929.81464593,
            89105817.1640036,
            87288026.46626842,
            91407986.46312036,
            89288631.47646102,
            91750190.51855509,
            87271936.14159292,
            81286723.42576912,
            85454110.61186546
        ]
    },