{
    "Overall": {
        "samples": {
            "DominantAssumption": {
                "R0h1R1h1": 41,
                "R0h0R1h0": 2
            },
            "General": {
                "R0h1R1h1": 50,
                "R0h0R1h0": 50
            },
            "RelaxedDominantAssumption": {
                "R0h1R1h1": 33,
                "R0h0R1h0": 2
            },
            "Basic": {
                "R0h1R1h1": 0,
                "R0h0R1h0": 0
            },
            "Basic_timeAvg": {
                "R0h1R1h1": 37,
                "R0h0R1h0": 2
            }
        }
    },
    "PerTrafficStream": {},
    "ANOVA": {
        "samples": 48,
        "groundtruth": 7
    },
    "Kruskal": {
        "samples": 49,
        "groundtruth": 35
    },
    "EndToEndMean": {
        "R0h1R1h1": [
            267988647.53580248,
            257065386.01084638,
            257337715.2621497,
            263185139.9104424,
            257870492.89998242,
            251706997.97680596,
            254885317.351313,
            245558832.98772678,
            252857640.72166047,
            250638384.38150904,
            250183867.8408806,
            255652909.40788773,
            256439549.4500535,
            249633274.73077607,
            257647470.73997873,
            256135547.27995044,
            256431742.48750222,
            254397475.15583953,
            262066603.61378458,
            257008324.02452365,
            262937290.23279676,
            246446201.69056132,
            253908187.54410726,
            256194938.2573324,
            247001977.41055977,
            261187227.72937,
            249505300.79541007,
            247235606.92405975,
            253407102.33652312,
            245576495.66827267,
            248947505.4951215,
            256295853.98230863,
            243809199.79314587,
            259750796.78843442,
            249561983.78329772,
            249840502.0957014,
            245605750.00608993,
            250210426.3191298,
            262472894.9925677,
            259582010.37451872,
            249201271.54019696,
            256645261.22557598,
            252471611.9080419,
            258764653.60718095,
            258053452.2149053,
            253000878.9676398,
            257476076.724589,
            263112924.68279284,
            259535643.89423585,
            245636347.0897598
        ],
        "R0h0R1h0": [
            269605766.3421089,
            259563931.1695874,
            260010557.74040475,
            266115531.78645107,
            258025479.0840011,
            252887744.14323533,
            259715715.72382396,
            246788588.7076923,
            249209916.22859553,
            250085095.30418462,
            248151646.57307747,
            257246437.88797775,
            256176942.11864406,
            252556610.7142463,
            258591973.7557527,
            256952319.6570271,
            255167355.06368354,
            253107717.69471323,
            265669766.95357487,
            256636746.2703379,
            263932215.91790733,
            246381953.48617318,
            254791087.32750174,
            257108812.18778563,
            246369376.09051844,
            260415563.46355686,
            252683476.3011981,
            251308154.75584593,
            255701044.805875,
            247570569.40560308,
            249277048.46944982,
            256542778.95287517,
            243667729.9462862,
            263338720.28261173,
            251010627.5524938,
            248973473.9202838,
            247485517.2635659,
            253536326.46229964,
            265128255.99775407,
            258284740.77621108,
            249201607.12414658,
            260478941.926711,
            252028481.05416667,
            257794605.80848134,
            256670188.8954627,
            250769401.23708335,
            257004915.94288114,
            261278859.49720672,
            258811746.47935268,
            248638524.33019522
        ]
    },
    "EndToEndStd": {
        "R0h1R1h1": [
            88675632.21302779,
            90156226.8818319,
            89395284.83248414,
            87968102.88407448,
            88225062.76092042,
            88718242.94436546,
            88094694.94824478,
            86808268.70750487,
            90142500.1264987,
            88387641.08520003,
            90126025.58378653,
            85902295.60833442,
            90251147.41120094,
            86078563.05854517,
            90552857.16376364,
            91018624.30794318,
            89919797.33200723,
            89906837.75269489,
            90057941.67117424,
            91157360.63862707,
            89187483.63040298,
            86120626.61226904,
            90402847.73470692,
            88194820.9159488,
            86323895.99878088,
            92249597.02627209,
            86674426.30721088,
            91147356.48981105,
            90869791.57207973,
            88187884.76280096,
            88494091.68115035,
            90025373.60638542,
            82569079.60891353,
            92527161.67386582,
            90061773.88213795,
            91273109.32563768,
            85227664.40052082,
            89787022.93595593,
            92205729.19251578,
            88239716.33911157,
            90657466.49908826,
            90708532.02777599,
            89004275.18358521,
            89956428.66939242,
            92469109.66280796,
            89792330.55828576,
            90901598.77243742,
            91704596.81840433,
            90316972.43173417,
            85653128.74328233
        ],
        "R0h0R1h0": [
            88363481.41893001,
            91295818.72935535,
            90845708.02287515,
            89790907.9072512,
            86744736.31234336,
            88356357.51439571,
            91516791.64986646,
            85433313.33334965,
            86172286.86884259,
            86324573.20456362,
            85838377.22931373,
            87387120.53036484,
            88200847.43510213,
            87783432.72204317,
            89545756.96477346,
            92946842.9550024,
            88557684.18964174,
            87219013.58080916,
            90504609.98474404,
            89464559.379752,
            90109727.8440623,
            83938988.81547914,
            89711788.69390857,
            88901106.72816145,
            84709074.6080517,
            90610380.8559294,
            88199462.61296275,
            93334611.90894336,
            91096821.73550195,
            87697571.10743412,
            88659429.83841513,
            88921914.39335606,
            82337687.07101253,
            95904073.11004524,
            88842154.40897709,
            89685946.24516293,
            85054194.5138676,
            91475198.77663164,
            94863416.56748258,
            86237437.40026867,
            88962013.1613522,
            94309766.52683643,
            87799849.85404757,
            87435300.32180646,
            90854534.60751939,
            86887616.11507264,
            90628221.03896563,
            88944529.57887763,
            89120645.84022875,
            85936576.10552602
        ]
    },