{
    "Overall": {
        "samples": {
            "DominantAssumption": {
                "R0h1R1h1": 0,
                "R0h0R1h0": 0
            },
            "General": {
                "R0h1R1h1": 1,
                "R0h0R1h0": 1
            },
            "RelaxedDominantAssumption": {
                "R0h1R1h1": 0,
                "R0h0R1h0": 0
            }
        }
    },
    "PerTrafficStream": {},
    "ANOVA": {
        "samples": 1,
        "groundtruth": 1
    },
    "Kruskal": {
        "samples": 1,
        "groundtruth": 1
    },
    "EndToEndMean": {
        "R0h1R1h1": [
            400330297.09260684
        ],
        "R0h0R1h0": [
            396318574.3328839
        ]
    },
    "EndToEndStd": {
        "R0h1R1h1": [
            162047196.0948443
        ],
        "R0h0R1h0": [
            156942894.0668203
        ]
    },
    "EndToEndSkew": {
        "R0h1R1h1": [
            0.41230484731934647
        ],
        "R0h0R1h0": [
            0.4742461462952987
        ]
    },
    "DropRate": [
        0.0
    ],
    "T0std": [
        153658408.49110126
    ],
    "T1std": {
        "R0h1R1h1": [
            1736167.1049262634
        ],
        "R0h0R1h0": [
            3492193.882032016
        ]
    },
    "T0Ineq": {
        "R0h1R1h1": 0,
        "R0h0R1h0": 0
    },
    "T0IneqMaxEpsilon": {
        "R0h1R1h1": 1,
        "R0h0R1h0": 1
    },
    "T0IneqRemovedZeroes": {
        "R0h1R1h1": 0,
        "R0h0R1h0": 0
    },
    "T1Ineq": {
        "R0h1R1h1": 0,
        "R0h0R1h0": 0
    },
    "T1IneqMaxEpsilon": {
        "R0h1R1h1": 0,
        "R0h0R1h0": 0
    },
    "T1IneqRemovedZeroes": {
        "R0h1R1h1": 0,
        "R0h0R1h0": 0
    },
    "experiments": 1
}