{
    "Overall": {
        "samples": {
            "DominantAssumption": {
                "R0h1R1h1": 0,
                "R0h0R1h0": 0
            },
            "General": {
                "R0h1R1h1": 10,
                "R0h0R1h0": 10
            },
            "RelaxedDominantAssumption": {
                "R0h1R1h1": 0,
                "R0h0R1h0": 0
            }
        }
    },
    "PerTrafficStream": {},
    "ANOVA": {
        "samples": 10,
        "groundtruth": 1
    },
    "Kruskal": {
        "samples": 10,
        "groundtruth": 4
    },
    "EndToEndMean": {
        "R0h1R1h1": [
            250268659.35588706,
            252123178.88769773,
            245173763.89782184,
            247889486.78929466,
            254854053.8448489,
            264613651.94748124,
            257038924.20388007,
            261833859.09288195,
            261798580.86650142,
            250487103.13329792
        ],
        "R0h0R1h0": [
            248829981.91601887,
            250178510.4466006,
            248667758.7557591,
            250982070.76029494,
            253266934.59238228,
            266912674.01063085,
            258750495.19252953,
            259691457.04420432,
            260500856.19678545,
            253177354.3594944
        ]
    },
    "EndToEndStd": {
        "R0h1R1h1": [
            88674923.54875341,
            90035886.2302102,
            85545025.87138632,
            91118318.72102208,
            88720835.07535128,
            92368254.12923267,
            91674763.43954517,
            91058218.48432027,
            94923216.8579618,
            84948561.45308083
        ],
        "R0h0R1h0": [
            86190764.94721092,
            87043562.84891525,
            90342964.63480806,
            92128116.23501547,
            85834888.43435733,
            94317810.88085286,
            93197843.21486618,
            88589788.91869643,
            92072365.33881064,
            87111045.07984018
        ]
    },
    "EndToEndSkew": {
        "R0h1R1h1": [
            0.7093072992928814,
            0.7297383271685375,
            0.6719303932533434,
            0.7222546787658514,
            0.664701143218347,
            0.49079378675230473,
            0.6337756294218162,
            0.5608802574347798,
            0.49049750791432567,
            0.6202665269833604
        ],
        "R0h0R1h0": [
            0.7644359431446576,
            0.8047074578392519,
            0.815027195085007,
            0.7468599717487744,
            0.7472779370543966,
            0.556843432465985,
            0.718911757696005,
            0.6177511766215379,
            0.5394078443056685,
            0.6805199125020925
        ]
    },
    "DropRate": [
        0.003412009053389803,
        0.002432368862401478,
        0.0,
        0.0033493448739710372,
        0.004008296380829492,
        0.0044152356709398575,
        0.0031815823358535738,
        0.0034973853476965304,
        0.004226908368768356,
        0.0018098401889721635
    ],
    "T0std": [
        82291309.46632153,
        83225970.89706579,
        79599039.06027585,
        85929590.9464495,
        82101406.93021238,
        86957202.93189295,
        85490356.02719796,
        85239618.62566034,
        89456169.68214428,
        79255613.07846902
    ],
    "T1std": {
        "R0h1R1h1": [
            1922035.3617409905,
            2414402.6539901425,
            2115692.452432531,
            1472654.6896152387,
            2167846.621099502,
            1588118.4686360713,
            2100923.935826689,
            2968192.887823422,
            1991071.608604067,
            1981748.627781403
        ],
        "R0h0R1h0": [
            5757405.770915028,
            6068709.535975242,
            12752908.910767136,
            9174752.801111704,
            6540246.231020291,
            11314282.034107232,
            11736925.309670882,
            5194072.465015772,
            5434387.810018194,
            9038884.311089631
        ]
    },
    "T0Ineq": {
        "R0h1R1h1": 0,
        "R0h0R1h0": 0
    },
    "T0IneqMaxEpsilon": {
        "R0h1R1h1": 10,
        "R0h0R1h0": 10
    },
    "T0IneqRemovedZeroes": {
        "R0h1R1h1": 0,
        "R0h0R1h0": 0
    },
    "T1Ineq": {
        "R0h1R1h1": 0,
        "R0h0R1h0": 0
    },
    "T1IneqMaxEpsilon": {
        "R0h1R1h1": 0,
        "R0h0R1h0": 0
    },
    "T1IneqRemovedZeroes": {
        "R0h1R1h1": 0,
        "R0h0R1h0": 0
    },
    "experiments": 10
}