{
    "Overall": {
        "samples": {
            "DominantAssumption": {
                "R0h1R1h1": 39,
                "R0h0R1h0": 0
            },
            "General": {
                "R0h1R1h1": 50,
                "R0h0R1h0": 50
            },
            "RelaxedDominantAssumption": {
                "R0h1R1h1": 28,
                "R0h0R1h0": 0
            },
            "Basic": {
                "R0h1R1h1": 0,
                "R0h0R1h0": 0
            },
            "Basic_timeAvg": {
                "R0h1R1h1": 34,
                "R0h0R1h0": 0
            }
        }
    },
    "PerTrafficStream": {},
    "ANOVA": {
        "samples": 46,
        "groundtruth": 11
    },
    "Kruskal": {
        "samples": 46,
        "groundtruth": 39
    },
    "EndToEndMean": {
        "R0h1R1h1": [
            247489374.3736459,
            252712487.45787996,
            257746965.06206527,
            265406065.42511907,
            255652637.27593508,
            250413491.6561722,
            254153435.0893815,
            253455586.96069324,
            271463066.7892511,
            252908903.2983134,
            263674806.65378562,
            262473624.99643683,
            247374315.67004445,
            248797149.1219166,
            251912751.13667667,
            248133222.08331868,
            249321611.2929111,
            244530158.2496408,
            252359366.9372914,
            244647217.20461756,
            260213901.2146006,
            257049725.60063392,
            250916932.12131438,
            256934906.08894446,
            250954700.86314675,
            250313459.1721137,
            248887428.09661835,
            244553783.11387458,
            249715239.91268006,
            252736081.01924774,
            247319975.485894,
            248529341.3647059,
            260882170.13174182,
            260368974.05047095,
            246306946.6635681,
            252234946.07888588,
            244930240.92287233,
            253734968.51299515,
            243706089.80786335,
            251568513.28011355,
            253916070.87462047,
            245217249.89045936,
            249249006.21328798,
            257012573.7978026,
            254500313.7373593,
            249943116.9890935,
            251255336.1854552,
            250445144.10136694,
            261299678.9023653,
            242432003.55518216
        ],
        "R0h0R1h0": [
            249450154.1908524,
            252331644.88518208,
            258010591.21474004,
            264291339.8815021,
            256467249.6469447,
            251215987.5783866,
            254454977.1209464,
            257230559.0964104,
            271417329.4344559,
            252155699.7010453,
            263040384.3648367,
            264595863.01362136,
            251387499.45368722,
            248394259.71404564,
            251532538.6607954,
            247822113.89409965,
            251235748.98175332,
            249047281.0544644,
            255223501.7256882,
            248178290.4307054,
            256111211.58011663,
            261151907.9549186,
            253558888.84947282,
            260143431.26659322,
            249180071.52250382,
            249987826.87634408,
            250849000.47673446,
            244980041.2916724,
            249234121.37616205,
            251752861.81254318,
            251884618.13369057,
            248487280.57063788,
            262569536.12629256,
            264932988.8503364,
            246409817.36599225,
            255271355.72431764,
            244841256.89034483,
            258819869.06910908,
            244971515.04459572,
            249839398.26748058,
            256548454.58954608,
            241145437.38416827,
            251653418.0133352,
            255944285.87447464,
            254947469.65743563,
            251384195.82174096,
            250264200.09148878,
            250136115.64199585,
            262631555.68467337,
            243700363.3432233
        ]
    },
    "EndToEndStd": {
        "R0h1R1h1": [
            91331428.69153735,
            86973903.89714281,
            89526324.61873871,
            89753831.21150568,
            91248424.00712176,
            89265707.66380975,
            89828905.96077046,
            89632241.34278743,
            93075541.13146397,
            87675895.32578644,
            92534077.94561666,
            90198905.04942483,
            85732160.92217088,
            88079005.66956109,
            93135912.81560458,
            87114501.37541653,
            87865335.37376904,
            84285270.55398454,
            91308186.50144643,
            85949962.09768856,
            93582633.20509209,
            89843709.80606273,
            89554269.45269533,
            91123102.89293414,
            86282774.56021127,
            88171406.7798053,
            88919319.7430921,
            85828808.2445069,
            87180383.74537872,
            85659684.79040328,
            88022013.84539211,
            87917599.8705417,
            92790874.28841826,
            91735374.10450384,
            90251275.84564018,
            86431688.32808782,
            87767867.17076707,
            90466109.13733673,
            86071626.76828738,
            91763221.09093812,
            92762752.83071725,
            92744349.7142243,
            92505423.30716728,
            89677897.72402838,
            90829403.84210162,
            87366805.22800583,
            92281427.34918125,
            84909311.80440027,
            94401050.13586771,
            86385740.23914875
        ],
        "R0h0R1h0": [
            92557578.5461816,
            85637053.43090771,
            86444862.33609667,
            87637124.5605651,
            91821152.86083336,
            90474218.82216983,
            89359710.41811661,
            92385915.69150549,
            92142271.01753227,
            86989466.55683818,
            91939775.93344814,
            91165610.59203213,
            89463233.05186342,
            87362905.79262936,
            90853382.47534846,
            87697060.5137912,
            87196195.61490121,
            87350668.3332729,
            94688825.05076917,
            88841858.8999753,
            89727727.68177113,
            93916038.35174258,
            89978410.31062445,
            92092701.01590098,
            82632384.79683904,
            87059420.58569081,
            88286939.37997575,
            83954390.76540448,
            85766696.46918121,
            83488747.22668196,
            90823104.73672602,
            86444930.66484326,
            91919959.81262405,
            94669870.24223897,
            87389658.29603235,
            86991006.90710427,
            85561166.10146075,
            94644063.72256342,
            86492222.14154682,
            87284280.99180537,
            92965321.4913362,
            87338306.23570289,
            95015191.74750449,
            87887874.39727648,
            88872280.61248675,
            88548404.47998188,
            90068558.44873817,
            84332297.81768447,
            94395394.58411603,
            86202987.58370636
        ]
    },