{
    "Overall": {
        "samples": {
            "DominantAssumption": {
                "R0h1R1h1": 97,
                "R0h0R1h0": 46
            },
            "General": {
                "R0h1R1h1": 100,
                "R0h0R1h0": 100
            }
        }
    },
    "PerTrafficStream": {
        "samples": {
            "DominantAssumption": {
                "R0h1R1h1": 100,
                "R0h0R1h0": 100
            },
            "General": {
                "R0h1R1h1": 100,
                "R0h0R1h0": 100
            }
        }
    },
    "ANOVA": 11,
    "Kruskal": 9,
    "EndToEndMean": {
        "R0h1R1h1": 440949205.8251164,
        "R0h0R1h0": 560210712.5895703
    },
    "EndToEndStd": {
        "R0h1R1h1": 462879183.4581482,
        "R0h0R1h0": 664518114.2798499
    },
    "EndToEndSkew": {
        "R0h1R1h1": 1.906287161784266,
        "R0h0R1h0": 2.253993790373342
    },
    "experiments": 100
}