{
    "Overall": {
        "samples": {
            "DominantAssumption": {
                "R0h1R1h1": 80,
                "R0h0R1h0": 65
            },
            "General": {
                "R0h1R1h1": 100,
                "R0h0R1h0": 100
            }
        }
    },
    "PerTrafficStream": {
        "samples": {
            "DominantAssumption": {
                "R0h1R1h1": 100,
                "R0h0R1h0": 100
            },
            "General": {
                "R0h1R1h1": 100,
                "R0h0R1h0": 100
            }
        }
    },
    "ANOVA": 100,
    "Kruskal": 100,
    "EndToEndMean": {
        "R0h1R1h1": [
            419454639.10578996,
            436880216.1489389,
            417414848.2556544,
            416500040.4962242,
            410451354.1135784,
            425633784.9404201,
            428726606.04498094,
            421210065.57483894,
            429359058.64620477,
            432151194.6348372,
            405232948.18562573,
            423321203.0575823,
            431099978.8214149,
            423081188.74020225,
            404873700.40991735,
            405827111.03774786,
            437334054.40188104,
            439318858.25632507,
            415962037.232969,
            426264801.06182796,
            413195594.55579674,
            418302392.63783437,
            404814585.3346913,
            427522333.23140705,
            419757198.37209004,
            417861108.5198625,
            422748112.41608524,
            403404645.8765432,
            405247761.45671,
            409446245.108029,
            422972117.33048576,
            426236236.5243546,
            437955286.3482314,
            411514729.7550602,
            420877825.0735219,
            413830084.0708471,
            412194493.6136594,
            414438406.0458774,
            417603086.80446213,
            429154944.69399947,
            410634768.69748217,
            433677618.84298044,
            407746105.09274554,
            410173552.6105263,
            437174503.27647954,
            427130928.6963151,
            410013118.4602107,
            411895794.1565174,
            418803189.9848581,
            439271934.04377234,
            414606620.6577704,
            426914483.7791247,
            411853517.1369374,
            441549686.5032671,
            430447404.77991587,
            434124434.8780395,
            419018602.98681706,
            410059139.3700396,
            416243797.5183632,
            426331249.6406369,
            409608436.4173148,
            423901952.20573616,
            415040439.4996826,
            413528328.992619,
            445991209.80801743,
            402930178.487003,
            423540826.71403104,
            425952904.36569536,
            408900844.6570085,
            425202101.6107152,
            418692340.4499241,
            415387129.19265586,
            415980927.7410521,
            436772851.721845,
            423587987.85181415,
            417644065.14736974,
            415372890.0882949,
            421111308.3216926,
            416633156.7105263,
            407307734.10334307,
            429926266.12957317,
            418018127.45317686,
            415179466.1841169,
            428206461.8140543,
            410311991.9296079,
            410036102.03559667,
            422500261.46509564,
            437098758.4808354,
            415177735.1339878,
            421184256.00924987,
            399674946.0188919,
            416382099.4421106,
            427927625.3202656,
            416977112.037188,
            410518335.0289818,
            412335069.4640722,
            425540157.21477795,
            418525967.8732555,
            412737709.7273538,
            410821540.451473
        ],
        "R0h0R1h0": [
            531121386.65349716,
            536823015.2132142,
            545774193.3394495,
            515846808.9479769,
            524782402.3752868,
            527446235.7120658,
            519036042.4552883,
            543843472.758837,
            542026631.9253389,
            525042867.7879411,
            541850504.4727627,
            540066451.4418284,
            521042526.40696734,
            513233473.12896574,
            515654222.56929785,
            515560653.0120717,
            509565526.87786436,
            515642348.43578297,
            521104608.8870167,
            544477569.5524931,
            525340723.2023741,
            516015750.5464718,
            521603827.0900818,
            513124773.53688294,
            533481928.870657,
            538253038.2932554,
            556764773.0160018,
            531523290.1734309,
            523232277.2580682,
            535267166.3688187,
            517487911.24300456,
            537925652.9894652,
            527858904.5350736,
            524243365.17695045,
            543668455.7187934,
            528628364.77955383,
            539751842.8031523,
            518657620.6410669,
            536821665.05356735,
            522058319.2320582,
            519141759.0427722,
            544359242.7362195,
            523666901.448898,
            532922949.67029816,
            518882714.7377181,
            531803698.4056712,
            530201908.2525195,
            515988279.0153318,
            550431516.633128,
            533194618.11211324,
            530522014.67683136,
            542928117.9278078,
            528525252.86464345,
            548917846.8087457,
            529789116.1132552,
            547298702.1937859,
            531760034.4350315,
            532587613.4543063,
            541526821.674721,
            526049368.31041235,
            512363249.9417765,
            530140597.7522327,
            548765129.7757223,
            524519518.95947486,
            533280880.28862774,
            523040386.39100504,
            527238246.48113316,
            525249163.1194269,
            520235669.2245811,
            526036597.47257286,
            541208478.6672404,
            531506424.62990505,
            531766590.43869996,
            525753162.83932054,
            505632510.0577763,
            531411344.1965871,
            527634232.56737834,
            542459434.8886093,
            546176417.3342893,
            534270428.49111676,
            512457018.37602925,
            530914922.4526461,
            517890637.69006985,
            527642621.33635116,
            517790622.63402593,
            512746239.83103406,
            530638398.84172004,
            515004702.628828,
            524031026.4276983,
            511054838.9074799,
            517062597.49403805,
            517119625.75069,
            514620721.2184816,
            560759212.9495933,
            531383218.54551715,
            537241548.9078479,
            513517130.99839616,
            532375490.7916188,
            536908401.2556074,
            545648981.484067
        ]
    },