{
    "Overall": {
        "samples": {
            "DominantAssumption": {
                "R0h1R1h1": 47,
                "R0h0R1h0": 1
            },
            "General": {
                "R0h1R1h1": 50,
                "R0h0R1h0": 50
            },
            "RelaxedDominantAssumption": {
                "R0h1R1h1": 35,
                "R0h0R1h0": 0
            },
            "Basic": {
                "R0h1R1h1": 0,
                "R0h0R1h0": 0
            },
            "Basic_timeAvg": {
                "R0h1R1h1": 38,
                "R0h0R1h0": 1
            }
        }
    },
    "PerTrafficStream": {},
    "ANOVA": {
        "samples": 49,
        "groundtruth": 8
    },
    "Kruskal": {
        "samples": 48,
        "groundtruth": 43
    },
    "EndToEndMean": {
        "R0h1R1h1": [
            256247907.0475687,
            261741351.6053059,
            258372886.7111111,
            256439554.90028188,
            258280486.99114102,
            262342339.57072484,
            261164694.71370825,
            251523837.25719836,
            255471900.3661473,
            244779243.93911964,
            256384687.43888202,
            261724353.70552585,
            252482739.5916331,
            251146653.96770164,
            258724667.6836357,
            251029457.49840426,
            256937711.4614029,
            254773228.60204083,
            253908805.99946856,
            252001066.7575168,
            257284519.4191255,
            248602449.9184322,
            248911287.57598433,
            249689581.37211382,
            252011966.1702693,
            247979372.43764412,
            251010597.92271042,
            263333045.42235917,
            256341762.54359066,
            250450860.2670194,
            256387698.41665205,
            258565209.12106016,
            245231002.5372975,
            249997473.9629761,
            248556210.30327868,
            258317817.81832656,
            255063430.28171775,
            266885778.02030638,
            270165525.6105394,
            253883895.87135965,
            248260877.46173194,
            260384813.24718112,
            256641863.1062167,
            256008444.34123138,
            252033560.7055409,
            247917053.96978906,
            242508515.90391776,
            259669238.06913012,
            255512742.2768271,
            254244047.8520975
        ],
        "R0h0R1h0": [
            254942633.13088277,
            267358623.5006213,
            261547107.33198267,
            254635037.64522418,
            262278804.73663804,
            263848971.07824165,
            260258223.5475195,
            250163704.55134457,
            254701296.31295064,
            243662454.01124218,
            257164049.13116345,
            262482786.8029855,
            248936078.53182203,
            253096120.22078636,
            259574872.22536775,
            251995824.5178596,
            257025784.43123868,
            258805168.91482255,
            253204809.92708042,
            253110578.7312474,
            257245049.87278807,
            248716811.05246356,
            250942833.42552602,
            251050832.89822453,
            252932581.63053373,
            247359242.07749793,
            251170943.05288932,
            264333860.34024036,
            256346622.99806604,
            249128331.77659127,
            255710143.7874705,
            262175205.68983662,
            246752483.18787044,
            250555357.65198606,
            247985723.06483546,
            258181570.44458422,
            255871265.85376906,
            267959851.3704685,
            270129639.10984266,
            255803536.53443527,
            251832866.99240437,
            262750923.39925477,
            256353840.87321997,
            256537595.4909267,
            252633643.92948008,
            249654507.3559486,
            242469426.8622796,
            260952103.6915423,
            257631292.5611691,
            260126308.03813735
        ]
    },
    "EndToEndStd": {
        "R0h1R1h1": [
            89687956.7526859,
            88285943.55157606,
            91239332.09965588,
            90780047.68354906,
            93800652.10974668,
            89058613.73437738,
            89004069.50461149,
            87326737.68796933,
            88806087.45379063,
            87960700.97087683,
            92530595.83530203,
            87952568.91784637,
            89438676.19324361,
            88398759.13086668,
            86961289.75278653,
            88960233.77360156,
            89549287.62455468,
            89648606.27518088,
            91920283.05423182,
            91894868.97364137,
            92776173.98176597,
            89078620.61223662,
            91529998.11746484,
            90169965.93731338,
            85265982.24918713,
            87878396.7980049,
            90381362.874118,
            87150523.6379585,
            92789372.00708705,
            86752514.28629602,
            89486613.75909607,
            88940952.22164616,
            83165886.31118669,
            88550953.72734249,
            88166992.01848178,
            89548963.20774014,
            90433378.83090742,
            93275393.99242045,
            93616063.02043766,
            90564674.39834994,
            84967845.39348482,
            90059956.40255219,
            91578280.56449176,
            89667440.18061058,
            90455191.69681452,
            87047763.67155628,
            88163482.77887736,
            88869451.90889207,
            85038197.80810714,
            92354817.11372331
        ],
        "R0h0R1h0": [
            87197897.83764435,
            92466419.17761204,
            92992562.32435063,
            87739123.33042547,
            96516215.0184797,
            88115310.51709856,
            86902381.7829742,
            86522409.83081023,
            87252486.46685594,
            86262899.52087122,
            91640643.5857196,
            88024517.92203027,
            86518977.97460924,
            89872724.05771105,
            86487979.4474725,
            88491666.344974,
            88863450.32420474,
            93383492.31678179,
            89636981.8889107,
            92645849.78473309,
            90732693.21414417,
            89529662.28324875,
            92846651.47973208,
            90733256.1189614,
            85366886.11561151,
            85496450.40561637,
            88598343.31107262,
            87393564.07100576,
            91200623.58281392,
            85462170.01302832,
            88950780.42605327,
            90505925.23966871,
            82844492.90401421,
            87893331.96318261,
            85467628.00228997,
            88774955.45747936,
            88241432.91975424,
            93104385.2619887,
            90917411.62493904,
            91044155.51229265,
            86285339.28990404,
            89524491.42403485,
            90195301.0941899,
            88197981.95901278,
            89429348.63993786,
            87593231.74991795,
            87301217.28096668,
            89215391.92634675,
            85456147.3782963,
            96813115.52855852
        ]
    },