{
    "Overall": {
        "samples": {
            "DominantAssumption": {
                "R0h1R1h1": 42,
                "R0h0R1h0": 1
            },
            "General": {
                "R0h1R1h1": 50,
                "R0h0R1h0": 50
            },
            "RelaxedDominantAssumption": {
                "R0h1R1h1": 38,
                "R0h0R1h0": 1
            },
            "Basic": {
                "R0h1R1h1": 0,
                "R0h0R1h0": 0
            },
            "Basic_timeAvg": {
                "R0h1R1h1": 40,
                "R0h0R1h0": 1
            }
        }
    },
    "PerTrafficStream": {},
    "ANOVA": {
        "samples": 49,
        "groundtruth": 5
    },
    "Kruskal": {
        "samples": 49,
        "groundtruth": 41
    },
    "EndToEndMean": {
        "R0h1R1h1": [
            249801748.39885736,
            250571670.7566014,
            249039557.68237993,
            242757199.95556346,
            256829907.89699876,
            247125875.27321717,
            261029840.83457053,
            249632206.68760034,
            246888876.32476804,
            262405922.67557588,
            258330584.15936112,
            254863283.7082814,
            255043394.31918687,
            243025738.11409032,
            248573189.85223064,
            251695842.45577264,
            256381040.29531854,
            267631897.4066714,
            264193136.57791066,
            255205779.6433666,
            256345653.69171482,
            260630026.15733522,
            244802210.57607725,
            257479431.8555635,
            240179639.09789586,
            253075513.81607142,
            253786360.43914124,
            252617664.24381253,
            253559177.34325185,
            251368031.54267856,
            242202852.3994695,
            251766764.1377698,
            248106817.84125045,
            261692704.014243,
            258929589.47884306,
            258464373.96092078,
            254566924.2699005,
            257774803.30933332,
            253719938.85886526,
            250729629.3990478,
            254760019.73340473,
            262450494.18921795,
            245744507.46743226,
            254476431.87108135,
            243523824.9954898,
            252120959.01873454,
            251270350.18012533,
            259722643.1136883,
            249457549.83162907,
            256447758.63863757
        ],
        "R0h0R1h0": [
            247602359.60586682,
            254455705.61044344,
            250257821.1322337,
            244123834.07423398,
            262602497.9791522,
            249128968.78741568,
            259709633.48815826,
            251223598.99972314,
            247267717.60063633,
            262061279.6563329,
            257168735.01900873,
            254830650.00983652,
            258702812.3015873,
            247440208.79963875,
            249093212.15538013,
            252144031.27437326,
            260031154.88268158,
            270863737.4005848,
            264980407.3995579,
            256339662.34684,
            257521669.1870021,
            260790902.75154063,
            246360764.3119064,
            258306285.976976,
            243552037.25383657,
            262172912.82943925,
            257028708.39855474,
            252612025.835053,
            251738540.411055,
            250898122.2346191,
            240005665.9627719,
            253957424.95949546,
            251234555.53044674,
            261399643.41729012,
            261572472.9688061,
            258900517.6965546,
            261145220.42605683,
            258168844.19122735,
            255471755.73513815,
            248875496.04450956,
            254720866.59850165,
            265357732.4159107,
            246113348.06840572,
            254391939.4589822,
            246047694.93602553,
            253924219.82815126,
            253003022.15485746,
            259429330.89135256,
            247824876.2274499,
            255300885.92237696
        ]
    },
    "EndToEndStd": {
        "R0h1R1h1": [
            91491994.65076694,
            88355359.66443624,
            83003671.49493302,
            90144102.0985084,
            89060892.41156347,
            88149095.23320004,
            93339152.47051956,
            87706690.23770185,
            86920209.12751281,
            91174086.17984685,
            88085163.88964397,
            91825250.27210075,
            90992827.50110328,
            86391737.14202258,
            88367815.26212785,
            92784086.76243798,
            89306683.77285416,
            94539862.3162919,
            90451879.60450879,
            87806016.75597861,
            85337226.66711876,
            89817338.35947801,
            88037446.46337657,
            93279475.7626693,
            83629613.19403534,
            90321333.86597912,
            86526393.28166151,
            87255703.13538173,
            90538599.98550037,
            84351301.08490103,
            86293712.20740633,
            91471133.31222154,
            84703329.92974512,
            88985534.8219089,
            91673902.7938554,
            94134922.72595316,
            89666708.15064134,
            95908876.68525673,
            89909373.86315638,
            92082489.11857948,
            91669416.80920103,
            90467303.31135693,
            91252237.54222456,
            89689702.79419674,
            85267305.27648923,
            88923882.02248669,
            90594820.173428,
            92573050.60467988,
            92936486.88131651,
            90561971.18363857
        ],
        "R0h0R1h0": [
            87630401.80347195,
            91637261.88017267,
            82772544.10609376,
            91198668.95202115,
            95000187.27202418,
            88424843.3426814,
            89775491.74923982,
            88117034.43374889,
            85019157.91955149,
            90125876.15708405,
            86290212.52237508,
            90540942.32885583,
            94766494.97284937,
            90930007.52708948,
            88209817.19968759,
            92536784.51071168,
            91009362.91271818,
            97396534.15548016,
            90715026.9166334,
            88396532.8078531,
            86308585.328575,
            89987158.67608531,
            87202237.31995265,
            92004753.99264406,
            86698808.18653534,
            98051045.0195637,
            89162459.02272792,
            85977077.06254336,
            87079384.93751587,
            82159103.66280788,
            82812685.93652934,
            92513851.71381754,
            89071492.87394704,
            87167121.47886333,
            93285248.35995336,
            92959517.92750876,
            94567275.39423326,
            93813734.9544733,
            90863064.53387137,
            90533940.66305353,
            90340364.09361196,
            91189101.27086408,
            90389189.14155276,
            88977088.95430993,
            86422132.79702485,
            91196660.11659658,
            90634292.2676831,
            91459434.7918516,
            89206281.30118054,
            87766683.77208798
        ]
    },