{
    "Overall": {
        "samples": {
            "DominantAssumption": {
                "R0h1R1h1": 50,
                "R0h0R1h0": 50
            },
            "General": {
                "R0h1R1h1": 50,
                "R0h0R1h0": 50
            },
            "RelaxedDominantAssumption": {
                "R0h1R1h1": 50,
                "R0h0R1h0": 50
            },
            "Basic": {
                "R0h1R1h1": 0,
                "R0h0R1h0": 0
            },
            "Basic_timeAvg": {
                "R0h1R1h1": 50,
                "R0h0R1h0": 50
            }
        }
    },
    "PerTrafficStream": {},
    "ANOVA": {
        "samples": 47,
        "groundtruth": 42
    },
    "Kruskal": {
        "samples": 47,
        "groundtruth": 10
    },
    "EndToEndMean": {
        "R0h1R1h1": [
            429685202.0714571,
            429203523.31763333,
            424004561.6278804,
            432865554.101841,
            419902762.0282156,
            416206337.5448632,
            420963682.9994279,
            431842868.2218344,
            429084701.91508514,
            425834886.91041625,
            401241358.88392687,
            427874612.38422686,
            419553910.0816208,
            419604169.671875,
            414186864.20158637,
            416508923.6045066,
            420985009.41461974,
            432482030.2117258,
            426429979.2395257,
            420931853.3512157,
            422087233.4445967,
            423417288.40869564,
            415288650.8433385,
            430156454.9643975,
            435814384.6489607,
            422688357.31860465,
            422597835.406376,
            416052064.92484343,
            411026599.3583804,
            414653896.4476098,
            429358397.56113577,
            410129129.70875293,
            418325198.23956126,
            420443665.40964556,
            422108962.81079,
            420546367.75985026,
            420747101.6379277,
            415866021.5098001,
            424204208.34101474,
            436211257.4755764,
            421614454.1216136,
            411625894.6234047,
            432363478.47727275,
            409361456.4437268,
            420099723.750098,
            403993363.90339273,
            407681557.1419103,
            419620301.6513834,
            418484983.8851563,
            433713181.8182541
        ],
        "R0h0R1h0": [
            432451023.8816699,
            428434825.2723174,
            422571183.2820982,
            432885459.6964313,
            420207216.4180183,
            416211847.6486038,
            419891759.63374114,
            433428208.7881766,
            427957033.9097233,
            424537860.6357951,
            400226554.80741644,
            428231720.22784424,
            421080409.33597136,
            421124527.92282623,
            412286430.36717683,
            416442121.136507,
            422691438.69214565,
            432176620.64855456,
            428002649.6250563,
            419951301.9025818,
            420947012.6559025,
            424338891.67071164,
            414837149.5939782,
            430475751.58089757,
            435707830.2349263,
            421832490.23545414,
            422063438.71144503,
            415559204.6766872,
            411548522.0364591,
            414706180.4866617,
            428614421.84869224,
            411366915.0713865,
            418567037.9452158,
            421090372.4043485,
            422646157.2738558,
            421360798.9516467,
            419769143.8300898,
            416857658.66499925,
            424837739.91200364,
            437396278.2913245,
            421207483.51167023,
            413422969.6785287,
            432849728.23134214,
            410329131.92701817,
            420274523.91523635,
            401248469.70867926,
            408778560.9013473,
            420664752.533802,
            419272230.48522764,
            436537676.51716673
        ]
    },
    "EndToEndStd": {
        "R0h1R1h1": [
            62644490.897470154,
            67602819.90385626,
            62337806.24934938,
            57925444.23144533,
            67434539.2715128,
            65701653.689563215,
            67104181.845487036,
            57435621.18030067,
            60995807.8007211,
            57361666.65215887,
            65937654.71422056,
            67412453.39786395,
            66165361.09934886,
            63780507.614972085,
            63857954.30828546,
            67276892.25269176,
            61021741.71939916,
            64831130.16191857,
            59862182.29026496,
            69551454.73377661,
            65662527.34919256,
            62221070.14217641,
            65267030.33671507,
            66214686.67443356,
            64562045.432499476,
            70849856.85968365,
            60757528.11119032,
            69768626.02870291,
            70517596.6124721,
            66042166.65713466,
            64993222.3404182,
            67772414.70376506,
            69667541.68682718,
            67297404.01592994,
            66812574.40765705,
            68854289.65616651,
            67183946.03550845,
            69128956.34962153,
            65665497.15227652,
            54560603.11947846,
            67376997.00564152,
            73304409.64104585,
            63918383.62832377,
            70586064.38847645,
            65365809.35248057,
            68279385.70383991,
            67888732.12951507,
            68884431.89821829,
            65825109.81223925,
            58796362.05861405
        ],
        "R0h0R1h0": [
            61436126.43900027,
            67221904.42086074,
            61573682.619304836,
            57384096.99169221,
            66238442.530850515,
            64015428.19732642,
            67369087.08460937,
            56631045.95546774,
            60104967.60622612,
            55904537.119958214,
            64093013.246002205,
            66205309.57726396,
            64654974.02668571,
            62872991.668494,
            62391809.50955614,
            65984267.514548525,
            59932501.387011714,
            63900623.747791015,
            59203137.36290343,
            68842743.73511347,
            64931496.31290917,
            61561953.94224602,
            63474065.07957734,
            65189227.47006774,
            63476329.64685898,
            69632347.34245189,
            60042306.42162019,
            68950606.84036504,
            69030945.29142182,
            64992163.16885539,
            63910496.068493396,
            66536902.073589645,
            68198305.65642495,
            66553457.50079687,
            65658115.10280668,
            67551036.17430048,
            65774373.373493716,
            68013685.65659638,
            64195707.99555201,
            53822034.20172363,
            66149355.659082465,
            71921943.99329957,
            62725854.7595844,
            69519184.36985265,
            64233993.43985953,
            66715688.58227633,
            66480703.280599155,
            66300135.33079536,
            64297821.99799218,
            57013031.009010285
        ]
    },