{
    "Overall": {
        "samples": {
            "DominantAssumption": {
                "R0h1R1h1": 50,
                "R0h0R1h0": 50
            },
            "General": {
                "R0h1R1h1": 50,
                "R0h0R1h0": 50
            },
            "RelaxedDominantAssumption": {
                "R0h1R1h1": 50,
                "R0h0R1h0": 50
            },
            "Basic": {
                "R0h1R1h1": 0,
                "R0h0R1h0": 0
            },
            "Basic_timeAvg": {
                "R0h1R1h1": 50,
                "R0h0R1h0": 50
            }
        }
    },
    "PerTrafficStream": {},
    "ANOVA": {
        "samples": 48,
        "groundtruth": 41
    },
    "Kruskal": {
        "samples": 47,
        "groundtruth": 22
    },
    "EndToEndMean": {
        "R0h1R1h1": [
            404276398.3814757,
            417008840.6025249,
            420732137.23010546,
            423305655.83342975,
            428787564.94870806,
            431581882.89223886,
            411532493.2668469,
            420277313.9658319,
            413274822.3605535,
            411419360.06642556,
            425572471.9686229,
            418015713.0117015,
            416563478.21975017,
            420105604.9527805,
            426615733.64705884,
            420288768.321808,
            421313790.0143328,
            417958244.3343762,
            410993554.17190534,
            426085575.22578794,
            424253870.32663023,
            418321924.8053509,
            416114189.7541048,
            425955572.32545525,
            425208807.48402435,
            397498942.6796754,
            409731617.2048941,
            427115352.78668195,
            416385567.7253286,
            411025091.1609417,
            430535019.9778518,
            432856668.49766535,
            412882660.9710173,
            418685420.8337817,
            400705835.26548505,
            420336870.51662755,
            421127009.95880735,
            416717929.5233353,
            438618830.04610276,
            434618964.81184053,
            399841402.5454719,
            414151962.52206314,
            423376654.0596505,
            430946137.81596154,
            416811574.9021448,
            427761148.64170706,
            413066657.199066,
            441279559.41526395,
            427588030.9087233,
            421024857.64297926
        ],
        "R0h0R1h0": [
            406708918.7614597,
            416943206.2195711,
            419832240.7799634,
            421041222.3900377,
            429645579.2905854,
            432979173.2803404,
            413344680.1748095,
            421948332.11371386,
            413241027.059471,
            409354910.6074921,
            424803725.10983634,
            416596338.28586644,
            418763932.75775194,
            418865100.3771837,
            426791267.8169507,
            419697220.14912415,
            423938071.4595594,
            419435471.9945881,
            410334048.02559495,
            424996260.5878109,
            422512909.2450151,
            418658015.0535147,
            417305187.01009494,
            426246956.1886765,
            425052141.19005406,
            397874526.2511642,
            410104530.54905516,
            428408306.4300045,
            417350475.36982465,
            410783993.2911469,
            434198649.62358207,
            434054987.5839362,
            413665271.0399054,
            418033500.2169168,
            398745842.9466524,
            420083279.8271305,
            422917438.3979151,
            417863867.3164462,
            439612495.9751693,
            437525034.5443918,
            399293148.2406288,
            416027166.3685936,
            423166521.90306044,
            432689750.89131397,
            416797693.3523666,
            426623982.66364986,
            414539493.091344,
            441461726.2800119,
            429648311.5799911,
            418750284.62774163
        ]
    },
    "EndToEndStd": {
        "R0h1R1h1": [
            67757064.6987904,
            64523947.78570836,
            64171960.254115604,
            67715494.05852857,
            59175313.11800527,
            65881569.84308051,
            68112964.74343319,
            63635836.12741026,
            61233040.77857206,
            70209533.74668759,
            63811005.12129429,
            64307407.179387055,
            70186492.31616327,
            68709467.50353742,
            68409596.02979802,
            64778400.2695812,
            67206472.89187045,
            68185667.54690923,
            74326033.23922017,
            60713055.619958274,
            62879188.57496076,
            62151504.41011621,
            66239399.07385862,
            69818232.73027161,
            64470846.06508105,
            77832082.76303953,
            63319605.240903996,
            66242653.76948373,
            65249887.008346885,
            66109784.3042324,
            71795597.88378881,
            62156148.19962569,
            68517537.71478684,
            70305212.78026596,
            76865615.13500941,
            67739838.24311246,
            64879410.65924536,
            69751997.91679968,
            63747107.54199364,
            65841961.234576955,
            68705967.3352205,
            69116899.41615677,
            64519302.33337831,
            61675343.82339252,
            71295283.6455183,
            64401962.03501288,
            72883953.94672221,
            62177019.515375964,
            63631982.631174006,
            65748727.06702961
        ],
        "R0h0R1h0": [
            66626610.612083666,
            63311962.44559912,
            62639491.77470665,
            67126759.04831141,
            58688728.21170561,
            65216127.2707066,
            66005872.41569832,
            63106203.627505496,
            60141421.13300186,
            69544845.2621263,
            63160811.91986387,
            63094831.50990773,
            69283301.33017398,
            66908757.90505792,
            67890384.20367686,
            64178069.79812134,
            66235649.47357336,
            66350362.076060124,
            72979268.24735741,
            59876479.01915956,
            62042929.733098865,
            61595865.8606812,
            65173485.1783017,
            69023794.73434523,
            64451320.69426908,
            76126485.33779424,
            62517027.31322409,
            65614262.17727979,
            64257608.73755654,
            64509006.16850624,
            70313713.00517537,
            60579849.01409697,
            67171989.39034486,
            69111539.69519703,
            75959900.27544533,
            66383292.80208474,
            63843258.91478816,
            68763146.78651127,
            62848636.80302478,
            64936097.9799938,
            67271602.42398271,
            68274022.2494292,
            63401478.98116185,
            61372682.907508805,
            69202829.49339055,
            63643912.22591941,
            71574658.227584,
            61602742.496067345,
            62530251.66892374,
            65464015.49292967
        ]
    },